interaction_id,user_id,product_id,interaction_type,timestamp
I0000001,U00237,P00191,view,2026-08-04 22:06:26
I0000002,U00959,P00248,view,2026-07-16 22:06:26
I0000003,U00339,P00148,cart,2026-05-31 22:06:26
I0000004,U00538,P00133,view,2026-07-29 22:06:26
I0000005,U00966,P00322,cart,2026-08-01 22:06:26
I0000006,U00408,P00093,view,2026-06-19 22:06:26
I0000007,U00219,P00025,cart,2026-05-27 22:06:26
I0000008,U00978,P00484,click,2026-05-28 22:06:26
I0000009,U00255,P00231,view,2026-08-08 22:06:26
I0000010,U00919,P00391,view,2026-08-11 22:06:26
I0000011,U00791,P00043,click,2026-08-10 22:06:26
I0000012,U00642,P00500,click,2026-06-21 22:06:26
I0000013,U00344,P00388,view,2026-07-05 22:06:26
I0000014,U00417,P00357,view,2026-05-22 22:06:26
I0000015,U00767,P00467,view,2026-06-13 22:06:26
I0000016,U00132,P00464,view,2026-07-07 22:06:26
I0000017,U00283,P00005,wishlist,2026-08-13 22:06:26
I0000018,U00940,P00177,view,2026-07-03 22:06:26
I0000019,U00616,P00099,view,2026-08-05 22:06:26
I0000020,U00805,P00171,view,2026-06-08 22:06:26
I0000021,U00739,P00273,view,2026-08-15 22:06:26
I0000022,U00916,P00406,cart,2026-08-01 22:06:26
I0000023,U00502,P00001,cart,2026-06-07 22:06:26
I0000024,U00752,P00396,click,2026-07-25 22:06:26
I0000025,U00012,P00161,view,2026-08-16 22:06:26
I0000026,U00983,P00207,cart,2026-06-29 22:06:26
I0000027,U00965,P00332,view,2026-06-26 22:06:26
I0000028,U00893,P00132,view,2026-06-02 22:06:26
I0000029,U00332,P00012,click,2026-05-27 22:06:26
I0000030,U00719,P00296,click,2026-07-20 22:06:26
I0000031,U00058,P00270,view,2026-08-03 22:06:26
I0000032,U00958,P00451,view,2026-05-23 22:06:26
I0000033,U00827,P00206,wishlist,2026-06-17 22:06:26
I0000034,U00857,P00317,click,2026-06-07 22:06:26
I0000035,U00648,P00264,click,2026-08-14 22:06:26
I0000036,U00030,P00034,cart,2026-05-27 22:06:26
I0000037,U00026,P00410,cart,2026-07-18 22:06:26
I0000038,U00881,P00225,view,2026-08-01 22:06:26
I0000039,U00632,P00392,view,2026-05-28 22:06:26
I0000040,U00692,P00495,wishlist,2026-05-27 22:06:26
I0000041,U00167,P00019,view,2026-06-10 22:06:26
I0000042,U00163,P00238,click,2026-07-22 22:06:26
I0000043,U00493,P00480,click,2026-08-04 22:06:26
I0000044,U00046,P00190,click,2026-07-26 22:06:26
I0000045,U00322,P00417,wishlist,2026-08-04 22:06:26
I0000046,U00357,P00158,view,2026-07-23 22:06:26
I0000047,U00272,P00387,view,2026-07-11 22:06:26
I0000048,U00981,P00425,click,2026-06-08 22:06:26
I0000049,U00358,P00081,wishlist,2026-06-28 22:06:26
I0000050,U00121,P00421,view,2026-06-27 22:06:26
I0000051,U00741,P00040,view,2026-06-23 22:06:26
I0000052,U00914,P00334,cart,2026-07-01 22:06:26
I0000053,U00626,P00085,cart,2026-05-31 22:06:26
I0000054,U00871,P00020,click,2026-08-09 22:06:26
I0000055,U00187,P00079,wishlist,2026-07-09 22:06:26
I0000056,U00975,P00456,view,2026-06-13 22:06:26
I0000057,U00113,P00245,view,2026-06-27 22:06:26
I0000058,U00856,P00264,purchase,2026-06-11 22:06:26
I0000059,U00538,P00234,wishlist,2026-06-18 22:06:26
I0000060,U00810,P00259,purchase,2026-08-05 22:06:26
I0000061,U00986,P00283,view,2026-06-15 22:06:26
I0000062,U00531,P00362,click,2026-06-15 22:06:26
I0000063,U00105,P00158,view,2026-05-23 22:06:26
I0000064,U00897,P00098,click,2026-06-19 22:06:26
I0000065,U00210,P00077,click,2026-07-30 22:06:26
I0000066,U00908,P00426,view,2026-05-23 22:06:26
I0000067,U00224,P00455,view,2026-06-25 22:06:26
I0000068,U00970,P00315,view,2026-07-16 22:06:26
I0000069,U00718,P00040,click,2026-08-15 22:06:26
I0000070,U00932,P00001,view,2026-05-28 22:06:26
I0000071,U00280,P00491,cart,2026-08-13 22:06:26
I0000072,U00572,P00064,view,2026-07-13 22:06:26
I0000073,U00742,P00411,view,2026-08-15 22:06:26
I0000074,U00402,P00439,view,2026-06-30 22:06:26
I0000075,U00483,P00188,view,2026-06-05 22:06:26
I0000076,U00485,P00305,click,2026-06-27 22:06:26
I0000077,U00604,P00456,view,2026-08-16 22:06:26
I0000078,U00004,P00283,view,2026-05-21 22:06:26
I0000079,U00137,P00058,purchase,2026-06-01 22:06:26
I0000080,U00257,P00447,view,2026-07-28 22:06:26
I0000081,U00767,P00171,click,2026-06-05 22:06:26
I0000082,U00038,P00413,cart,2026-07-24 22:06:26
I0000083,U00425,P00015,click,2026-06-18 22:06:26
I0000084,U00742,P00255,wishlist,2026-08-04 22:06:26
I0000085,U00772,P00266,purchase,2026-06-12 22:06:26
I0000086,U00616,P00401,view,2026-08-10 22:06:26
I0000087,U00593,P00092,view,2026-06-17 22:06:26
I0000088,U00279,P00032,view,2026-06-06 22:06:26
I0000089,U00626,P00457,click,2026-07-13 22:06:26
I0000090,U00180,P00431,view,2026-08-10 22:06:26
I0000091,U00563,P00062,click,2026-08-07 22:06:26
I0000092,U00534,P00281,click,2026-08-17 22:06:26
I0000093,U00957,P00308,view,2026-08-11 22:06:26
I0000094,U00317,P00279,cart,2026-07-01 22:06:26
I0000095,U00425,P00488,view,2026-07-26 22:06:26
I0000096,U00072,P00440,cart,2026-08-17 22:06:26
I0000097,U00054,P00484,view,2026-06-02 22:06:26
I0000098,U00508,P00074,purchase,2026-06-19 22:06:26
I0000099,U00253,P00220,view,2026-08-03 22:06:26
I0000100,U00288,P00293,view,2026-05-23 22:06:26
I0000101,U00491,P00167,click,2026-07-12 22:06:26
I0000102,U00768,P00023,view,2026-06-06 22:06:26
I0000103,U00272,P00368,view,2026-06-13 22:06:26
I0000104,U00800,P00102,view,2026-07-16 22:06:26
I0000105,U00224,P00362,view,2026-06-07 22:06:26
I0000106,U00706,P00090,view,2026-07-18 22:06:26
I0000107,U00856,P00142,wishlist,2026-08-14 22:06:26
I0000108,U00162,P00173,cart,2026-06-10 22:06:26
I0000109,U00602,P00450,cart,2026-08-17 22:06:26
I0000110,U00234,P00318,view,2026-06-18 22:06:26
I0000111,U00822,P00493,wishlist,2026-05-25 22:06:26
I0000112,U00967,P00106,view,2026-06-27 22:06:26
I0000113,U00132,P00199,wishlist,2026-07-07 22:06:26
I0000114,U00260,P00300,view,2026-07-24 22:06:26
I0000115,U00587,P00214,view,2026-06-25 22:06:26
I0000116,U00033,P00040,click,2026-07-25 22:06:26
I0000117,U00280,P00297,wishlist,2026-08-13 22:06:26
I0000118,U00639,P00181,click,2026-07-16 22:06:26
I0000119,U00854,P00206,purchase,2026-07-08 22:06:26
I0000120,U00532,P00468,click,2026-07-02 22:06:26
I0000121,U00780,P00005,view,2026-06-23 22:06:26
I0000122,U00480,P00190,view,2026-06-18 22:06:26
I0000123,U00702,P00461,cart,2026-08-07 22:06:26
I0000124,U00787,P00362,view,2026-07-14 22:06:26
I0000125,U00242,P00214,view,2026-06-21 22:06:26
I0000126,U00193,P00386,view,2026-08-11 22:06:26
I0000127,U00368,P00079,cart,2026-06-08 22:06:26
I0000128,U00419,P00267,cart,2026-06-10 22:06:26
I0000129,U00283,P00348,view,2026-07-05 22:06:26
I0000130,U00328,P00387,view,2026-06-10 22:06:26
I0000131,U00997,P00381,view,2026-06-11 22:06:26
I0000132,U00282,P00287,cart,2026-08-02 22:06:26
I0000133,U00762,P00075,wishlist,2026-05-25 22:06:26
I0000134,U00024,P00153,view,2026-07-30 22:06:26
I0000135,U00771,P00145,view,2026-08-13 22:06:26
I0000136,U00981,P00488,click,2026-08-10 22:06:26
I0000137,U00697,P00349,click,2026-06-25 22:06:26
I0000138,U00558,P00466,view,2026-08-09 22:06:26
I0000139,U00515,P00323,view,2026-07-19 22:06:26
I0000140,U00381,P00297,cart,2026-08-02 22:06:26
I0000141,U00790,P00280,cart,2026-06-19 22:06:26
I0000142,U00918,P00189,click,2026-06-27 22:06:26
I0000143,U00056,P00096,view,2026-06-20 22:06:26
I0000144,U00910,P00248,wishlist,2026-06-29 22:06:26
I0000145,U00336,P00340,view,2026-08-03 22:06:26
I0000146,U00447,P00385,click,2026-07-11 22:06:26
I0000147,U00987,P00195,view,2026-07-22 22:06:26
I0000148,U00070,P00149,view,2026-08-09 22:06:26
I0000149,U00359,P00169,click,2026-07-20 22:06:26
I0000150,U00548,P00318,view,2026-08-16 22:06:26
I0000151,U00525,P00036,click,2026-06-14 22:06:26
I0000152,U00860,P00284,view,2026-07-20 22:06:26
I0000153,U00569,P00468,cart,2026-06-17 22:06:26
I0000154,U00418,P00162,view,2026-06-03 22:06:26
I0000155,U00955,P00351,click,2026-07-28 22:06:26
I0000156,U00229,P00224,click,2026-08-17 22:06:26
I0000157,U01000,P00267,wishlist,2026-07-29 22:06:26
I0000158,U00530,P00156,view,2026-07-09 22:06:26
I0000159,U00521,P00310,view,2026-06-18 22:06:26
I0000160,U00968,P00037,view,2026-06-12 22:06:26
I0000161,U00945,P00094,view,2026-07-31 22:06:26
I0000162,U00574,P00086,wishlist,2026-07-24 22:06:26
I0000163,U00051,P00426,click,2026-08-03 22:06:26
I0000164,U00568,P00266,wishlist,2026-07-18 22:06:26
I0000165,U00715,P00172,view,2026-08-16 22:06:26
I0000166,U00579,P00063,click,2026-05-21 22:06:26
I0000167,U00979,P00475,wishlist,2026-06-03 22:06:26
I0000168,U00253,P00322,view,2026-06-07 22:06:26
I0000169,U00898,P00384,view,2026-06-29 22:06:26
I0000170,U00235,P00373,cart,2026-07-04 22:06:26
I0000171,U00379,P00012,purchase,2026-06-09 22:06:26
I0000172,U00234,P00041,click,2026-05-25 22:06:26
I0000173,U00690,P00077,view,2026-05-28 22:06:26
I0000174,U00069,P00138,view,2026-05-22 22:06:26
I0000175,U00132,P00054,wishlist,2026-08-16 22:06:26
I0000176,U00059,P00244,cart,2026-06-19 22:06:26
I0000177,U00936,P00051,view,2026-07-10 22:06:26
I0000178,U00534,P00312,view,2026-08-14 22:06:26
I0000179,U00997,P00326,wishlist,2026-07-18 22:06:26
I0000180,U00671,P00252,view,2026-07-12 22:06:26
I0000181,U00073,P00018,view,2026-08-14 22:06:26
I0000182,U00008,P00069,view,2026-07-07 22:06:26
I0000183,U00620,P00292,view,2026-05-22 22:06:26
I0000184,U00825,P00231,click,2026-07-29 22:06:26
I0000185,U00287,P00496,view,2026-07-08 22:06:26
I0000186,U00053,P00150,view,2026-07-20 22:06:26
I0000187,U00424,P00448,cart,2026-07-17 22:06:26
I0000188,U00003,P00157,click,2026-06-12 22:06:26
I0000189,U00248,P00009,click,2026-06-18 22:06:26
I0000190,U00697,P00069,click,2026-06-22 22:06:26
I0000191,U00223,P00119,view,2026-06-05 22:06:26
I0000192,U00880,P00197,view,2026-07-18 22:06:26
I0000193,U00596,P00347,click,2026-06-26 22:06:26
I0000194,U00218,P00339,click,2026-07-27 22:06:26
I0000195,U00242,P00047,cart,2026-06-22 22:06:26
I0000196,U00462,P00070,wishlist,2026-08-02 22:06:26
I0000197,U00881,P00035,view,2026-06-14 22:06:26
I0000198,U00062,P00122,wishlist,2026-08-14 22:06:26
I0000199,U00559,P00079,view,2026-06-14 22:06:26
I0000200,U00560,P00497,view,2026-06-18 22:06:26
I0000201,U00788,P00157,view,2026-08-06 22:06:26
I0000202,U00867,P00094,click,2026-07-19 22:06:26
I0000203,U00377,P00090,view,2026-06-26 22:06:26
I0000204,U00150,P00062,view,2026-08-06 22:06:26
I0000205,U00363,P00186,wishlist,2026-06-04 22:06:26
I0000206,U00120,P00416,view,2026-07-28 22:06:26
I0000207,U00480,P00247,click,2026-08-10 22:06:26
I0000208,U00004,P00295,view,2026-07-07 22:06:26
I0000209,U00481,P00300,cart,2026-07-18 22:06:26
I0000210,U00855,P00098,wishlist,2026-06-06 22:06:26
I0000211,U00039,P00499,view,2026-07-10 22:06:26
I0000212,U00166,P00482,click,2026-06-11 22:06:26
I0000213,U00846,P00487,view,2026-07-28 22:06:26
I0000214,U00964,P00198,view,2026-07-21 22:06:26
I0000215,U00995,P00290,cart,2026-06-28 22:06:26
I0000216,U00927,P00140,click,2026-06-14 22:06:26
I0000217,U00563,P00109,view,2026-08-14 22:06:26
I0000218,U00070,P00109,wishlist,2026-05-30 22:06:26
I0000219,U00898,P00497,wishlist,2026-05-21 22:06:26
I0000220,U00339,P00175,view,2026-07-03 22:06:26
I0000221,U00010,P00210,view,2026-06-29 22:06:26
I0000222,U00827,P00089,purchase,2026-06-30 22:06:26
I0000223,U00047,P00092,cart,2026-06-24 22:06:26
I0000224,U00049,P00340,view,2026-07-16 22:06:26
I0000225,U00749,P00281,click,2026-08-09 22:06:26
I0000226,U00200,P00436,click,2026-07-22 22:06:26
I0000227,U00297,P00397,wishlist,2026-07-05 22:06:26
I0000228,U00537,P00488,click,2026-08-11 22:06:26
I0000229,U00796,P00001,click,2026-08-11 22:06:26
I0000230,U00331,P00411,view,2026-05-26 22:06:26
I0000231,U00161,P00063,cart,2026-07-30 22:06:26
I0000232,U00895,P00486,click,2026-08-03 22:06:26
I0000233,U00527,P00181,view,2026-06-17 22:06:26
I0000234,U00290,P00251,click,2026-05-24 22:06:26
I0000235,U00075,P00073,view,2026-06-10 22:06:26
I0000236,U00688,P00429,view,2026-07-11 22:06:26
I0000237,U00084,P00395,click,2026-07-03 22:06:26
I0000238,U00648,P00203,wishlist,2026-08-13 22:06:26
I0000239,U00915,P00472,wishlist,2026-07-06 22:06:26
I0000240,U00969,P00100,view,2026-07-18 22:06:26
I0000241,U00360,P00095,click,2026-06-08 22:06:26
I0000242,U00936,P00009,view,2026-07-27 22:06:26
I0000243,U00055,P00206,click,2026-08-02 22:06:26
I0000244,U00196,P00080,click,2026-08-12 22:06:26
I0000245,U00002,P00208,view,2026-06-14 22:06:26
I0000246,U00848,P00003,view,2026-08-02 22:06:26
I0000247,U00874,P00238,purchase,2026-05-30 22:06:26
I0000248,U00930,P00297,view,2026-06-21 22:06:26
I0000249,U00532,P00431,cart,2026-05-23 22:06:26
I0000250,U00035,P00380,view,2026-06-01 22:06:26
I0000251,U00574,P00480,purchase,2026-08-07 22:06:26
I0000252,U00683,P00152,click,2026-07-18 22:06:26
I0000253,U00279,P00429,click,2026-06-18 22:06:26
I0000254,U00128,P00254,cart,2026-08-06 22:06:26
I0000255,U00441,P00385,wishlist,2026-05-26 22:06:26
I0000256,U00464,P00233,view,2026-06-10 22:06:26
I0000257,U00119,P00383,wishlist,2026-06-24 22:06:26
I0000258,U00400,P00416,click,2026-07-24 22:06:26
I0000259,U00291,P00342,view,2026-06-15 22:06:26
I0000260,U00347,P00493,click,2026-07-09 22:06:26
I0000261,U00782,P00407,view,2026-08-06 22:06:26
I0000262,U00022,P00453,cart,2026-07-12 22:06:26
I0000263,U00327,P00399,click,2026-07-17 22:06:26
I0000264,U00885,P00315,view,2026-07-11 22:06:26
I0000265,U00092,P00278,view,2026-07-03 22:06:26
I0000266,U00190,P00483,wishlist,2026-08-18 22:06:26
I0000267,U00786,P00017,view,2026-06-08 22:06:26
I0000268,U00315,P00389,purchase,2026-05-22 22:06:26
I0000269,U00238,P00349,cart,2026-07-24 22:06:26
I0000270,U00924,P00288,view,2026-06-18 22:06:26
I0000271,U00742,P00250,view,2026-06-24 22:06:26
I0000272,U00029,P00021,cart,2026-06-17 22:06:26
I0000273,U00070,P00304,view,2026-06-10 22:06:26
I0000274,U00106,P00333,view,2026-06-14 22:06:26
I0000275,U00473,P00143,view,2026-07-23 22:06:26
I0000276,U00608,P00427,purchase,2026-05-21 22:06:26
I0000277,U00510,P00013,click,2026-07-12 22:06:26
I0000278,U00727,P00183,view,2026-05-21 22:06:26
I0000279,U00043,P00008,view,2026-05-24 22:06:26
I0000280,U00297,P00229,click,2026-08-09 22:06:26
I0000281,U00321,P00105,view,2026-06-05 22:06:26
I0000282,U00004,P00489,cart,2026-08-17 22:06:26
I0000283,U00848,P00225,click,2026-06-17 22:06:26
I0000284,U00069,P00439,view,2026-05-29 22:06:26
I0000285,U00897,P00105,wishlist,2026-06-14 22:06:26
I0000286,U00506,P00255,view,2026-05-21 22:06:26
I0000287,U00081,P00007,wishlist,2026-07-11 22:06:26
I0000288,U00084,P00023,view,2026-06-24 22:06:26
I0000289,U00288,P00142,click,2026-07-06 22:06:26
I0000290,U00568,P00259,view,2026-08-03 22:06:26
I0000291,U00598,P00286,view,2026-08-10 22:06:26
I0000292,U00355,P00166,view,2026-07-03 22:06:26
I0000293,U00444,P00330,cart,2026-08-11 22:06:26
I0000294,U00514,P00179,view,2026-07-23 22:06:26
I0000295,U00428,P00326,wishlist,2026-06-03 22:06:26
I0000296,U00201,P00406,cart,2026-08-10 22:06:26
I0000297,U00039,P00467,view,2026-07-23 22:06:26
I0000298,U00552,P00314,click,2026-06-09 22:06:26
I0000299,U00667,P00405,view,2026-05-26 22:06:26
I0000300,U00864,P00049,purchase,2026-07-06 22:06:26
I0000301,U00194,P00443,cart,2026-08-14 22:06:26
I0000302,U00122,P00444,click,2026-06-02 22:06:26
I0000303,U00881,P00303,view,2026-08-14 22:06:26
I0000304,U00281,P00489,click,2026-07-05 22:06:26
I0000305,U00711,P00207,click,2026-07-31 22:06:26
I0000306,U00928,P00130,click,2026-05-21 22:06:26
I0000307,U00239,P00210,click,2026-07-22 22:06:26
I0000308,U00488,P00497,wishlist,2026-05-28 22:06:26
I0000309,U00637,P00104,view,2026-06-15 22:06:26
I0000310,U00260,P00409,view,2026-05-31 22:06:26
I0000311,U00059,P00354,view,2026-07-08 22:06:26
I0000312,U00832,P00148,view,2026-06-03 22:06:26
I0000313,U00724,P00320,click,2026-06-12 22:06:26
I0000314,U00351,P00267,click,2026-05-22 22:06:26
I0000315,U00589,P00092,view,2026-06-21 22:06:26
I0000316,U00732,P00427,cart,2026-06-27 22:06:26
I0000317,U00549,P00149,view,2026-07-11 22:06:26
I0000318,U00630,P00097,cart,2026-07-14 22:06:26
I0000319,U00863,P00029,click,2026-07-20 22:06:26
I0000320,U00092,P00175,view,2026-08-09 22:06:26
I0000321,U00836,P00331,view,2026-07-06 22:06:26
I0000322,U00930,P00045,click,2026-07-16 22:06:26
I0000323,U00875,P00377,view,2026-07-25 22:06:26
I0000324,U00737,P00430,click,2026-06-15 22:06:26
I0000325,U00620,P00059,purchase,2026-07-25 22:06:26
I0000326,U00822,P00407,click,2026-08-12 22:06:26
I0000327,U00423,P00051,click,2026-08-10 22:06:26
I0000328,U00413,P00355,view,2026-06-30 22:06:26
I0000329,U00772,P00441,click,2026-07-05 22:06:26
I0000330,U00973,P00358,view,2026-08-03 22:06:26
I0000331,U00645,P00178,wishlist,2026-06-01 22:06:26
I0000332,U00804,P00441,view,2026-07-04 22:06:26
I0000333,U00138,P00425,purchase,2026-07-14 22:06:26
I0000334,U00735,P00489,view,2026-06-10 22:06:26
I0000335,U00855,P00446,view,2026-05-26 22:06:26
I0000336,U00970,P00234,view,2026-07-02 22:06:26
I0000337,U00823,P00039,view,2026-07-26 22:06:26
I0000338,U00592,P00283,click,2026-06-20 22:06:26
I0000339,U00664,P00295,view,2026-05-29 22:06:26
I0000340,U00052,P00275,view,2026-07-18 22:06:26
I0000341,U00917,P00235,view,2026-07-31 22:06:26
I0000342,U00625,P00478,click,2026-08-12 22:06:26
I0000343,U00450,P00297,view,2026-07-02 22:06:26
I0000344,U00962,P00200,view,2026-07-21 22:06:26
I0000345,U00835,P00490,wishlist,2026-07-14 22:06:26
I0000346,U00726,P00324,cart,2026-07-28 22:06:26
I0000347,U00648,P00422,click,2026-07-14 22:06:26
I0000348,U00160,P00225,view,2026-06-20 22:06:26
I0000349,U00837,P00170,cart,2026-07-22 22:06:26
I0000350,U00359,P00074,wishlist,2026-08-18 22:06:26
I0000351,U00212,P00291,wishlist,2026-08-10 22:06:26
I0000352,U00438,P00463,cart,2026-06-21 22:06:26
I0000353,U00373,P00368,click,2026-07-20 22:06:26
I0000354,U00473,P00404,click,2026-07-30 22:06:26
I0000355,U00279,P00368,view,2026-06-19 22:06:26
I0000356,U00307,P00363,click,2026-06-11 22:06:26
I0000357,U00810,P00204,click,2026-05-27 22:06:26
I0000358,U00848,P00156,wishlist,2026-06-15 22:06:26
I0000359,U00102,P00254,view,2026-07-10 22:06:26
I0000360,U00598,P00215,click,2026-06-29 22:06:26
I0000361,U00413,P00193,view,2026-06-09 22:06:26
I0000362,U00501,P00400,wishlist,2026-05-20 22:06:26
I0000363,U00044,P00410,view,2026-08-09 22:06:26
I0000364,U00565,P00353,view,2026-07-12 22:06:26
I0000365,U00277,P00141,view,2026-08-18 22:06:26
I0000366,U00357,P00390,click,2026-08-05 22:06:26
I0000367,U00917,P00332,click,2026-06-02 22:06:26
I0000368,U00543,P00494,click,2026-08-05 22:06:26
I0000369,U00172,P00383,cart,2026-06-20 22:06:26
I0000370,U00395,P00439,view,2026-07-01 22:06:26
I0000371,U00375,P00114,view,2026-06-21 22:06:26
I0000372,U00744,P00103,click,2026-08-13 22:06:26
I0000373,U00747,P00203,click,2026-07-20 22:06:26
I0000374,U00815,P00029,view,2026-07-20 22:06:26
I0000375,U00609,P00236,click,2026-07-15 22:06:26
I0000376,U00518,P00004,view,2026-08-08 22:06:26
I0000377,U00007,P00108,click,2026-05-31 22:06:26
I0000378,U00135,P00139,view,2026-08-15 22:06:26
I0000379,U00070,P00172,view,2026-08-12 22:06:26
I0000380,U00694,P00381,click,2026-07-15 22:06:26
I0000381,U00634,P00063,view,2026-07-29 22:06:26
I0000382,U00707,P00100,view,2026-07-11 22:06:26
I0000383,U00896,P00424,view,2026-07-01 22:06:26
I0000384,U00427,P00276,click,2026-05-28 22:06:26
I0000385,U00106,P00455,view,2026-06-12 22:06:26
I0000386,U00267,P00042,purchase,2026-08-11 22:06:26
I0000387,U00726,P00500,view,2026-07-15 22:06:26
I0000388,U00954,P00098,cart,2026-08-05 22:06:26
I0000389,U00593,P00186,view,2026-07-05 22:06:26
I0000390,U00104,P00434,view,2026-06-07 22:06:26
I0000391,U00892,P00382,click,2026-08-10 22:06:26
I0000392,U00956,P00077,cart,2026-08-14 22:06:26
I0000393,U00955,P00201,view,2026-06-28 22:06:26
I0000394,U00295,P00160,click,2026-05-28 22:06:26
I0000395,U00104,P00328,wishlist,2026-06-04 22:06:26
I0000396,U00542,P00306,view,2026-06-06 22:06:26
I0000397,U00560,P00470,view,2026-07-24 22:06:26
I0000398,U00274,P00220,click,2026-05-26 22:06:26
I0000399,U00868,P00234,view,2026-05-20 22:06:26
I0000400,U00405,P00245,purchase,2026-08-08 22:06:26
I0000401,U00073,P00350,view,2026-08-12 22:06:26
I0000402,U00055,P00287,click,2026-07-17 22:06:26
I0000403,U00409,P00038,click,2026-06-07 22:06:26
I0000404,U00950,P00487,cart,2026-06-10 22:06:26
I0000405,U00147,P00153,view,2026-07-12 22:06:26
I0000406,U00218,P00018,purchase,2026-06-16 22:06:26
I0000407,U00542,P00217,purchase,2026-05-28 22:06:26
I0000408,U00810,P00324,view,2026-07-29 22:06:26
I0000409,U00398,P00157,view,2026-05-27 22:06:26
I0000410,U00729,P00208,cart,2026-06-24 22:06:26
I0000411,U00034,P00053,cart,2026-06-07 22:06:26
I0000412,U00491,P00163,click,2026-06-30 22:06:26
I0000413,U00919,P00440,click,2026-06-26 22:06:26
I0000414,U00807,P00007,view,2026-05-22 22:06:26
I0000415,U00689,P00500,click,2026-05-21 22:06:26
I0000416,U00630,P00025,view,2026-08-18 22:06:26
I0000417,U00057,P00221,view,2026-08-10 22:06:26
I0000418,U00569,P00064,click,2026-05-21 22:06:26
I0000419,U00456,P00464,click,2026-06-17 22:06:26
I0000420,U00246,P00038,click,2026-05-26 22:06:26
I0000421,U00080,P00173,view,2026-06-08 22:06:26
I0000422,U00786,P00326,click,2026-06-30 22:06:26
I0000423,U00584,P00062,view,2026-06-14 22:06:26
I0000424,U00401,P00446,click,2026-07-07 22:06:26
I0000425,U00461,P00425,cart,2026-06-24 22:06:26
I0000426,U00734,P00239,view,2026-06-27 22:06:26
I0000427,U00730,P00033,click,2026-05-24 22:06:26
I0000428,U00209,P00162,view,2026-06-05 22:06:26
I0000429,U00653,P00167,click,2026-07-14 22:06:26
I0000430,U00128,P00190,view,2026-05-24 22:06:26
I0000431,U00967,P00480,click,2026-06-27 22:06:26
I0000432,U00489,P00059,click,2026-06-20 22:06:26
I0000433,U00200,P00166,cart,2026-07-05 22:06:26
I0000434,U00367,P00435,click,2026-07-02 22:06:26
I0000435,U00474,P00462,click,2026-07-04 22:06:26
I0000436,U00725,P00340,view,2026-08-17 22:06:26
I0000437,U00598,P00334,click,2026-06-23 22:06:26
I0000438,U00313,P00047,cart,2026-06-17 22:06:26
I0000439,U00089,P00096,view,2026-07-02 22:06:26
I0000440,U00475,P00335,view,2026-08-11 22:06:26
I0000441,U00277,P00496,view,2026-06-02 22:06:26
I0000442,U00713,P00129,click,2026-06-03 22:06:26
I0000443,U00147,P00336,view,2026-08-12 22:06:26
I0000444,U00019,P00149,click,2026-08-13 22:06:26
I0000445,U00467,P00253,click,2026-08-07 22:06:26
I0000446,U00548,P00392,click,2026-06-15 22:06:26
I0000447,U00154,P00086,click,2026-07-17 22:06:26
I0000448,U00548,P00079,wishlist,2026-06-01 22:06:26
I0000449,U00444,P00165,click,2026-07-20 22:06:26
I0000450,U00401,P00470,cart,2026-05-26 22:06:26
I0000451,U00116,P00252,view,2026-07-03 22:06:26
I0000452,U00095,P00060,view,2026-05-28 22:06:26
I0000453,U00383,P00253,purchase,2026-08-14 22:06:26
I0000454,U00837,P00459,view,2026-06-15 22:06:26
I0000455,U00722,P00256,wishlist,2026-06-14 22:06:26
I0000456,U00848,P00230,purchase,2026-06-12 22:06:26
I0000457,U00902,P00470,view,2026-06-08 22:06:26
I0000458,U00331,P00333,click,2026-05-31 22:06:26
I0000459,U00216,P00241,view,2026-06-04 22:06:26
I0000460,U00386,P00341,wishlist,2026-07-31 22:06:26
I0000461,U00636,P00420,view,2026-06-23 22:06:26
I0000462,U00398,P00285,click,2026-06-10 22:06:26
I0000463,U00571,P00083,view,2026-08-17 22:06:26
I0000464,U00664,P00373,cart,2026-08-09 22:06:26
I0000465,U00227,P00352,cart,2026-07-12 22:06:26
I0000466,U00327,P00462,view,2026-08-07 22:06:26
I0000467,U00407,P00146,view,2026-08-13 22:06:26
I0000468,U00568,P00288,view,2026-08-08 22:06:26
I0000469,U00282,P00208,view,2026-08-17 22:06:26
I0000470,U00646,P00412,view,2026-07-27 22:06:26
I0000471,U00859,P00431,view,2026-08-17 22:06:26
I0000472,U00255,P00395,click,2026-08-01 22:06:26
I0000473,U00659,P00177,view,2026-07-23 22:06:26
I0000474,U00289,P00011,click,2026-05-26 22:06:26
I0000475,U00078,P00223,click,2026-05-21 22:06:26
I0000476,U00998,P00190,click,2026-06-20 22:06:26
I0000477,U00089,P00228,purchase,2026-06-17 22:06:26
I0000478,U00328,P00234,view,2026-06-04 22:06:26
I0000479,U00142,P00497,cart,2026-07-24 22:06:26
I0000480,U00671,P00128,view,2026-08-17 22:06:26
I0000481,U00875,P00499,view,2026-07-28 22:06:26
I0000482,U00537,P00221,click,2026-06-19 22:06:26
I0000483,U00887,P00326,view,2026-07-03 22:06:26
I0000484,U00600,P00428,view,2026-05-24 22:06:26
I0000485,U00682,P00017,click,2026-05-27 22:06:26
I0000486,U00154,P00001,view,2026-06-02 22:06:26
I0000487,U00898,P00223,cart,2026-07-16 22:06:26
I0000488,U00900,P00158,view,2026-05-30 22:06:26
I0000489,U00873,P00345,view,2026-06-26 22:06:26
I0000490,U00558,P00139,click,2026-07-16 22:06:26
I0000491,U00076,P00446,view,2026-06-15 22:06:26
I0000492,U00873,P00080,view,2026-06-30 22:06:26
I0000493,U00550,P00193,click,2026-06-09 22:06:26
I0000494,U00241,P00299,click,2026-06-26 22:06:26
I0000495,U00488,P00441,click,2026-07-01 22:06:26
I0000496,U00306,P00213,cart,2026-07-22 22:06:26
I0000497,U00019,P00183,view,2026-06-19 22:06:26
I0000498,U00679,P00371,click,2026-07-06 22:06:26
I0000499,U00319,P00321,view,2026-06-04 22:06:26
I0000500,U00558,P00106,cart,2026-07-27 22:06:26
I0000501,U00572,P00348,view,2026-07-16 22:06:26
I0000502,U00206,P00028,view,2026-07-01 22:06:26
I0000503,U00546,P00082,click,2026-07-02 22:06:26
I0000504,U00307,P00309,wishlist,2026-06-25 22:06:26
I0000505,U00056,P00271,purchase,2026-05-27 22:06:26
I0000506,U00854,P00162,click,2026-08-05 22:06:26
I0000507,U00718,P00174,click,2026-07-09 22:06:26
I0000508,U00869,P00101,click,2026-05-23 22:06:26
I0000509,U00139,P00393,click,2026-08-08 22:06:26
I0000510,U00011,P00093,view,2026-06-11 22:06:26
I0000511,U00031,P00214,view,2026-07-30 22:06:26
I0000512,U00464,P00284,wishlist,2026-05-23 22:06:26
I0000513,U00288,P00269,wishlist,2026-06-26 22:06:26
I0000514,U00381,P00077,view,2026-07-27 22:06:26
I0000515,U00411,P00295,view,2026-07-30 22:06:26
I0000516,U00767,P00414,view,2026-07-12 22:06:26
I0000517,U00304,P00301,view,2026-06-21 22:06:26
I0000518,U00289,P00251,click,2026-06-12 22:06:26
I0000519,U00036,P00300,view,2026-06-14 22:06:26
I0000520,U00649,P00182,purchase,2026-08-01 22:06:26
I0000521,U00429,P00159,purchase,2026-05-25 22:06:26
I0000522,U00016,P00460,wishlist,2026-08-08 22:06:26
I0000523,U00924,P00214,cart,2026-06-26 22:06:26
I0000524,U00122,P00384,cart,2026-08-10 22:06:26
I0000525,U00053,P00056,view,2026-07-08 22:06:26
I0000526,U00635,P00088,click,2026-07-22 22:06:26
I0000527,U00410,P00436,purchase,2026-06-28 22:06:26
I0000528,U00711,P00162,view,2026-08-07 22:06:26
I0000529,U00072,P00178,click,2026-06-25 22:06:26
I0000530,U00765,P00137,cart,2026-05-25 22:06:26
I0000531,U00917,P00262,wishlist,2026-08-04 22:06:26
I0000532,U00476,P00396,view,2026-05-22 22:06:26
I0000533,U00703,P00444,click,2026-05-27 22:06:26
I0000534,U01000,P00357,click,2026-08-02 22:06:26
I0000535,U00594,P00201,view,2026-08-15 22:06:26
I0000536,U00703,P00098,view,2026-07-12 22:06:26
I0000537,U00701,P00054,view,2026-08-09 22:06:26
I0000538,U00896,P00380,cart,2026-06-11 22:06:26
I0000539,U00128,P00190,view,2026-08-12 22:06:26
I0000540,U00921,P00470,cart,2026-08-12 22:06:26
I0000541,U00216,P00240,wishlist,2026-08-05 22:06:26
I0000542,U00023,P00398,click,2026-06-27 22:06:26
I0000543,U00146,P00367,view,2026-07-14 22:06:26
I0000544,U00774,P00340,click,2026-08-12 22:06:26
I0000545,U00863,P00498,view,2026-07-28 22:06:26
I0000546,U00205,P00137,view,2026-06-10 22:06:26
I0000547,U00919,P00283,view,2026-07-27 22:06:26
I0000548,U00628,P00392,click,2026-06-06 22:06:26
I0000549,U00332,P00306,view,2026-06-11 22:06:26
I0000550,U00833,P00197,cart,2026-06-21 22:06:26
I0000551,U00530,P00191,view,2026-05-28 22:06:26
I0000552,U00546,P00451,view,2026-07-22 22:06:26
I0000553,U00846,P00328,view,2026-07-18 22:06:26
I0000554,U00488,P00386,view,2026-06-02 22:06:26
I0000555,U00547,P00348,view,2026-07-08 22:06:26
I0000556,U00935,P00073,cart,2026-05-30 22:06:26
I0000557,U00114,P00409,view,2026-08-15 22:06:26
I0000558,U00668,P00015,click,2026-08-14 22:06:26
I0000559,U00106,P00406,view,2026-07-29 22:06:26
I0000560,U00707,P00382,view,2026-08-16 22:06:26
I0000561,U00367,P00064,click,2026-07-07 22:06:26
I0000562,U00850,P00285,view,2026-08-18 22:06:26
I0000563,U00669,P00116,view,2026-07-03 22:06:26
I0000564,U00410,P00128,wishlist,2026-06-09 22:06:26
I0000565,U00736,P00173,click,2026-08-02 22:06:26
I0000566,U00462,P00067,view,2026-07-09 22:06:26
I0000567,U00392,P00316,click,2026-08-11 22:06:26
I0000568,U00421,P00179,view,2026-07-21 22:06:26
I0000569,U00735,P00139,click,2026-06-02 22:06:26
I0000570,U00300,P00241,view,2026-06-09 22:06:26
I0000571,U00517,P00115,click,2026-07-16 22:06:26
I0000572,U00843,P00103,view,2026-06-29 22:06:26
I0000573,U00742,P00323,view,2026-06-22 22:06:26
I0000574,U00177,P00044,view,2026-08-11 22:06:26
I0000575,U00216,P00017,cart,2026-06-08 22:06:26
I0000576,U00747,P00079,view,2026-05-21 22:06:26
I0000577,U00323,P00375,view,2026-07-10 22:06:26
I0000578,U00842,P00275,purchase,2026-06-11 22:06:26
I0000579,U00423,P00446,view,2026-05-31 22:06:26
I0000580,U00820,P00061,view,2026-07-01 22:06:26
I0000581,U00991,P00333,click,2026-08-18 22:06:26
I0000582,U00437,P00126,view,2026-05-30 22:06:26
I0000583,U00276,P00288,view,2026-05-28 22:06:26
I0000584,U00459,P00028,wishlist,2026-06-09 22:06:26
I0000585,U00027,P00461,click,2026-08-12 22:06:26
I0000586,U00071,P00167,wishlist,2026-08-17 22:06:26
I0000587,U00757,P00021,click,2026-06-04 22:06:26
I0000588,U00905,P00162,view,2026-08-12 22:06:26
I0000589,U00021,P00254,click,2026-05-20 22:06:26
I0000590,U00306,P00427,cart,2026-05-27 22:06:26
I0000591,U00156,P00031,view,2026-07-24 22:06:26
I0000592,U00441,P00066,view,2026-06-25 22:06:26
I0000593,U00817,P00020,cart,2026-06-21 22:06:26
I0000594,U00542,P00185,view,2026-07-08 22:06:26
I0000595,U00686,P00121,purchase,2026-08-13 22:06:26
I0000596,U00546,P00186,view,2026-06-02 22:06:26
I0000597,U00258,P00156,purchase,2026-06-25 22:06:26
I0000598,U00497,P00235,click,2026-08-01 22:06:26
I0000599,U00704,P00327,view,2026-06-05 22:06:26
I0000600,U00809,P00419,view,2026-06-13 22:06:26
I0000601,U00028,P00359,click,2026-06-05 22:06:26
I0000602,U00343,P00487,view,2026-07-24 22:06:26
I0000603,U00853,P00451,cart,2026-07-09 22:06:26
I0000604,U00005,P00305,wishlist,2026-06-16 22:06:26
I0000605,U00435,P00168,view,2026-08-03 22:06:26
I0000606,U00650,P00414,view,2026-05-24 22:06:26
I0000607,U00708,P00031,wishlist,2026-08-06 22:06:26
I0000608,U00724,P00129,view,2026-06-11 22:06:26
I0000609,U00663,P00341,wishlist,2026-05-25 22:06:26
I0000610,U00150,P00497,view,2026-06-12 22:06:26
I0000611,U00002,P00241,view,2026-07-12 22:06:26
I0000612,U00033,P00059,cart,2026-08-04 22:06:26
I0000613,U00950,P00239,cart,2026-08-07 22:06:26
I0000614,U00130,P00424,click,2026-06-04 22:06:26
I0000615,U00157,P00184,view,2026-06-10 22:06:26
I0000616,U00602,P00449,wishlist,2026-05-26 22:06:26
I0000617,U00083,P00299,cart,2026-06-14 22:06:26
I0000618,U00874,P00095,click,2026-08-12 22:06:26
I0000619,U00781,P00326,click,2026-07-05 22:06:26
I0000620,U00661,P00477,view,2026-08-14 22:06:26
I0000621,U00900,P00172,view,2026-06-08 22:06:26
I0000622,U00949,P00028,click,2026-07-07 22:06:26
I0000623,U00797,P00060,click,2026-07-02 22:06:26
I0000624,U00170,P00044,cart,2026-07-07 22:06:26
I0000625,U00761,P00404,view,2026-05-24 22:06:26
I0000626,U00244,P00148,wishlist,2026-07-16 22:06:26
I0000627,U00540,P00036,click,2026-07-11 22:06:26
I0000628,U00405,P00374,wishlist,2026-05-25 22:06:26
I0000629,U00497,P00144,click,2026-05-31 22:06:26
I0000630,U00638,P00097,view,2026-05-26 22:06:26
I0000631,U00445,P00336,wishlist,2026-06-04 22:06:26
I0000632,U00236,P00056,cart,2026-06-25 22:06:26
I0000633,U00102,P00114,click,2026-08-17 22:06:26
I0000634,U00242,P00236,view,2026-06-14 22:06:26
I0000635,U00591,P00163,purchase,2026-06-23 22:06:26
I0000636,U00496,P00025,cart,2026-06-17 22:06:26
I0000637,U00754,P00277,cart,2026-07-04 22:06:26
I0000638,U00784,P00344,click,2026-06-20 22:06:26
I0000639,U00466,P00427,view,2026-08-15 22:06:26
I0000640,U00428,P00186,view,2026-07-15 22:06:26
I0000641,U00657,P00017,view,2026-05-21 22:06:26
I0000642,U00479,P00334,click,2026-07-16 22:06:26
I0000643,U00064,P00102,view,2026-06-30 22:06:26
I0000644,U00403,P00246,click,2026-07-11 22:06:26
I0000645,U00004,P00305,purchase,2026-05-20 22:06:26
I0000646,U00181,P00436,view,2026-07-17 22:06:26
I0000647,U00027,P00098,cart,2026-07-12 22:06:26
I0000648,U00933,P00326,view,2026-07-10 22:06:26
I0000649,U00373,P00208,wishlist,2026-06-23 22:06:26
I0000650,U00666,P00109,view,2026-06-07 22:06:26
I0000651,U00564,P00395,view,2026-07-11 22:06:26
I0000652,U00105,P00264,view,2026-08-08 22:06:26
I0000653,U00199,P00288,view,2026-06-20 22:06:26
I0000654,U00916,P00447,wishlist,2026-07-15 22:06:26
I0000655,U00823,P00156,view,2026-08-17 22:06:26
I0000656,U00508,P00433,view,2026-06-07 22:06:26
I0000657,U00526,P00166,view,2026-05-26 22:06:26
I0000658,U00887,P00292,cart,2026-05-31 22:06:26
I0000659,U00374,P00315,click,2026-06-21 22:06:26
I0000660,U00134,P00109,view,2026-07-10 22:06:26
I0000661,U00060,P00476,cart,2026-06-19 22:06:26
I0000662,U00868,P00483,view,2026-07-18 22:06:26
I0000663,U00449,P00151,view,2026-06-14 22:06:26
I0000664,U00809,P00236,click,2026-07-11 22:06:26
I0000665,U00842,P00160,view,2026-06-02 22:06:26
I0000666,U00643,P00460,view,2026-06-05 22:06:26
I0000667,U00536,P00434,view,2026-07-05 22:06:26
I0000668,U00218,P00390,view,2026-05-20 22:06:26
I0000669,U00110,P00226,click,2026-07-11 22:06:26
I0000670,U00216,P00348,wishlist,2026-06-04 22:06:26
I0000671,U00514,P00159,view,2026-05-28 22:06:26
I0000672,U00446,P00174,cart,2026-06-05 22:06:26
I0000673,U00516,P00063,click,2026-07-14 22:06:26
I0000674,U00464,P00468,click,2026-07-26 22:06:26
I0000675,U00685,P00109,view,2026-06-04 22:06:26
I0000676,U00853,P00398,click,2026-07-12 22:06:26
I0000677,U00230,P00473,cart,2026-05-24 22:06:26
I0000678,U00448,P00103,view,2026-07-10 22:06:26
I0000679,U00663,P00157,view,2026-07-07 22:06:26
I0000680,U00953,P00275,click,2026-06-21 22:06:26
I0000681,U00598,P00458,cart,2026-07-20 22:06:26
I0000682,U00210,P00135,view,2026-06-03 22:06:26
I0000683,U00298,P00446,click,2026-06-20 22:06:26
I0000684,U00929,P00466,view,2026-06-03 22:06:26
I0000685,U00634,P00169,view,2026-06-12 22:06:26
I0000686,U00559,P00146,cart,2026-06-23 22:06:26
I0000687,U00622,P00032,click,2026-06-07 22:06:26
I0000688,U00107,P00208,view,2026-07-14 22:06:26
I0000689,U00005,P00006,view,2026-06-20 22:06:26
I0000690,U00186,P00187,view,2026-06-25 22:06:26
I0000691,U00452,P00177,purchase,2026-06-12 22:06:26
I0000692,U00977,P00243,cart,2026-07-05 22:06:26
I0000693,U00755,P00161,cart,2026-05-30 22:06:26
I0000694,U00041,P00326,purchase,2026-06-19 22:06:26
I0000695,U00401,P00274,click,2026-06-25 22:06:26
I0000696,U00094,P00408,click,2026-07-27 22:06:26
I0000697,U00242,P00011,click,2026-06-03 22:06:26
I0000698,U00719,P00408,view,2026-07-27 22:06:26
I0000699,U00259,P00200,click,2026-06-04 22:06:26
I0000700,U00035,P00153,view,2026-06-16 22:06:26
I0000701,U00726,P00433,click,2026-07-28 22:06:26
I0000702,U00609,P00245,view,2026-07-28 22:06:26
I0000703,U00109,P00091,cart,2026-07-23 22:06:26
I0000704,U00817,P00479,view,2026-05-26 22:06:26
I0000705,U00530,P00455,view,2026-05-29 22:06:26
I0000706,U00530,P00266,wishlist,2026-06-16 22:06:26
I0000707,U00654,P00309,click,2026-05-26 22:06:26
I0000708,U00570,P00050,cart,2026-07-27 22:06:26
I0000709,U00698,P00283,view,2026-05-31 22:06:26
I0000710,U00951,P00082,purchase,2026-07-18 22:06:26
I0000711,U00925,P00471,view,2026-06-21 22:06:26
I0000712,U00663,P00398,view,2026-05-21 22:06:26
I0000713,U00224,P00180,click,2026-06-04 22:06:26
I0000714,U00865,P00001,view,2026-06-25 22:06:26
I0000715,U00572,P00098,wishlist,2026-06-04 22:06:26
I0000716,U00265,P00436,cart,2026-07-21 22:06:26
I0000717,U00224,P00004,view,2026-06-08 22:06:26
I0000718,U00619,P00014,click,2026-06-29 22:06:26
I0000719,U00824,P00453,view,2026-06-12 22:06:26
I0000720,U00995,P00280,view,2026-07-24 22:06:26
I0000721,U00015,P00493,view,2026-05-27 22:06:26
I0000722,U00934,P00429,view,2026-08-08 22:06:26
I0000723,U00041,P00463,purchase,2026-06-03 22:06:26
I0000724,U00185,P00090,view,2026-07-08 22:06:26
I0000725,U00685,P00412,click,2026-07-02 22:06:26
I0000726,U00838,P00087,click,2026-06-09 22:06:26
I0000727,U00993,P00219,click,2026-08-12 22:06:26
I0000728,U00500,P00040,click,2026-05-31 22:06:26
I0000729,U01000,P00090,wishlist,2026-07-14 22:06:26
I0000730,U00919,P00183,cart,2026-07-16 22:06:26
I0000731,U00136,P00078,view,2026-06-13 22:06:26
I0000732,U00327,P00449,purchase,2026-08-07 22:06:26
I0000733,U00327,P00243,view,2026-06-01 22:06:26
I0000734,U00666,P00259,view,2026-05-28 22:06:26
I0000735,U00610,P00185,view,2026-06-02 22:06:26
I0000736,U00671,P00359,view,2026-06-01 22:06:26
I0000737,U00701,P00122,cart,2026-08-12 22:06:26
I0000738,U00661,P00151,click,2026-06-23 22:06:26
I0000739,U00714,P00395,click,2026-07-16 22:06:26
I0000740,U00331,P00094,wishlist,2026-06-05 22:06:26
I0000741,U00888,P00396,view,2026-05-30 22:06:26
I0000742,U00064,P00173,click,2026-06-01 22:06:26
I0000743,U00121,P00298,click,2026-05-31 22:06:26
I0000744,U00563,P00261,wishlist,2026-07-14 22:06:26
I0000745,U00576,P00200,purchase,2026-07-04 22:06:26
I0000746,U00346,P00386,click,2026-08-18 22:06:26
I0000747,U00568,P00124,click,2026-07-24 22:06:26
I0000748,U00198,P00394,purchase,2026-06-22 22:06:26
I0000749,U00325,P00043,cart,2026-07-14 22:06:26
I0000750,U00308,P00270,click,2026-06-01 22:06:26
I0000751,U00126,P00087,view,2026-06-03 22:06:26
I0000752,U00441,P00159,wishlist,2026-05-27 22:06:26
I0000753,U00602,P00035,click,2026-08-01 22:06:26
I0000754,U00052,P00374,view,2026-07-08 22:06:26
I0000755,U00613,P00015,view,2026-07-03 22:06:26
I0000756,U00389,P00487,wishlist,2026-06-01 22:06:26
I0000757,U00376,P00265,wishlist,2026-06-29 22:06:26
I0000758,U00598,P00220,click,2026-08-05 22:06:26
I0000759,U00292,P00376,purchase,2026-06-10 22:06:26
I0000760,U00377,P00222,view,2026-07-19 22:06:26
I0000761,U00008,P00269,wishlist,2026-06-16 22:06:26
I0000762,U00505,P00382,wishlist,2026-07-04 22:06:26
I0000763,U00123,P00170,wishlist,2026-06-24 22:06:26
I0000764,U00090,P00465,cart,2026-06-08 22:06:26
I0000765,U00803,P00231,view,2026-07-12 22:06:26
I0000766,U00137,P00206,cart,2026-05-21 22:06:26
I0000767,U00698,P00488,purchase,2026-08-06 22:06:26
I0000768,U00058,P00322,view,2026-07-14 22:06:26
I0000769,U00518,P00494,click,2026-07-26 22:06:26
I0000770,U00662,P00388,view,2026-05-31 22:06:26
I0000771,U00889,P00222,view,2026-06-24 22:06:26
I0000772,U00781,P00221,wishlist,2026-08-06 22:06:26
I0000773,U00783,P00161,purchase,2026-07-13 22:06:26
I0000774,U00075,P00011,click,2026-07-15 22:06:26
I0000775,U00661,P00238,view,2026-05-23 22:06:26
I0000776,U00963,P00375,wishlist,2026-08-08 22:06:26
I0000777,U00864,P00045,view,2026-07-01 22:06:26
I0000778,U00515,P00286,view,2026-08-18 22:06:26
I0000779,U00919,P00058,click,2026-08-14 22:06:26
I0000780,U00312,P00018,view,2026-06-25 22:06:26
I0000781,U00331,P00331,view,2026-07-18 22:06:26
I0000782,U00353,P00327,view,2026-06-15 22:06:26
I0000783,U00401,P00044,view,2026-08-15 22:06:26
I0000784,U00952,P00137,view,2026-06-09 22:06:26
I0000785,U00314,P00077,purchase,2026-07-17 22:06:26
I0000786,U00718,P00223,cart,2026-07-08 22:06:26
I0000787,U00345,P00029,view,2026-08-06 22:06:26
I0000788,U00804,P00467,click,2026-07-11 22:06:26
I0000789,U00573,P00320,view,2026-05-29 22:06:26
I0000790,U00828,P00312,view,2026-06-13 22:06:26
I0000791,U00610,P00383,click,2026-06-20 22:06:26
I0000792,U00665,P00404,view,2026-06-07 22:06:26
I0000793,U00549,P00488,view,2026-07-12 22:06:26
I0000794,U00263,P00219,view,2026-06-27 22:06:26
I0000795,U00254,P00277,view,2026-07-27 22:06:26
I0000796,U00516,P00093,click,2026-06-20 22:06:26
I0000797,U00931,P00413,wishlist,2026-08-07 22:06:26
I0000798,U00812,P00319,view,2026-05-22 22:06:26
I0000799,U00715,P00273,purchase,2026-05-20 22:06:26
I0000800,U00849,P00466,view,2026-07-02 22:06:26
I0000801,U00114,P00292,click,2026-05-22 22:06:26
I0000802,U00276,P00127,view,2026-08-12 22:06:26
I0000803,U00060,P00269,click,2026-05-30 22:06:26
I0000804,U00779,P00039,view,2026-07-02 22:06:26
I0000805,U00180,P00024,view,2026-06-19 22:06:26
I0000806,U00289,P00469,view,2026-07-12 22:06:26
I0000807,U00456,P00385,cart,2026-08-06 22:06:26
I0000808,U00049,P00400,click,2026-07-17 22:06:26
I0000809,U00528,P00008,click,2026-07-04 22:06:26
I0000810,U00755,P00066,click,2026-07-16 22:06:26
I0000811,U00548,P00185,click,2026-06-02 22:06:26
I0000812,U00011,P00475,view,2026-05-22 22:06:26
I0000813,U00054,P00228,click,2026-07-11 22:06:26
I0000814,U00691,P00105,view,2026-08-03 22:06:26
I0000815,U00743,P00234,view,2026-06-03 22:06:26
I0000816,U00174,P00371,view,2026-06-29 22:06:26
I0000817,U00385,P00238,view,2026-05-29 22:06:26
I0000818,U00029,P00162,click,2026-06-18 22:06:26
I0000819,U00678,P00036,click,2026-06-02 22:06:26
I0000820,U00530,P00229,click,2026-08-04 22:06:26
I0000821,U00908,P00117,cart,2026-06-15 22:06:26
I0000822,U00975,P00382,view,2026-07-15 22:06:26
I0000823,U00859,P00493,view,2026-06-27 22:06:26
I0000824,U00721,P00072,view,2026-07-25 22:06:26
I0000825,U00874,P00436,view,2026-05-31 22:06:26
I0000826,U00705,P00386,click,2026-05-26 22:06:26
I0000827,U00239,P00069,click,2026-07-06 22:06:26
I0000828,U00906,P00145,view,2026-07-09 22:06:26
I0000829,U00114,P00354,cart,2026-06-02 22:06:26
I0000830,U00553,P00161,wishlist,2026-06-06 22:06:26
I0000831,U00773,P00213,view,2026-06-05 22:06:26
I0000832,U00541,P00408,view,2026-06-20 22:06:26
I0000833,U00958,P00476,view,2026-08-12 22:06:26
I0000834,U00917,P00194,view,2026-07-06 22:06:26
I0000835,U00431,P00052,wishlist,2026-05-28 22:06:26
I0000836,U00924,P00104,cart,2026-06-04 22:06:26
I0000837,U00756,P00234,cart,2026-06-29 22:06:26
I0000838,U00669,P00398,view,2026-06-29 22:06:26
I0000839,U00418,P00208,view,2026-06-13 22:06:26
I0000840,U00255,P00104,purchase,2026-07-29 22:06:26
I0000841,U00906,P00017,view,2026-06-23 22:06:26
I0000842,U00542,P00242,wishlist,2026-06-01 22:06:26
I0000843,U00340,P00069,click,2026-07-14 22:06:26
I0000844,U00558,P00484,click,2026-07-04 22:06:26
I0000845,U00012,P00328,view,2026-06-29 22:06:26
I0000846,U00984,P00132,view,2026-07-07 22:06:26
I0000847,U00667,P00073,wishlist,2026-06-30 22:06:26
I0000848,U00035,P00158,click,2026-08-03 22:06:26
I0000849,U00763,P00331,click,2026-07-01 22:06:26
I0000850,U00556,P00148,click,2026-07-24 22:06:26
I0000851,U00554,P00168,view,2026-06-04 22:06:26
I0000852,U00813,P00098,click,2026-07-08 22:06:26
I0000853,U00049,P00091,click,2026-06-09 22:06:26
I0000854,U00864,P00317,click,2026-06-01 22:06:26
I0000855,U00051,P00173,click,2026-07-03 22:06:26
I0000856,U00913,P00214,purchase,2026-07-08 22:06:26
I0000857,U00544,P00122,view,2026-06-01 22:06:26
I0000858,U00392,P00392,click,2026-07-22 22:06:26
I0000859,U00846,P00010,click,2026-05-24 22:06:26
I0000860,U00617,P00147,wishlist,2026-07-29 22:06:26
I0000861,U00077,P00256,click,2026-05-30 22:06:26
I0000862,U00634,P00342,click,2026-07-05 22:06:26
I0000863,U00527,P00096,cart,2026-07-04 22:06:26
I0000864,U00019,P00365,click,2026-06-12 22:06:26
I0000865,U00081,P00194,view,2026-06-26 22:06:26
I0000866,U00878,P00147,wishlist,2026-05-31 22:06:26
I0000867,U00051,P00344,view,2026-07-15 22:06:26
I0000868,U00859,P00372,view,2026-06-22 22:06:26
I0000869,U00409,P00308,view,2026-08-10 22:06:26
I0000870,U00696,P00397,cart,2026-07-21 22:06:26
I0000871,U00890,P00326,purchase,2026-06-01 22:06:26
I0000872,U00873,P00483,view,2026-07-06 22:06:26
I0000873,U00355,P00248,wishlist,2026-06-15 22:06:26
I0000874,U00896,P00058,purchase,2026-07-26 22:06:26
I0000875,U00655,P00334,purchase,2026-07-03 22:06:26
I0000876,U00261,P00029,view,2026-06-18 22:06:26
I0000877,U00480,P00125,view,2026-06-19 22:06:26
I0000878,U00099,P00225,wishlist,2026-07-05 22:06:26
I0000879,U00447,P00086,cart,2026-06-20 22:06:26
I0000880,U00458,P00106,wishlist,2026-08-12 22:06:26
I0000881,U00327,P00414,purchase,2026-07-05 22:06:26
I0000882,U00915,P00498,view,2026-08-05 22:06:26
I0000883,U00374,P00193,view,2026-07-07 22:06:26
I0000884,U00089,P00203,view,2026-05-22 22:06:26
I0000885,U00400,P00413,view,2026-07-28 22:06:26
I0000886,U00693,P00419,cart,2026-06-04 22:06:26
I0000887,U00306,P00339,view,2026-06-26 22:06:26
I0000888,U00396,P00453,view,2026-06-20 22:06:26
I0000889,U00037,P00176,click,2026-06-23 22:06:26
I0000890,U00533,P00151,view,2026-07-22 22:06:26
I0000891,U00375,P00188,cart,2026-07-06 22:06:26
I0000892,U00917,P00362,view,2026-05-28 22:06:26
I0000893,U00424,P00189,view,2026-05-28 22:06:26
I0000894,U00790,P00137,view,2026-08-11 22:06:26
I0000895,U00795,P00222,click,2026-08-14 22:06:26
I0000896,U00374,P00493,click,2026-06-04 22:06:26
I0000897,U00806,P00351,wishlist,2026-06-02 22:06:26
I0000898,U00899,P00369,view,2026-07-07 22:06:26
I0000899,U00685,P00308,view,2026-05-31 22:06:26
I0000900,U00491,P00392,view,2026-07-13 22:06:26
I0000901,U00669,P00002,view,2026-07-25 22:06:26
I0000902,U00286,P00224,wishlist,2026-05-20 22:06:26
I0000903,U00404,P00004,cart,2026-06-23 22:06:26
I0000904,U00488,P00112,view,2026-07-17 22:06:26
I0000905,U00413,P00290,click,2026-07-20 22:06:26
I0000906,U00915,P00379,click,2026-07-01 22:06:26
I0000907,U00736,P00322,view,2026-07-02 22:06:26
I0000908,U00020,P00454,wishlist,2026-07-07 22:06:26
I0000909,U00096,P00236,wishlist,2026-07-11 22:06:26
I0000910,U00718,P00039,purchase,2026-06-04 22:06:26
I0000911,U00646,P00295,wishlist,2026-08-07 22:06:26
I0000912,U00543,P00175,wishlist,2026-08-12 22:06:26
I0000913,U00333,P00226,cart,2026-06-28 22:06:26
I0000914,U00415,P00384,view,2026-05-23 22:06:26
I0000915,U00439,P00175,view,2026-07-20 22:06:26
I0000916,U00740,P00073,cart,2026-06-15 22:06:26
I0000917,U00193,P00426,view,2026-07-30 22:06:26
I0000918,U00480,P00281,click,2026-07-05 22:06:26
I0000919,U00408,P00271,purchase,2026-07-02 22:06:26
I0000920,U00252,P00216,view,2026-06-20 22:06:26
I0000921,U00262,P00100,view,2026-05-23 22:06:26
I0000922,U00278,P00112,click,2026-06-22 22:06:26
I0000923,U00245,P00098,view,2026-07-15 22:06:26
I0000924,U00157,P00393,click,2026-07-23 22:06:26
I0000925,U00322,P00498,view,2026-06-17 22:06:26
I0000926,U00325,P00332,purchase,2026-08-03 22:06:26
I0000927,U00976,P00330,view,2026-07-24 22:06:26
I0000928,U00763,P00129,view,2026-08-08 22:06:26
I0000929,U00211,P00494,cart,2026-07-20 22:06:26
I0000930,U00052,P00400,click,2026-08-12 22:06:26
I0000931,U00455,P00383,click,2026-07-14 22:06:26
I0000932,U00388,P00456,click,2026-08-12 22:06:26
I0000933,U00903,P00044,view,2026-07-13 22:06:26
I0000934,U00723,P00420,cart,2026-06-03 22:06:26
I0000935,U00281,P00233,cart,2026-08-04 22:06:26
I0000936,U00573,P00004,view,2026-07-20 22:06:26
I0000937,U00416,P00191,view,2026-05-29 22:06:26
I0000938,U00667,P00022,view,2026-08-02 22:06:26
I0000939,U00072,P00444,view,2026-08-03 22:06:26
I0000940,U00269,P00434,view,2026-05-30 22:06:26
I0000941,U00523,P00139,wishlist,2026-06-20 22:06:26
I0000942,U00828,P00277,wishlist,2026-07-17 22:06:26
I0000943,U00999,P00283,click,2026-08-12 22:06:26
I0000944,U00564,P00134,click,2026-06-21 22:06:26
I0000945,U00089,P00291,click,2026-06-24 22:06:26
I0000946,U00853,P00245,view,2026-07-29 22:06:26
I0000947,U00514,P00325,click,2026-08-18 22:06:26
I0000948,U00314,P00458,cart,2026-05-23 22:06:26
I0000949,U00296,P00367,cart,2026-05-23 22:06:26
I0000950,U00601,P00243,click,2026-06-06 22:06:26
I0000951,U00675,P00291,click,2026-08-14 22:06:26
I0000952,U00958,P00064,view,2026-06-11 22:06:26
I0000953,U00016,P00366,view,2026-07-24 22:06:26
I0000954,U00688,P00479,view,2026-07-10 22:06:26
I0000955,U00618,P00024,wishlist,2026-07-14 22:06:26
I0000956,U00492,P00080,view,2026-07-07 22:06:26
I0000957,U00860,P00221,wishlist,2026-07-06 22:06:26
I0000958,U00388,P00204,view,2026-08-09 22:06:26
I0000959,U00978,P00014,view,2026-06-23 22:06:26
I0000960,U00448,P00077,click,2026-06-13 22:06:26
I0000961,U00712,P00404,click,2026-06-28 22:06:26
I0000962,U00835,P00234,view,2026-08-17 22:06:26
I0000963,U00570,P00237,cart,2026-06-09 22:06:26
I0000964,U00003,P00236,view,2026-07-08 22:06:26
I0000965,U00179,P00049,cart,2026-07-14 22:06:26
I0000966,U00336,P00141,cart,2026-08-12 22:06:26
I0000967,U00030,P00364,view,2026-07-26 22:06:26
I0000968,U00776,P00249,click,2026-06-05 22:06:26
I0000969,U00480,P00500,view,2026-07-19 22:06:26
I0000970,U00321,P00408,view,2026-07-25 22:06:26
I0000971,U00318,P00394,view,2026-06-01 22:06:26
I0000972,U00657,P00344,wishlist,2026-08-15 22:06:26
I0000973,U00511,P00492,purchase,2026-07-18 22:06:26
I0000974,U00640,P00347,view,2026-06-22 22:06:26
I0000975,U00673,P00228,view,2026-06-05 22:06:26
I0000976,U00222,P00383,click,2026-07-19 22:06:26
I0000977,U00444,P00389,view,2026-07-04 22:06:26
I0000978,U00827,P00098,view,2026-07-14 22:06:26
I0000979,U00254,P00197,view,2026-06-06 22:06:26
I0000980,U00082,P00379,view,2026-06-05 22:06:26
I0000981,U00449,P00212,click,2026-06-18 22:06:26
I0000982,U00496,P00393,view,2026-05-24 22:06:26
I0000983,U00816,P00234,wishlist,2026-05-23 22:06:26
I0000984,U00292,P00376,click,2026-06-07 22:06:26
I0000985,U00579,P00218,view,2026-07-02 22:06:26
I0000986,U00173,P00199,view,2026-06-30 22:06:26
I0000987,U00219,P00471,view,2026-08-13 22:06:26
I0000988,U00340,P00229,view,2026-07-06 22:06:26
I0000989,U00094,P00083,cart,2026-06-22 22:06:26
I0000990,U00929,P00361,click,2026-07-10 22:06:26
I0000991,U00560,P00196,view,2026-07-28 22:06:26
I0000992,U00673,P00440,view,2026-08-01 22:06:26
I0000993,U00336,P00479,wishlist,2026-08-01 22:06:26
I0000994,U00189,P00182,wishlist,2026-06-02 22:06:26
I0000995,U00292,P00354,view,2026-07-15 22:06:26
I0000996,U00877,P00390,click,2026-05-28 22:06:26
I0000997,U00935,P00191,purchase,2026-05-22 22:06:26
I0000998,U00453,P00401,click,2026-05-24 22:06:26
I0000999,U00977,P00232,purchase,2026-06-01 22:06:26
I0001000,U00785,P00343,wishlist,2026-07-09 22:06:26
I0001001,U00334,P00011,click,2026-06-12 22:06:26
I0001002,U00068,P00256,cart,2026-08-12 22:06:26
I0001003,U00247,P00325,view,2026-06-15 22:06:26
I0001004,U00906,P00415,purchase,2026-06-28 22:06:26
I0001005,U00707,P00463,view,2026-07-24 22:06:26
I0001006,U00524,P00158,cart,2026-06-17 22:06:26
I0001007,U00403,P00044,click,2026-05-31 22:06:26
I0001008,U00529,P00059,wishlist,2026-06-20 22:06:26
I0001009,U00797,P00033,click,2026-06-27 22:06:26
I0001010,U00661,P00204,view,2026-06-24 22:06:26
I0001011,U00508,P00162,view,2026-06-12 22:06:26
I0001012,U00670,P00469,cart,2026-08-09 22:06:26
I0001013,U00005,P00496,click,2026-07-26 22:06:26
I0001014,U00011,P00377,click,2026-05-27 22:06:26
I0001015,U00081,P00411,view,2026-06-07 22:06:26
I0001016,U00728,P00145,click,2026-08-01 22:06:26
I0001017,U00925,P00372,click,2026-06-10 22:06:26
I0001018,U00064,P00465,view,2026-08-02 22:06:26
I0001019,U00639,P00272,click,2026-06-25 22:06:26
I0001020,U00509,P00356,purchase,2026-07-15 22:06:26
I0001021,U00416,P00116,click,2026-06-25 22:06:26
I0001022,U00678,P00098,click,2026-05-27 22:06:26
I0001023,U00426,P00184,view,2026-08-06 22:06:26
I0001024,U00244,P00227,view,2026-07-16 22:06:26
I0001025,U00873,P00401,click,2026-08-12 22:06:26
I0001026,U00985,P00478,click,2026-08-16 22:06:26
I0001027,U00975,P00448,click,2026-06-24 22:06:26
I0001028,U00910,P00288,click,2026-05-25 22:06:26
I0001029,U00193,P00346,wishlist,2026-07-19 22:06:26
I0001030,U00195,P00466,click,2026-06-20 22:06:26
I0001031,U00717,P00256,view,2026-05-25 22:06:26
I0001032,U00745,P00472,wishlist,2026-06-24 22:06:26
I0001033,U00640,P00118,click,2026-07-03 22:06:26
I0001034,U00155,P00369,view,2026-07-29 22:06:26
I0001035,U00998,P00298,view,2026-07-24 22:06:26
I0001036,U00812,P00376,click,2026-08-07 22:06:26
I0001037,U00943,P00325,view,2026-06-26 22:06:26
I0001038,U00400,P00130,view,2026-07-10 22:06:26
I0001039,U00127,P00474,view,2026-07-01 22:06:26
I0001040,U00873,P00150,click,2026-07-30 22:06:26
I0001041,U00676,P00407,view,2026-08-14 22:06:26
I0001042,U00412,P00488,view,2026-06-24 22:06:26
I0001043,U00685,P00470,view,2026-07-26 22:06:26
I0001044,U00295,P00108,view,2026-06-24 22:06:26
I0001045,U00386,P00083,wishlist,2026-07-20 22:06:26
I0001046,U00933,P00239,click,2026-08-02 22:06:26
I0001047,U00623,P00149,view,2026-08-06 22:06:26
I0001048,U00422,P00014,view,2026-06-11 22:06:26
I0001049,U00309,P00251,click,2026-06-02 22:06:26
I0001050,U00231,P00114,purchase,2026-06-21 22:06:26
I0001051,U00477,P00156,click,2026-05-23 22:06:26
I0001052,U00484,P00052,view,2026-08-04 22:06:26
I0001053,U00709,P00139,view,2026-07-03 22:06:26
I0001054,U00975,P00456,click,2026-06-15 22:06:26
I0001055,U00457,P00052,view,2026-06-22 22:06:26
I0001056,U00007,P00313,view,2026-07-26 22:06:26
I0001057,U00854,P00059,cart,2026-07-21 22:06:26
I0001058,U00211,P00021,cart,2026-08-05 22:06:26
I0001059,U00140,P00382,click,2026-07-27 22:06:26
I0001060,U00255,P00218,view,2026-06-14 22:06:26
I0001061,U00821,P00461,wishlist,2026-07-19 22:06:26
I0001062,U00491,P00319,click,2026-06-17 22:06:26
I0001063,U00893,P00241,view,2026-07-16 22:06:26
I0001064,U00975,P00152,view,2026-07-22 22:06:26
I0001065,U00695,P00346,cart,2026-06-22 22:06:26
I0001066,U00973,P00393,view,2026-07-18 22:06:26
I0001067,U00487,P00450,view,2026-07-06 22:06:26
I0001068,U00889,P00165,view,2026-07-25 22:06:26
I0001069,U00136,P00453,view,2026-06-17 22:06:26
I0001070,U00255,P00449,view,2026-08-15 22:06:26
I0001071,U00493,P00289,view,2026-05-27 22:06:26
I0001072,U00924,P00172,view,2026-07-04 22:06:26
I0001073,U00322,P00452,wishlist,2026-05-28 22:06:26
I0001074,U00111,P00222,view,2026-07-05 22:06:26
I0001075,U00284,P00496,cart,2026-06-11 22:06:26
I0001076,U00813,P00392,purchase,2026-07-29 22:06:26
I0001077,U00981,P00059,view,2026-08-18 22:06:26
I0001078,U00086,P00105,view,2026-06-16 22:06:26
I0001079,U00817,P00006,view,2026-07-04 22:06:26
I0001080,U00414,P00458,click,2026-06-13 22:06:26
I0001081,U00574,P00064,wishlist,2026-07-07 22:06:26
I0001082,U00589,P00027,view,2026-08-08 22:06:26
I0001083,U00416,P00263,view,2026-08-09 22:06:26
I0001084,U00882,P00379,click,2026-07-05 22:06:26
I0001085,U00546,P00003,view,2026-07-25 22:06:26
I0001086,U00432,P00168,purchase,2026-08-01 22:06:26
I0001087,U00518,P00334,view,2026-06-30 22:06:26
I0001088,U00191,P00471,click,2026-07-07 22:06:26
I0001089,U00571,P00163,purchase,2026-08-17 22:06:26
I0001090,U00980,P00363,view,2026-07-22 22:06:26
I0001091,U00331,P00078,view,2026-07-06 22:06:26
I0001092,U00931,P00294,view,2026-05-25 22:06:26
I0001093,U00435,P00252,click,2026-05-29 22:06:26
I0001094,U00697,P00488,view,2026-07-31 22:06:26
I0001095,U00741,P00257,wishlist,2026-07-28 22:06:26
I0001096,U00873,P00158,purchase,2026-07-29 22:06:26
I0001097,U00761,P00117,view,2026-06-19 22:06:26
I0001098,U00470,P00077,click,2026-07-05 22:06:26
I0001099,U00044,P00371,click,2026-06-05 22:06:26
I0001100,U00376,P00218,view,2026-08-11 22:06:26
I0001101,U00573,P00468,click,2026-07-31 22:06:26
I0001102,U00740,P00240,purchase,2026-08-02 22:06:26
I0001103,U00271,P00070,click,2026-06-14 22:06:26
I0001104,U00550,P00046,click,2026-08-07 22:06:26
I0001105,U00338,P00127,view,2026-06-02 22:06:26
I0001106,U00557,P00318,view,2026-05-22 22:06:26
I0001107,U00300,P00173,view,2026-07-02 22:06:26
I0001108,U00741,P00159,view,2026-05-26 22:06:26
I0001109,U00939,P00324,click,2026-07-17 22:06:26
I0001110,U00809,P00093,view,2026-06-29 22:06:26
I0001111,U00220,P00068,purchase,2026-07-18 22:06:26
I0001112,U00633,P00187,view,2026-07-19 22:06:26
I0001113,U00833,P00448,view,2026-08-08 22:06:26
I0001114,U00188,P00435,view,2026-07-10 22:06:26
I0001115,U00741,P00007,click,2026-06-04 22:06:26
I0001116,U00053,P00396,click,2026-05-24 22:06:26
I0001117,U00203,P00373,view,2026-07-03 22:06:26
I0001118,U00458,P00152,wishlist,2026-07-20 22:06:26
I0001119,U00383,P00194,view,2026-07-27 22:06:26
I0001120,U00631,P00212,view,2026-06-05 22:06:26
I0001121,U00336,P00161,view,2026-06-05 22:06:26
I0001122,U00457,P00332,wishlist,2026-07-03 22:06:26
I0001123,U00642,P00216,click,2026-07-05 22:06:26
I0001124,U00544,P00271,click,2026-07-06 22:06:26
I0001125,U00447,P00361,view,2026-06-17 22:06:26
I0001126,U00718,P00311,view,2026-06-30 22:06:26
I0001127,U00993,P00075,view,2026-07-02 22:06:26
I0001128,U00314,P00332,view,2026-06-04 22:06:26
I0001129,U00722,P00417,view,2026-06-02 22:06:26
I0001130,U00659,P00414,view,2026-06-29 22:06:26
I0001131,U00290,P00366,view,2026-07-10 22:06:26
I0001132,U00890,P00471,view,2026-07-07 22:06:26
I0001133,U00658,P00172,view,2026-06-10 22:06:26
I0001134,U00373,P00018,view,2026-08-08 22:06:26
I0001135,U00114,P00432,view,2026-08-06 22:06:26
I0001136,U00414,P00018,click,2026-06-16 22:06:26
I0001137,U00518,P00308,view,2026-06-29 22:06:26
I0001138,U00914,P00286,view,2026-07-10 22:06:26
I0001139,U00374,P00193,view,2026-07-26 22:06:26
I0001140,U00040,P00405,view,2026-05-24 22:06:26
I0001141,U00762,P00387,cart,2026-07-29 22:06:26
I0001142,U00682,P00129,click,2026-07-28 22:06:26
I0001143,U00208,P00330,click,2026-06-14 22:06:26
I0001144,U00959,P00366,view,2026-05-26 22:06:26
I0001145,U00230,P00337,view,2026-06-15 22:06:26
I0001146,U00670,P00428,click,2026-07-12 22:06:26
I0001147,U00354,P00126,cart,2026-07-15 22:06:26
I0001148,U00234,P00291,click,2026-06-18 22:06:26
I0001149,U00749,P00251,cart,2026-07-23 22:06:26
I0001150,U00365,P00337,purchase,2026-05-30 22:06:26
I0001151,U00408,P00132,view,2026-08-08 22:06:26
I0001152,U00884,P00145,view,2026-06-29 22:06:26
I0001153,U00235,P00218,view,2026-06-26 22:06:26
I0001154,U00335,P00283,click,2026-06-28 22:06:26
I0001155,U00098,P00331,wishlist,2026-08-11 22:06:26
I0001156,U00119,P00055,click,2026-08-15 22:06:26
I0001157,U00244,P00135,wishlist,2026-07-10 22:06:26
I0001158,U00912,P00191,view,2026-08-08 22:06:26
I0001159,U00006,P00223,cart,2026-07-11 22:06:26
I0001160,U00757,P00418,view,2026-06-25 22:06:26
I0001161,U00112,P00396,cart,2026-06-16 22:06:26
I0001162,U00515,P00300,cart,2026-07-01 22:06:26
I0001163,U00065,P00321,cart,2026-08-13 22:06:26
I0001164,U00046,P00341,view,2026-07-13 22:06:26
I0001165,U00254,P00084,cart,2026-06-11 22:06:26
I0001166,U00102,P00360,view,2026-05-31 22:06:26
I0001167,U00665,P00077,click,2026-05-21 22:06:26
I0001168,U00087,P00445,wishlist,2026-07-12 22:06:26
I0001169,U00426,P00141,cart,2026-08-08 22:06:26
I0001170,U00997,P00227,view,2026-08-03 22:06:26
I0001171,U00463,P00093,wishlist,2026-06-08 22:06:26
I0001172,U00132,P00399,cart,2026-07-09 22:06:26
I0001173,U00487,P00207,view,2026-07-31 22:06:26
I0001174,U00028,P00091,click,2026-06-30 22:06:26
I0001175,U00146,P00041,cart,2026-06-26 22:06:26
I0001176,U00930,P00400,view,2026-06-22 22:06:26
I0001177,U00438,P00194,click,2026-06-02 22:06:26
I0001178,U00629,P00253,view,2026-07-07 22:06:26
I0001179,U00897,P00494,cart,2026-05-22 22:06:26
I0001180,U00399,P00027,view,2026-06-26 22:06:26
I0001181,U00503,P00334,click,2026-06-01 22:06:26
I0001182,U00857,P00036,view,2026-06-09 22:06:26
I0001183,U00002,P00007,click,2026-06-23 22:06:26
I0001184,U00555,P00343,cart,2026-08-04 22:06:26
I0001185,U01000,P00348,view,2026-06-04 22:06:26
I0001186,U00363,P00490,view,2026-08-14 22:06:26
I0001187,U00160,P00050,view,2026-06-03 22:06:26
I0001188,U00031,P00204,wishlist,2026-06-10 22:06:26
I0001189,U00532,P00298,click,2026-05-22 22:06:26
I0001190,U00348,P00093,view,2026-06-05 22:06:26
I0001191,U00179,P00182,click,2026-05-24 22:06:26
I0001192,U00229,P00094,click,2026-06-13 22:06:26
I0001193,U00924,P00271,view,2026-08-16 22:06:26
I0001194,U00380,P00051,click,2026-07-13 22:06:26
I0001195,U00647,P00430,wishlist,2026-07-15 22:06:26
I0001196,U00132,P00309,view,2026-06-20 22:06:26
I0001197,U00199,P00014,wishlist,2026-07-05 22:06:26
I0001198,U00169,P00246,click,2026-05-23 22:06:26
I0001199,U00498,P00020,click,2026-07-11 22:06:26
I0001200,U00479,P00031,cart,2026-07-11 22:06:26
I0001201,U00174,P00106,click,2026-07-08 22:06:26
I0001202,U00619,P00118,view,2026-06-24 22:06:26
I0001203,U00376,P00078,view,2026-08-04 22:06:26
I0001204,U00311,P00244,view,2026-06-28 22:06:26
I0001205,U00399,P00090,view,2026-07-30 22:06:26
I0001206,U00837,P00003,purchase,2026-08-03 22:06:26
I0001207,U00901,P00429,wishlist,2026-06-19 22:06:26
I0001208,U00596,P00475,click,2026-07-02 22:06:26
I0001209,U00905,P00144,click,2026-06-11 22:06:26
I0001210,U00329,P00487,click,2026-07-03 22:06:26
I0001211,U00687,P00330,click,2026-05-21 22:06:26
I0001212,U00501,P00286,click,2026-07-26 22:06:26
I0001213,U00772,P00066,click,2026-06-11 22:06:26
I0001214,U00049,P00469,wishlist,2026-07-20 22:06:26
I0001215,U00835,P00242,cart,2026-06-23 22:06:26
I0001216,U00005,P00441,click,2026-08-14 22:06:26
I0001217,U00867,P00082,view,2026-06-14 22:06:26
I0001218,U00884,P00447,click,2026-06-10 22:06:26
I0001219,U00069,P00141,cart,2026-05-21 22:06:26
I0001220,U00241,P00335,click,2026-07-09 22:06:26
I0001221,U00512,P00341,view,2026-08-09 22:06:26
I0001222,U00720,P00495,click,2026-07-28 22:06:26
I0001223,U00803,P00110,view,2026-07-17 22:06:26
I0001224,U00493,P00191,click,2026-06-07 22:06:26
I0001225,U00507,P00140,click,2026-05-24 22:06:26
I0001226,U00937,P00161,view,2026-06-11 22:06:26
I0001227,U00145,P00467,click,2026-08-04 22:06:26
I0001228,U00097,P00450,wishlist,2026-06-09 22:06:26
I0001229,U00562,P00296,view,2026-05-29 22:06:26
I0001230,U00177,P00227,view,2026-06-07 22:06:26
I0001231,U00317,P00310,click,2026-07-21 22:06:26
I0001232,U00332,P00113,click,2026-06-27 22:06:26
I0001233,U00156,P00321,view,2026-06-10 22:06:26
I0001234,U00478,P00314,click,2026-07-13 22:06:26
I0001235,U00145,P00312,cart,2026-05-22 22:06:26
I0001236,U00480,P00126,click,2026-06-22 22:06:26
I0001237,U00115,P00240,view,2026-07-30 22:06:26
I0001238,U00301,P00388,purchase,2026-05-29 22:06:26
I0001239,U00936,P00225,view,2026-06-14 22:06:26
I0001240,U00772,P00058,view,2026-06-21 22:06:26
I0001241,U00695,P00299,view,2026-05-28 22:06:26
I0001242,U00922,P00499,view,2026-08-10 22:06:26
I0001243,U00498,P00039,view,2026-07-28 22:06:26
I0001244,U00865,P00130,click,2026-05-27 22:06:26
I0001245,U00221,P00194,purchase,2026-08-12 22:06:26
I0001246,U00638,P00337,view,2026-08-07 22:06:26
I0001247,U00077,P00442,click,2026-06-09 22:06:26
I0001248,U00427,P00122,cart,2026-08-13 22:06:26
I0001249,U00973,P00082,view,2026-06-03 22:06:26
I0001250,U00334,P00167,view,2026-06-09 22:06:26
I0001251,U00624,P00003,click,2026-08-16 22:06:26
I0001252,U00366,P00406,click,2026-06-19 22:06:26
I0001253,U00550,P00386,view,2026-08-07 22:06:26
I0001254,U00042,P00082,view,2026-06-27 22:06:26
I0001255,U00465,P00109,view,2026-06-03 22:06:26
I0001256,U00072,P00019,click,2026-07-27 22:06:26
I0001257,U00595,P00243,view,2026-08-11 22:06:26
I0001258,U00501,P00175,click,2026-08-05 22:06:26
I0001259,U00923,P00248,cart,2026-08-09 22:06:26
I0001260,U00364,P00207,wishlist,2026-06-21 22:06:26
I0001261,U00202,P00196,view,2026-06-23 22:06:26
I0001262,U00841,P00327,wishlist,2026-08-07 22:06:26
I0001263,U00006,P00052,view,2026-07-03 22:06:26
I0001264,U00806,P00431,cart,2026-08-07 22:06:26
I0001265,U00688,P00456,click,2026-05-28 22:06:26
I0001266,U00021,P00227,click,2026-06-25 22:06:26
I0001267,U00378,P00392,cart,2026-07-09 22:06:26
I0001268,U00214,P00345,click,2026-06-23 22:06:26
I0001269,U00908,P00337,wishlist,2026-06-02 22:06:26
I0001270,U00768,P00334,view,2026-07-18 22:06:26
I0001271,U00329,P00300,view,2026-05-24 22:06:26
I0001272,U00097,P00139,view,2026-07-10 22:06:26
I0001273,U00286,P00252,view,2026-07-27 22:06:26
I0001274,U00602,P00460,click,2026-05-20 22:06:26
I0001275,U00359,P00186,click,2026-05-25 22:06:26
I0001276,U00571,P00174,click,2026-06-07 22:06:26
I0001277,U00415,P00152,click,2026-07-01 22:06:26
I0001278,U00837,P00022,view,2026-06-25 22:06:26
I0001279,U00254,P00042,click,2026-07-23 22:06:26
I0001280,U00159,P00050,view,2026-08-06 22:06:26
I0001281,U00920,P00126,view,2026-08-18 22:06:26
I0001282,U00572,P00175,view,2026-06-19 22:06:26
I0001283,U00459,P00386,view,2026-06-27 22:06:26
I0001284,U00718,P00122,wishlist,2026-06-07 22:06:26
I0001285,U00187,P00258,view,2026-07-28 22:06:26
I0001286,U00086,P00001,view,2026-07-17 22:06:26
I0001287,U00327,P00192,view,2026-08-05 22:06:26
I0001288,U00474,P00104,view,2026-06-20 22:06:26
I0001289,U00812,P00274,view,2026-06-23 22:06:26
I0001290,U00517,P00165,view,2026-07-24 22:06:26
I0001291,U00823,P00201,cart,2026-06-06 22:06:26
I0001292,U00029,P00184,click,2026-05-23 22:06:26
I0001293,U00139,P00289,cart,2026-06-11 22:06:26
I0001294,U00548,P00149,wishlist,2026-05-30 22:06:26
I0001295,U00313,P00245,view,2026-08-10 22:06:26
I0001296,U00521,P00332,cart,2026-05-31 22:06:26
I0001297,U00490,P00457,click,2026-06-13 22:06:26
I0001298,U00304,P00052,view,2026-08-03 22:06:26
I0001299,U00284,P00313,view,2026-06-17 22:06:26
I0001300,U00074,P00391,view,2026-07-24 22:06:26
I0001301,U00663,P00034,view,2026-08-14 22:06:26
I0001302,U00114,P00121,view,2026-07-14 22:06:26
I0001303,U00411,P00400,view,2026-07-16 22:06:26
I0001304,U00961,P00357,view,2026-06-19 22:06:26
I0001305,U00231,P00156,view,2026-06-29 22:06:26
I0001306,U00387,P00040,click,2026-07-16 22:06:26
I0001307,U00775,P00078,view,2026-05-27 22:06:26
I0001308,U00112,P00435,view,2026-07-04 22:06:26
I0001309,U00385,P00420,click,2026-08-18 22:06:26
I0001310,U00880,P00342,view,2026-08-12 22:06:26
I0001311,U00677,P00016,wishlist,2026-06-07 22:06:26
I0001312,U00075,P00438,click,2026-07-25 22:06:26
I0001313,U00349,P00392,view,2026-05-21 22:06:26
I0001314,U00923,P00239,view,2026-07-02 22:06:26
I0001315,U00782,P00081,view,2026-07-27 22:06:26
I0001316,U00576,P00020,wishlist,2026-07-24 22:06:26
I0001317,U00135,P00135,view,2026-07-04 22:06:26
I0001318,U00893,P00442,view,2026-06-19 22:06:26
I0001319,U00723,P00139,click,2026-05-22 22:06:26
I0001320,U00026,P00155,wishlist,2026-06-12 22:06:26
I0001321,U00354,P00250,wishlist,2026-07-25 22:06:26
I0001322,U00447,P00069,view,2026-06-30 22:06:26
I0001323,U00861,P00259,view,2026-07-31 22:06:26
I0001324,U00437,P00067,cart,2026-07-21 22:06:26
I0001325,U00111,P00061,view,2026-08-12 22:06:26
I0001326,U00466,P00347,view,2026-08-10 22:06:26
I0001327,U00742,P00478,view,2026-07-09 22:06:26
I0001328,U00591,P00438,wishlist,2026-07-26 22:06:26
I0001329,U00563,P00201,view,2026-08-13 22:06:26
I0001330,U00692,P00430,view,2026-08-11 22:06:26
I0001331,U00007,P00150,purchase,2026-06-02 22:06:26
I0001332,U00215,P00180,click,2026-07-10 22:06:26
I0001333,U00592,P00333,cart,2026-08-18 22:06:26
I0001334,U00570,P00008,view,2026-06-10 22:06:26
I0001335,U00426,P00297,view,2026-05-22 22:06:26
I0001336,U00272,P00442,view,2026-07-06 22:06:26
I0001337,U00263,P00260,purchase,2026-06-28 22:06:26
I0001338,U00962,P00385,click,2026-07-18 22:06:26
I0001339,U00983,P00125,cart,2026-06-26 22:06:26
I0001340,U00910,P00365,purchase,2026-07-22 22:06:26
I0001341,U00197,P00334,click,2026-06-28 22:06:26
I0001342,U00261,P00327,click,2026-06-18 22:06:26
I0001343,U00329,P00399,view,2026-08-06 22:06:26
I0001344,U00102,P00344,view,2026-07-04 22:06:26
I0001345,U00060,P00230,view,2026-07-27 22:06:26
I0001346,U00893,P00335,click,2026-06-14 22:06:26
I0001347,U00356,P00474,view,2026-07-04 22:06:26
I0001348,U00268,P00208,cart,2026-06-21 22:06:26
I0001349,U00333,P00423,wishlist,2026-06-28 22:06:26
I0001350,U00322,P00465,view,2026-07-20 22:06:26
I0001351,U00642,P00317,click,2026-07-11 22:06:26
I0001352,U00828,P00396,cart,2026-05-21 22:06:26
I0001353,U00480,P00002,click,2026-08-14 22:06:26
I0001354,U00501,P00240,view,2026-07-11 22:06:26
I0001355,U00318,P00268,wishlist,2026-07-14 22:06:26
I0001356,U00690,P00290,click,2026-06-18 22:06:26
I0001357,U00817,P00359,view,2026-06-08 22:06:26
I0001358,U00065,P00148,click,2026-08-06 22:06:26
I0001359,U00353,P00397,wishlist,2026-05-28 22:06:26
I0001360,U00317,P00290,click,2026-07-24 22:06:26
I0001361,U00204,P00202,click,2026-07-07 22:06:26
I0001362,U00431,P00362,view,2026-07-18 22:06:26
I0001363,U00935,P00473,cart,2026-05-26 22:06:26
I0001364,U00026,P00136,view,2026-08-18 22:06:26
I0001365,U00847,P00137,view,2026-07-16 22:06:26
I0001366,U00715,P00110,view,2026-06-09 22:06:26
I0001367,U00530,P00143,click,2026-07-17 22:06:26
I0001368,U00990,P00389,view,2026-07-22 22:06:26
I0001369,U00296,P00240,view,2026-05-29 22:06:26
I0001370,U00888,P00065,view,2026-07-31 22:06:26
I0001371,U00696,P00123,click,2026-07-14 22:06:26
I0001372,U00229,P00312,view,2026-08-16 22:06:26
I0001373,U00008,P00232,view,2026-07-28 22:06:26
I0001374,U00577,P00326,view,2026-05-25 22:06:26
I0001375,U00134,P00102,click,2026-06-20 22:06:26
I0001376,U00271,P00183,click,2026-08-10 22:06:26
I0001377,U00147,P00163,view,2026-08-18 22:06:26
I0001378,U00569,P00252,view,2026-07-06 22:06:26
I0001379,U00072,P00467,wishlist,2026-07-11 22:06:26
I0001380,U00623,P00200,click,2026-06-29 22:06:26
I0001381,U00403,P00054,wishlist,2026-08-03 22:06:26
I0001382,U00691,P00336,view,2026-05-24 22:06:26
I0001383,U00042,P00089,view,2026-08-02 22:06:26
I0001384,U00865,P00277,view,2026-06-13 22:06:26
I0001385,U00574,P00361,click,2026-08-06 22:06:26
I0001386,U00066,P00153,purchase,2026-06-24 22:06:26
I0001387,U00286,P00084,view,2026-07-29 22:06:26
I0001388,U00136,P00203,click,2026-06-09 22:06:26
I0001389,U00954,P00151,purchase,2026-07-12 22:06:26
I0001390,U00013,P00105,click,2026-06-27 22:06:26
I0001391,U00561,P00489,view,2026-06-04 22:06:26
I0001392,U00606,P00214,click,2026-07-03 22:06:26
I0001393,U00690,P00059,view,2026-06-17 22:06:26
I0001394,U00994,P00019,view,2026-05-21 22:06:26
I0001395,U00051,P00213,view,2026-06-27 22:06:26
I0001396,U00275,P00478,view,2026-06-02 22:06:26
I0001397,U00779,P00457,click,2026-08-16 22:06:26
I0001398,U00961,P00271,click,2026-05-29 22:06:26
I0001399,U00246,P00227,view,2026-08-10 22:06:26
I0001400,U00165,P00271,click,2026-07-24 22:06:26
I0001401,U00950,P00377,view,2026-06-03 22:06:26
I0001402,U00279,P00221,view,2026-08-09 22:06:26
I0001403,U00668,P00381,cart,2026-06-05 22:06:26
I0001404,U00213,P00044,click,2026-06-01 22:06:26
I0001405,U00669,P00173,view,2026-07-31 22:06:26
I0001406,U00455,P00108,view,2026-06-10 22:06:26
I0001407,U00121,P00024,click,2026-06-26 22:06:26
I0001408,U00738,P00375,cart,2026-06-16 22:06:26
I0001409,U00935,P00405,cart,2026-07-06 22:06:26
I0001410,U00612,P00422,view,2026-07-15 22:06:26
I0001411,U00699,P00304,view,2026-06-10 22:06:26
I0001412,U00838,P00120,view,2026-07-19 22:06:26
I0001413,U00116,P00026,cart,2026-07-29 22:06:26
I0001414,U00234,P00185,click,2026-05-30 22:06:26
I0001415,U00387,P00088,view,2026-08-07 22:06:26
I0001416,U00816,P00165,view,2026-07-31 22:06:26
I0001417,U00294,P00062,cart,2026-06-30 22:06:26
I0001418,U00887,P00032,view,2026-06-24 22:06:26
I0001419,U00060,P00386,view,2026-06-23 22:06:26
I0001420,U00630,P00370,view,2026-07-23 22:06:26
I0001421,U00185,P00248,view,2026-05-27 22:06:26
I0001422,U00238,P00403,view,2026-07-09 22:06:26
I0001423,U00716,P00458,view,2026-08-12 22:06:26
I0001424,U00103,P00437,view,2026-05-25 22:06:26
I0001425,U00072,P00069,purchase,2026-06-30 22:06:26
I0001426,U00369,P00119,click,2026-07-06 22:06:26
I0001427,U00563,P00134,view,2026-07-16 22:06:26
I0001428,U00609,P00426,click,2026-05-31 22:06:26
I0001429,U00345,P00098,purchase,2026-07-27 22:06:26
I0001430,U00742,P00055,wishlist,2026-07-11 22:06:26
I0001431,U00014,P00419,view,2026-06-22 22:06:26
I0001432,U00863,P00477,wishlist,2026-05-25 22:06:26
I0001433,U00335,P00167,view,2026-06-25 22:06:26
I0001434,U00506,P00122,view,2026-08-18 22:06:26
I0001435,U00765,P00017,view,2026-06-17 22:06:26
I0001436,U00434,P00192,view,2026-06-05 22:06:26
I0001437,U00132,P00285,view,2026-06-03 22:06:26
I0001438,U00890,P00311,click,2026-05-28 22:06:26
I0001439,U00350,P00193,click,2026-07-06 22:06:26
I0001440,U00392,P00071,click,2026-08-01 22:06:26
I0001441,U00162,P00257,cart,2026-06-25 22:06:26
I0001442,U00284,P00250,view,2026-08-12 22:06:26
I0001443,U00699,P00389,click,2026-05-20 22:06:26
I0001444,U00406,P00206,view,2026-06-11 22:06:26
I0001445,U00849,P00147,view,2026-06-20 22:06:26
I0001446,U00395,P00002,view,2026-06-11 22:06:26
I0001447,U00279,P00439,click,2026-06-28 22:06:26
I0001448,U00222,P00009,view,2026-07-06 22:06:26
I0001449,U00736,P00307,view,2026-05-29 22:06:26
I0001450,U00885,P00194,view,2026-06-14 22:06:26
I0001451,U00879,P00448,view,2026-07-28 22:06:26
I0001452,U00394,P00165,click,2026-07-19 22:06:26
I0001453,U00105,P00267,purchase,2026-05-23 22:06:26
I0001454,U00844,P00498,view,2026-07-05 22:06:26
I0001455,U00668,P00363,click,2026-08-14 22:06:26
I0001456,U00474,P00093,wishlist,2026-06-05 22:06:26
I0001457,U00565,P00049,wishlist,2026-07-05 22:06:26
I0001458,U00494,P00038,view,2026-08-14 22:06:26
I0001459,U00129,P00467,wishlist,2026-07-13 22:06:26
I0001460,U00570,P00112,view,2026-07-04 22:06:26
I0001461,U00718,P00459,view,2026-05-28 22:06:26
I0001462,U00803,P00351,view,2026-07-31 22:06:26
I0001463,U00074,P00220,click,2026-07-05 22:06:26
I0001464,U00403,P00019,wishlist,2026-06-11 22:06:26
I0001465,U00014,P00144,click,2026-07-06 22:06:26
I0001466,U00655,P00199,view,2026-06-24 22:06:26
I0001467,U00433,P00231,view,2026-07-27 22:06:26
I0001468,U00244,P00042,view,2026-06-01 22:06:26
I0001469,U00231,P00068,click,2026-07-25 22:06:26
I0001470,U00695,P00242,click,2026-08-13 22:06:26
I0001471,U00782,P00328,view,2026-06-07 22:06:26
I0001472,U00237,P00107,view,2026-07-29 22:06:26
I0001473,U00986,P00192,view,2026-08-10 22:06:26
I0001474,U00960,P00367,cart,2026-07-25 22:06:26
I0001475,U00908,P00150,cart,2026-08-17 22:06:26
I0001476,U00747,P00492,view,2026-05-29 22:06:26
I0001477,U00288,P00108,purchase,2026-06-08 22:06:26
I0001478,U00218,P00087,wishlist,2026-05-25 22:06:26
I0001479,U00045,P00103,view,2026-08-14 22:06:26
I0001480,U00162,P00101,click,2026-06-02 22:06:26
I0001481,U00891,P00459,view,2026-05-21 22:06:26
I0001482,U00262,P00203,click,2026-07-28 22:06:26
I0001483,U00526,P00036,view,2026-06-27 22:06:26
I0001484,U00514,P00096,click,2026-08-09 22:06:26
I0001485,U00401,P00312,wishlist,2026-08-15 22:06:26
I0001486,U00945,P00254,view,2026-05-24 22:06:26
I0001487,U00385,P00265,view,2026-05-26 22:06:26
I0001488,U00675,P00364,view,2026-05-21 22:06:26
I0001489,U00445,P00011,click,2026-06-01 22:06:26
I0001490,U00441,P00212,view,2026-08-07 22:06:26
I0001491,U00388,P00111,view,2026-07-03 22:06:26
I0001492,U00262,P00138,purchase,2026-08-04 22:06:26
I0001493,U00526,P00379,wishlist,2026-08-02 22:06:26
I0001494,U00123,P00288,view,2026-07-14 22:06:26
I0001495,U00019,P00348,click,2026-08-02 22:06:26
I0001496,U00385,P00205,cart,2026-08-14 22:06:26
I0001497,U00104,P00093,cart,2026-08-16 22:06:26
I0001498,U00725,P00081,view,2026-07-22 22:06:26
I0001499,U00685,P00075,click,2026-07-26 22:06:26
I0001500,U00449,P00248,view,2026-06-20 22:06:26
I0001501,U00533,P00125,click,2026-05-21 22:06:26
I0001502,U00612,P00450,click,2026-07-10 22:06:26
I0001503,U00225,P00424,click,2026-08-08 22:06:26
I0001504,U00726,P00166,wishlist,2026-05-25 22:06:26
I0001505,U00535,P00195,cart,2026-07-10 22:06:26
I0001506,U00957,P00102,view,2026-08-11 22:06:26
I0001507,U00324,P00059,view,2026-05-26 22:06:26
I0001508,U00473,P00239,view,2026-06-25 22:06:26
I0001509,U00783,P00221,view,2026-06-27 22:06:26
I0001510,U00121,P00469,click,2026-07-30 22:06:26
I0001511,U00375,P00270,view,2026-08-08 22:06:26
I0001512,U00010,P00445,view,2026-06-16 22:06:26
I0001513,U00898,P00240,wishlist,2026-07-21 22:06:26
I0001514,U00685,P00340,click,2026-07-20 22:06:26
I0001515,U00722,P00397,view,2026-06-05 22:06:26
I0001516,U00504,P00397,view,2026-06-05 22:06:26
I0001517,U00320,P00321,view,2026-08-16 22:06:26
I0001518,U00457,P00252,cart,2026-07-20 22:06:26
I0001519,U00981,P00327,click,2026-08-18 22:06:26
I0001520,U00130,P00413,click,2026-05-27 22:06:26
I0001521,U00119,P00106,view,2026-05-30 22:06:26
I0001522,U00946,P00201,click,2026-07-01 22:06:26
I0001523,U00444,P00418,view,2026-07-06 22:06:26
I0001524,U00061,P00416,view,2026-07-12 22:06:26
I0001525,U00651,P00342,view,2026-06-21 22:06:26
I0001526,U00285,P00284,click,2026-06-12 22:06:26
I0001527,U00837,P00363,view,2026-08-10 22:06:26
I0001528,U00525,P00030,click,2026-07-27 22:06:26
I0001529,U00117,P00265,click,2026-07-31 22:06:26
I0001530,U00044,P00044,wishlist,2026-06-07 22:06:26
I0001531,U00448,P00394,view,2026-06-25 22:06:26
I0001532,U00857,P00491,click,2026-07-13 22:06:26
I0001533,U00231,P00420,click,2026-06-28 22:06:26
I0001534,U00657,P00089,view,2026-06-23 22:06:26
I0001535,U00077,P00319,view,2026-07-31 22:06:26
I0001536,U00024,P00272,purchase,2026-07-15 22:06:26
I0001537,U00631,P00255,cart,2026-06-14 22:06:26
I0001538,U00056,P00056,view,2026-05-20 22:06:26
I0001539,U00167,P00430,cart,2026-07-29 22:06:26
I0001540,U00101,P00123,click,2026-06-15 22:06:26
I0001541,U00743,P00276,view,2026-07-17 22:06:26
I0001542,U00198,P00224,view,2026-06-27 22:06:26
I0001543,U00504,P00257,view,2026-07-18 22:06:26
I0001544,U00719,P00226,view,2026-07-30 22:06:26
I0001545,U00601,P00419,view,2026-07-09 22:06:26
I0001546,U00092,P00341,view,2026-07-25 22:06:26
I0001547,U00264,P00367,cart,2026-05-24 22:06:26
I0001548,U00265,P00383,view,2026-08-05 22:06:26
I0001549,U00351,P00455,click,2026-07-11 22:06:26
I0001550,U00983,P00487,click,2026-07-19 22:06:26
I0001551,U00748,P00461,cart,2026-08-07 22:06:26
I0001552,U00072,P00162,click,2026-08-15 22:06:26
I0001553,U00422,P00211,purchase,2026-07-03 22:06:26
I0001554,U00541,P00150,click,2026-06-08 22:06:26
I0001555,U00658,P00487,view,2026-06-18 22:06:26
I0001556,U00049,P00375,view,2026-07-05 22:06:26
I0001557,U00632,P00073,click,2026-06-08 22:06:26
I0001558,U00276,P00115,view,2026-06-04 22:06:26
I0001559,U00463,P00453,view,2026-06-19 22:06:26
I0001560,U00962,P00238,click,2026-08-14 22:06:26
I0001561,U00973,P00172,purchase,2026-06-23 22:06:26
I0001562,U00191,P00046,purchase,2026-08-14 22:06:26
I0001563,U00325,P00031,view,2026-07-31 22:06:26
I0001564,U00533,P00169,view,2026-07-30 22:06:26
I0001565,U00112,P00113,view,2026-07-29 22:06:26
I0001566,U00260,P00236,purchase,2026-07-12 22:06:26
I0001567,U00457,P00220,view,2026-07-03 22:06:26
I0001568,U00440,P00192,click,2026-07-01 22:06:26
I0001569,U00100,P00460,cart,2026-07-24 22:06:26
I0001570,U00526,P00205,view,2026-05-21 22:06:26
I0001571,U00629,P00258,purchase,2026-08-13 22:06:26
I0001572,U00350,P00424,click,2026-08-09 22:06:26
I0001573,U00740,P00210,view,2026-08-15 22:06:26
I0001574,U00132,P00249,view,2026-06-24 22:06:26
I0001575,U00547,P00416,view,2026-06-07 22:06:26
I0001576,U00154,P00194,wishlist,2026-05-31 22:06:26
I0001577,U00877,P00066,purchase,2026-08-09 22:06:26
I0001578,U00936,P00161,wishlist,2026-05-30 22:06:26
I0001579,U00107,P00487,cart,2026-06-13 22:06:26
I0001580,U00448,P00216,view,2026-08-02 22:06:26
I0001581,U00871,P00259,view,2026-05-21 22:06:26
I0001582,U00162,P00400,view,2026-07-29 22:06:26
I0001583,U00937,P00202,cart,2026-07-23 22:06:26
I0001584,U00683,P00160,view,2026-08-12 22:06:26
I0001585,U00089,P00019,click,2026-05-25 22:06:26
I0001586,U00706,P00097,click,2026-06-16 22:06:26
I0001587,U00649,P00184,view,2026-06-02 22:06:26
I0001588,U00728,P00121,wishlist,2026-08-13 22:06:26
I0001589,U00140,P00378,cart,2026-07-07 22:06:26
I0001590,U00408,P00340,view,2026-08-18 22:06:26
I0001591,U00265,P00031,view,2026-07-11 22:06:26
I0001592,U00537,P00031,view,2026-07-30 22:06:26
I0001593,U00580,P00107,view,2026-06-29 22:06:26
I0001594,U00920,P00111,click,2026-07-14 22:06:26
I0001595,U00157,P00425,view,2026-06-17 22:06:26
I0001596,U00998,P00243,click,2026-06-03 22:06:26
I0001597,U00369,P00321,wishlist,2026-07-31 22:06:26
I0001598,U00310,P00438,view,2026-06-13 22:06:26
I0001599,U00469,P00199,view,2026-07-31 22:06:26
I0001600,U00937,P00049,click,2026-06-30 22:06:26
I0001601,U00110,P00306,cart,2026-07-06 22:06:26
I0001602,U00491,P00023,click,2026-06-24 22:06:26
I0001603,U00558,P00382,click,2026-06-12 22:06:26
I0001604,U00809,P00355,view,2026-07-01 22:06:26
I0001605,U00761,P00436,view,2026-07-21 22:06:26
I0001606,U00397,P00483,view,2026-07-03 22:06:26
I0001607,U00240,P00225,click,2026-06-11 22:06:26
I0001608,U00414,P00265,view,2026-06-21 22:06:26
I0001609,U00738,P00203,click,2026-06-12 22:06:26
I0001610,U00227,P00086,purchase,2026-06-29 22:06:26
I0001611,U00116,P00275,view,2026-08-11 22:06:26
I0001612,U00574,P00489,view,2026-05-20 22:06:26
I0001613,U00181,P00335,view,2026-08-12 22:06:26
I0001614,U00957,P00322,view,2026-08-11 22:06:26
I0001615,U00307,P00276,click,2026-07-25 22:06:26
I0001616,U00442,P00226,view,2026-07-22 22:06:26
I0001617,U00331,P00039,view,2026-08-11 22:06:26
I0001618,U00646,P00029,view,2026-06-29 22:06:26
I0001619,U00061,P00295,click,2026-08-05 22:06:26
I0001620,U00864,P00079,view,2026-06-15 22:06:26
I0001621,U00260,P00448,view,2026-08-01 22:06:26
I0001622,U00800,P00468,view,2026-07-23 22:06:26
I0001623,U00805,P00500,view,2026-06-23 22:06:26
I0001624,U00500,P00210,cart,2026-05-29 22:06:26
I0001625,U00507,P00124,click,2026-05-23 22:06:26
I0001626,U00692,P00019,click,2026-08-15 22:06:26
I0001627,U00703,P00228,click,2026-06-24 22:06:26
I0001628,U00890,P00219,wishlist,2026-07-26 22:06:26
I0001629,U00874,P00130,view,2026-08-13 22:06:26
I0001630,U00835,P00350,view,2026-06-20 22:06:26
I0001631,U00034,P00136,view,2026-06-14 22:06:26
I0001632,U00099,P00480,view,2026-06-24 22:06:26
I0001633,U00132,P00069,view,2026-05-23 22:06:26
I0001634,U00992,P00286,wishlist,2026-07-12 22:06:26
I0001635,U00601,P00459,click,2026-06-01 22:06:26
I0001636,U00769,P00226,view,2026-07-01 22:06:26
I0001637,U00825,P00033,view,2026-07-04 22:06:26
I0001638,U00823,P00135,cart,2026-07-20 22:06:26
I0001639,U00114,P00065,view,2026-08-01 22:06:26
I0001640,U00438,P00425,click,2026-08-11 22:06:26
I0001641,U00394,P00216,view,2026-07-01 22:06:26
I0001642,U00203,P00298,wishlist,2026-06-20 22:06:26
I0001643,U00419,P00215,view,2026-05-24 22:06:26
I0001644,U00784,P00491,view,2026-08-14 22:06:26
I0001645,U00081,P00077,view,2026-06-23 22:06:26
I0001646,U00040,P00121,cart,2026-07-10 22:06:26
I0001647,U00009,P00341,view,2026-05-31 22:06:26
I0001648,U00466,P00095,click,2026-06-23 22:06:26
I0001649,U00231,P00284,cart,2026-07-01 22:06:26
I0001650,U00096,P00363,click,2026-07-14 22:06:26
I0001651,U00545,P00061,purchase,2026-08-15 22:06:26
I0001652,U00094,P00211,view,2026-05-23 22:06:26
I0001653,U00216,P00364,wishlist,2026-06-26 22:06:26
I0001654,U00899,P00268,wishlist,2026-06-28 22:06:26
I0001655,U00130,P00498,view,2026-06-20 22:06:26
I0001656,U00164,P00266,wishlist,2026-06-20 22:06:26
I0001657,U00431,P00014,view,2026-08-01 22:06:26
I0001658,U00219,P00033,view,2026-08-12 22:06:26
I0001659,U00771,P00317,wishlist,2026-07-29 22:06:26
I0001660,U00709,P00298,click,2026-07-27 22:06:26
I0001661,U00612,P00280,cart,2026-05-23 22:06:26
I0001662,U00097,P00009,purchase,2026-05-30 22:06:26
I0001663,U00112,P00403,view,2026-06-03 22:06:26
I0001664,U00014,P00205,wishlist,2026-05-25 22:06:26
I0001665,U00035,P00315,wishlist,2026-07-22 22:06:26
I0001666,U00726,P00473,cart,2026-06-02 22:06:26
I0001667,U00318,P00061,click,2026-07-08 22:06:26
I0001668,U00769,P00479,wishlist,2026-07-10 22:06:26
I0001669,U00935,P00190,click,2026-07-11 22:06:26
I0001670,U00666,P00143,view,2026-06-13 22:06:26
I0001671,U00575,P00424,click,2026-07-01 22:06:26
I0001672,U00252,P00498,view,2026-07-21 22:06:26
I0001673,U00946,P00022,click,2026-07-16 22:06:26
I0001674,U00198,P00129,view,2026-06-25 22:06:26
I0001675,U00302,P00199,view,2026-07-21 22:06:26
I0001676,U00231,P00242,view,2026-06-18 22:06:26
I0001677,U00640,P00262,view,2026-06-05 22:06:26
I0001678,U00667,P00409,view,2026-07-17 22:06:26
I0001679,U00577,P00239,click,2026-08-06 22:06:26
I0001680,U00541,P00352,view,2026-05-29 22:06:26
I0001681,U00254,P00237,view,2026-06-30 22:06:26
I0001682,U00552,P00420,view,2026-05-21 22:06:26
I0001683,U00971,P00040,click,2026-07-19 22:06:26
I0001684,U00146,P00495,click,2026-05-21 22:06:26
I0001685,U00157,P00367,view,2026-05-26 22:06:26
I0001686,U00075,P00248,view,2026-06-16 22:06:26
I0001687,U00186,P00034,view,2026-06-09 22:06:26
I0001688,U00784,P00115,view,2026-08-07 22:06:26
I0001689,U00163,P00341,view,2026-06-19 22:06:26
I0001690,U00249,P00351,cart,2026-07-06 22:06:26
I0001691,U00085,P00230,view,2026-07-02 22:06:26
I0001692,U00949,P00469,click,2026-07-09 22:06:26
I0001693,U00233,P00107,view,2026-08-08 22:06:26
I0001694,U00412,P00344,view,2026-06-17 22:06:26
I0001695,U00471,P00242,view,2026-07-01 22:06:26
I0001696,U00178,P00078,cart,2026-06-13 22:06:26
I0001697,U00102,P00460,view,2026-07-22 22:06:26
I0001698,U00487,P00150,click,2026-08-16 22:06:26
I0001699,U00176,P00042,click,2026-07-21 22:06:26
I0001700,U00062,P00095,view,2026-07-28 22:06:26
I0001701,U00478,P00311,view,2026-06-21 22:06:26
I0001702,U00284,P00359,click,2026-08-15 22:06:26
I0001703,U00324,P00282,view,2026-08-02 22:06:26
I0001704,U00165,P00389,cart,2026-05-28 22:06:26
I0001705,U00045,P00298,view,2026-07-22 22:06:26
I0001706,U00738,P00367,view,2026-08-13 22:06:26
I0001707,U00160,P00154,view,2026-06-25 22:06:26
I0001708,U00749,P00222,click,2026-07-24 22:06:26
I0001709,U00630,P00134,click,2026-06-21 22:06:26
I0001710,U00057,P00171,view,2026-06-10 22:06:26
I0001711,U00523,P00302,view,2026-07-27 22:06:26
I0001712,U00152,P00385,cart,2026-08-07 22:06:26
I0001713,U00620,P00015,view,2026-06-19 22:06:26
I0001714,U00741,P00092,wishlist,2026-06-15 22:06:26
I0001715,U00526,P00266,cart,2026-05-25 22:06:26
I0001716,U00721,P00419,click,2026-07-31 22:06:26
I0001717,U00893,P00479,view,2026-06-27 22:06:26
I0001718,U00997,P00211,view,2026-07-07 22:06:26
I0001719,U00926,P00111,view,2026-07-29 22:06:26
I0001720,U00650,P00087,view,2026-06-06 22:06:26
I0001721,U00808,P00494,view,2026-07-13 22:06:26
I0001722,U00027,P00203,wishlist,2026-07-19 22:06:26
I0001723,U00465,P00428,view,2026-06-10 22:06:26
I0001724,U00391,P00206,view,2026-05-23 22:06:26
I0001725,U00819,P00212,click,2026-05-30 22:06:26
I0001726,U00088,P00018,wishlist,2026-06-16 22:06:26
I0001727,U00922,P00346,click,2026-08-04 22:06:26
I0001728,U00148,P00486,click,2026-06-07 22:06:26
I0001729,U00404,P00320,click,2026-05-20 22:06:26
I0001730,U00266,P00139,view,2026-06-11 22:06:26
I0001731,U00201,P00076,purchase,2026-06-03 22:06:26
I0001732,U00965,P00413,wishlist,2026-06-15 22:06:26
I0001733,U00849,P00119,cart,2026-08-17 22:06:26
I0001734,U00410,P00059,click,2026-06-15 22:06:26
I0001735,U00869,P00234,view,2026-05-21 22:06:26
I0001736,U00711,P00016,wishlist,2026-07-22 22:06:26
I0001737,U00144,P00068,view,2026-06-06 22:06:26
I0001738,U00064,P00055,view,2026-07-14 22:06:26
I0001739,U00408,P00123,wishlist,2026-08-11 22:06:26
I0001740,U00312,P00157,cart,2026-05-23 22:06:26
I0001741,U00409,P00164,click,2026-07-04 22:06:26
I0001742,U00495,P00223,wishlist,2026-06-13 22:06:26
I0001743,U00940,P00129,wishlist,2026-07-31 22:06:26
I0001744,U00772,P00486,view,2026-05-27 22:06:26
I0001745,U00985,P00238,view,2026-08-01 22:06:26
I0001746,U00250,P00028,click,2026-06-06 22:06:26
I0001747,U00510,P00219,view,2026-07-15 22:06:26
I0001748,U00161,P00064,view,2026-05-23 22:06:26
I0001749,U00026,P00140,cart,2026-08-05 22:06:26
I0001750,U00213,P00358,click,2026-05-28 22:06:26
I0001751,U00696,P00398,view,2026-06-07 22:06:26
I0001752,U00415,P00342,click,2026-07-26 22:06:26
I0001753,U00762,P00103,view,2026-07-02 22:06:26
I0001754,U00994,P00413,view,2026-06-11 22:06:26
I0001755,U00449,P00251,wishlist,2026-06-20 22:06:26
I0001756,U00927,P00322,view,2026-06-13 22:06:26
I0001757,U00868,P00151,view,2026-06-07 22:06:26
I0001758,U00918,P00093,click,2026-06-25 22:06:26
I0001759,U00373,P00066,view,2026-05-28 22:06:26
I0001760,U00714,P00213,click,2026-07-22 22:06:26
I0001761,U00209,P00474,wishlist,2026-07-11 22:06:26
I0001762,U00919,P00166,click,2026-05-21 22:06:26
I0001763,U00586,P00148,view,2026-06-22 22:06:26
I0001764,U00471,P00113,view,2026-08-04 22:06:26
I0001765,U00858,P00433,view,2026-07-15 22:06:26
I0001766,U00024,P00489,cart,2026-06-22 22:06:26
I0001767,U00223,P00155,wishlist,2026-05-26 22:06:26
I0001768,U00237,P00311,purchase,2026-08-17 22:06:26
I0001769,U00824,P00398,click,2026-05-26 22:06:26
I0001770,U00110,P00322,view,2026-06-17 22:06:26
I0001771,U00639,P00138,click,2026-08-08 22:06:26
I0001772,U00651,P00239,view,2026-05-24 22:06:26
I0001773,U00921,P00375,view,2026-05-28 22:06:26
I0001774,U00377,P00258,view,2026-07-13 22:06:26
I0001775,U00250,P00327,click,2026-06-07 22:06:26
I0001776,U00981,P00441,click,2026-08-18 22:06:26
I0001777,U00529,P00443,view,2026-08-09 22:06:26
I0001778,U00668,P00192,view,2026-07-07 22:06:26
I0001779,U00808,P00275,view,2026-06-01 22:06:26
I0001780,U00124,P00208,click,2026-08-03 22:06:26
I0001781,U00113,P00495,view,2026-08-17 22:06:26
I0001782,U00055,P00357,view,2026-08-12 22:06:26
I0001783,U00223,P00045,view,2026-05-27 22:06:26
I0001784,U00108,P00050,view,2026-06-02 22:06:26
I0001785,U00622,P00244,view,2026-06-27 22:06:26
I0001786,U00956,P00456,view,2026-08-05 22:06:26
I0001787,U00532,P00377,view,2026-06-17 22:06:26
I0001788,U00747,P00193,wishlist,2026-07-27 22:06:26
I0001789,U00605,P00305,cart,2026-05-20 22:06:26
I0001790,U00337,P00022,click,2026-07-24 22:06:26
I0001791,U00776,P00383,view,2026-07-31 22:06:26
I0001792,U00294,P00394,click,2026-06-05 22:06:26
I0001793,U00953,P00034,view,2026-08-13 22:06:26
I0001794,U00788,P00112,view,2026-08-13 22:06:26
I0001795,U00641,P00386,cart,2026-05-20 22:06:26
I0001796,U00403,P00117,purchase,2026-07-01 22:06:26
I0001797,U00019,P00364,view,2026-07-31 22:06:26
I0001798,U00498,P00324,view,2026-08-18 22:06:26
I0001799,U00145,P00216,cart,2026-06-18 22:06:26
I0001800,U00356,P00002,click,2026-05-31 22:06:26
I0001801,U00737,P00209,click,2026-06-14 22:06:26
I0001802,U00332,P00492,cart,2026-07-19 22:06:26
I0001803,U00264,P00234,click,2026-07-19 22:06:26
I0001804,U00800,P00410,wishlist,2026-06-02 22:06:26
I0001805,U00325,P00061,view,2026-07-06 22:06:26
I0001806,U00176,P00205,view,2026-07-29 22:06:26
I0001807,U00222,P00471,view,2026-06-21 22:06:26
I0001808,U00879,P00228,click,2026-07-10 22:06:26
I0001809,U00127,P00283,view,2026-06-01 22:06:26
I0001810,U00359,P00233,cart,2026-07-27 22:06:26
I0001811,U00494,P00433,cart,2026-08-05 22:06:26
I0001812,U00729,P00267,view,2026-07-13 22:06:26
I0001813,U00536,P00120,click,2026-08-13 22:06:26
I0001814,U00234,P00366,view,2026-08-06 22:06:26
I0001815,U00700,P00219,click,2026-07-13 22:06:26
I0001816,U00084,P00411,wishlist,2026-08-09 22:06:26
I0001817,U00312,P00178,view,2026-08-15 22:06:26
I0001818,U00504,P00308,purchase,2026-06-30 22:06:26
I0001819,U00281,P00198,click,2026-06-03 22:06:26
I0001820,U00512,P00281,wishlist,2026-06-13 22:06:26
I0001821,U00421,P00086,cart,2026-06-27 22:06:26
I0001822,U00475,P00063,wishlist,2026-06-02 22:06:26
I0001823,U00969,P00300,view,2026-05-26 22:06:26
I0001824,U00547,P00106,view,2026-07-05 22:06:26
I0001825,U00459,P00469,view,2026-08-14 22:06:26
I0001826,U00169,P00488,view,2026-06-27 22:06:26
I0001827,U00747,P00023,view,2026-07-09 22:06:26
I0001828,U00003,P00267,view,2026-07-28 22:06:26
I0001829,U00432,P00109,purchase,2026-07-22 22:06:26
I0001830,U00997,P00223,view,2026-07-21 22:06:26
I0001831,U00473,P00122,wishlist,2026-06-14 22:06:26
I0001832,U00473,P00214,click,2026-06-27 22:06:26
I0001833,U00138,P00418,cart,2026-08-17 22:06:26
I0001834,U00626,P00090,view,2026-08-09 22:06:26
I0001835,U00817,P00311,view,2026-08-11 22:06:26
I0001836,U00978,P00070,view,2026-06-30 22:06:26
I0001837,U00500,P00362,view,2026-07-07 22:06:26
I0001838,U00112,P00392,click,2026-06-01 22:06:26
I0001839,U00743,P00398,view,2026-08-14 22:06:26
I0001840,U00795,P00442,purchase,2026-05-20 22:06:26
I0001841,U00690,P00423,view,2026-08-13 22:06:26
I0001842,U00099,P00149,click,2026-06-27 22:06:26
I0001843,U00795,P00408,view,2026-08-18 22:06:26
I0001844,U00272,P00354,purchase,2026-07-28 22:06:26
I0001845,U00575,P00400,view,2026-08-18 22:06:26
I0001846,U00320,P00193,view,2026-07-31 22:06:26
I0001847,U00810,P00451,cart,2026-06-27 22:06:26
I0001848,U00229,P00449,cart,2026-07-16 22:06:26
I0001849,U00983,P00455,view,2026-08-14 22:06:26
I0001850,U00437,P00209,view,2026-07-25 22:06:26
I0001851,U00253,P00314,view,2026-06-26 22:06:26
I0001852,U00284,P00426,click,2026-05-31 22:06:26
I0001853,U00649,P00171,cart,2026-05-20 22:06:26
I0001854,U00063,P00238,view,2026-07-10 22:06:26
I0001855,U00889,P00109,view,2026-05-21 22:06:26
I0001856,U00818,P00024,wishlist,2026-06-08 22:06:26
I0001857,U00744,P00209,cart,2026-05-25 22:06:26
I0001858,U00508,P00472,click,2026-07-03 22:06:26
I0001859,U00944,P00223,cart,2026-08-17 22:06:26
I0001860,U00760,P00492,click,2026-05-29 22:06:26
I0001861,U00646,P00409,click,2026-05-28 22:06:26
I0001862,U00904,P00406,view,2026-07-03 22:06:26
I0001863,U00835,P00339,view,2026-06-30 22:06:26
I0001864,U00494,P00205,click,2026-06-24 22:06:26
I0001865,U00467,P00095,click,2026-08-18 22:06:26
I0001866,U00171,P00032,view,2026-05-27 22:06:26
I0001867,U00525,P00461,view,2026-06-04 22:06:26
I0001868,U00349,P00136,click,2026-07-22 22:06:26
I0001869,U00575,P00152,click,2026-06-21 22:06:26
I0001870,U00471,P00353,view,2026-06-24 22:06:26
I0001871,U00537,P00135,cart,2026-06-24 22:06:26
I0001872,U00467,P00495,click,2026-07-15 22:06:26
I0001873,U00957,P00163,click,2026-05-26 22:06:26
I0001874,U00563,P00187,cart,2026-05-23 22:06:26
I0001875,U00053,P00105,click,2026-07-18 22:06:26
I0001876,U00688,P00182,wishlist,2026-07-17 22:06:26
I0001877,U00646,P00225,view,2026-06-10 22:06:26
I0001878,U00677,P00226,click,2026-08-06 22:06:26
I0001879,U00305,P00158,view,2026-07-31 22:06:26
I0001880,U00981,P00445,view,2026-07-21 22:06:26
I0001881,U00712,P00217,cart,2026-06-16 22:06:26
I0001882,U00147,P00365,view,2026-06-23 22:06:26
I0001883,U00387,P00004,view,2026-06-21 22:06:26
I0001884,U00281,P00125,click,2026-07-16 22:06:26
I0001885,U00681,P00041,cart,2026-08-11 22:06:26
I0001886,U00423,P00326,view,2026-07-21 22:06:26
I0001887,U00041,P00265,click,2026-07-11 22:06:26
I0001888,U00928,P00143,view,2026-05-30 22:06:26
I0001889,U00836,P00395,click,2026-06-07 22:06:26
I0001890,U00254,P00399,view,2026-07-29 22:06:26
I0001891,U00303,P00085,click,2026-06-19 22:06:26
I0001892,U00096,P00221,purchase,2026-06-02 22:06:26
I0001893,U00225,P00096,wishlist,2026-08-03 22:06:26
I0001894,U00764,P00484,view,2026-07-20 22:06:26
I0001895,U00962,P00450,view,2026-06-23 22:06:26
I0001896,U00812,P00266,click,2026-05-24 22:06:26
I0001897,U00404,P00419,view,2026-06-02 22:06:26
I0001898,U00308,P00396,purchase,2026-07-18 22:06:26
I0001899,U00787,P00388,wishlist,2026-07-10 22:06:26
I0001900,U00867,P00482,click,2026-05-25 22:06:26
I0001901,U00890,P00288,cart,2026-08-08 22:06:26
I0001902,U00255,P00364,view,2026-06-19 22:06:26
I0001903,U00283,P00476,wishlist,2026-07-06 22:06:26
I0001904,U00777,P00013,view,2026-08-11 22:06:26
I0001905,U00603,P00436,view,2026-07-25 22:06:26
I0001906,U00402,P00173,view,2026-06-16 22:06:26
I0001907,U00819,P00087,view,2026-07-16 22:06:26
I0001908,U00638,P00213,cart,2026-07-26 22:06:26
I0001909,U00988,P00385,view,2026-06-08 22:06:26
I0001910,U00505,P00478,wishlist,2026-08-03 22:06:26
I0001911,U00944,P00140,click,2026-06-09 22:06:26
I0001912,U00462,P00049,purchase,2026-08-07 22:06:26
I0001913,U00893,P00491,view,2026-05-27 22:06:26
I0001914,U00211,P00087,click,2026-08-04 22:06:26
I0001915,U00405,P00406,click,2026-07-15 22:06:26
I0001916,U00399,P00460,click,2026-07-14 22:06:26
I0001917,U00439,P00458,view,2026-07-14 22:06:26
I0001918,U00039,P00443,wishlist,2026-06-14 22:06:26
I0001919,U00032,P00163,view,2026-08-10 22:06:26
I0001920,U00287,P00021,view,2026-08-11 22:06:26
I0001921,U00038,P00229,view,2026-05-28 22:06:26
I0001922,U00660,P00075,cart,2026-06-11 22:06:26
I0001923,U00921,P00448,click,2026-07-11 22:06:26
I0001924,U00431,P00061,click,2026-07-30 22:06:26
I0001925,U00004,P00232,wishlist,2026-07-09 22:06:26
I0001926,U00587,P00371,view,2026-06-19 22:06:26
I0001927,U00154,P00118,cart,2026-08-12 22:06:26
I0001928,U00915,P00110,view,2026-06-30 22:06:26
I0001929,U00144,P00151,click,2026-06-16 22:06:26
I0001930,U00945,P00002,view,2026-05-30 22:06:26
I0001931,U00116,P00071,cart,2026-07-25 22:06:26
I0001932,U00544,P00211,cart,2026-07-23 22:06:26
I0001933,U00751,P00338,view,2026-06-14 22:06:26
I0001934,U00816,P00002,view,2026-06-16 22:06:26
I0001935,U00535,P00153,click,2026-06-09 22:06:26
I0001936,U00071,P00075,click,2026-08-06 22:06:26
I0001937,U00150,P00207,click,2026-08-10 22:06:26
I0001938,U00931,P00310,view,2026-06-10 22:06:26
I0001939,U00362,P00417,view,2026-08-13 22:06:26
I0001940,U00889,P00183,view,2026-07-02 22:06:26
I0001941,U00366,P00415,wishlist,2026-07-27 22:06:26
I0001942,U00397,P00017,wishlist,2026-07-08 22:06:26
I0001943,U00472,P00015,view,2026-07-31 22:06:26
I0001944,U00928,P00390,view,2026-07-19 22:06:26
I0001945,U00478,P00458,cart,2026-08-01 22:06:26
I0001946,U00092,P00499,view,2026-08-15 22:06:26
I0001947,U00782,P00065,view,2026-08-17 22:06:26
I0001948,U00045,P00424,view,2026-07-07 22:06:26
I0001949,U00145,P00047,view,2026-06-20 22:06:26
I0001950,U00034,P00094,view,2026-05-30 22:06:26
I0001951,U00389,P00183,click,2026-07-23 22:06:26
I0001952,U00472,P00232,wishlist,2026-05-21 22:06:26
I0001953,U00772,P00500,view,2026-06-19 22:06:26
I0001954,U00042,P00066,click,2026-08-05 22:06:26
I0001955,U00027,P00384,click,2026-07-05 22:06:26
I0001956,U00387,P00387,view,2026-08-07 22:06:26
I0001957,U00682,P00027,wishlist,2026-05-24 22:06:26
I0001958,U00456,P00052,view,2026-06-16 22:06:26
I0001959,U00321,P00304,wishlist,2026-08-15 22:06:26
I0001960,U00460,P00465,wishlist,2026-06-06 22:06:26
I0001961,U00461,P00341,cart,2026-08-11 22:06:26
I0001962,U00562,P00463,purchase,2026-07-03 22:06:26
I0001963,U00329,P00182,view,2026-05-20 22:06:26
I0001964,U00633,P00244,click,2026-06-12 22:06:26
I0001965,U00062,P00084,click,2026-08-01 22:06:26
I0001966,U00874,P00109,click,2026-05-26 22:06:26
I0001967,U00209,P00086,view,2026-06-14 22:06:26
I0001968,U00932,P00141,click,2026-07-26 22:06:26
I0001969,U00510,P00469,click,2026-08-14 22:06:26
I0001970,U00043,P00021,view,2026-05-23 22:06:26
I0001971,U00576,P00445,wishlist,2026-07-04 22:06:26
I0001972,U00516,P00453,view,2026-07-18 22:06:26
I0001973,U00774,P00080,view,2026-06-22 22:06:26
I0001974,U00898,P00232,view,2026-07-09 22:06:26
I0001975,U00856,P00201,purchase,2026-08-02 22:06:26
I0001976,U00501,P00069,wishlist,2026-07-06 22:06:26
I0001977,U00503,P00194,view,2026-06-28 22:06:26
I0001978,U00957,P00274,view,2026-06-14 22:06:26
I0001979,U01000,P00114,view,2026-05-20 22:06:26
I0001980,U00704,P00033,purchase,2026-07-01 22:06:26
I0001981,U00473,P00488,view,2026-07-19 22:06:26
I0001982,U00625,P00279,cart,2026-06-03 22:06:26
I0001983,U00804,P00346,click,2026-07-07 22:06:26
I0001984,U00593,P00435,view,2026-05-29 22:06:26
I0001985,U00249,P00496,view,2026-06-03 22:06:26
I0001986,U00029,P00278,cart,2026-05-26 22:06:26
I0001987,U00820,P00332,view,2026-08-08 22:06:26
I0001988,U00446,P00120,view,2026-07-09 22:06:26
I0001989,U00222,P00160,click,2026-08-07 22:06:26
I0001990,U00934,P00075,click,2026-06-01 22:06:26
I0001991,U00225,P00442,click,2026-08-08 22:06:26
I0001992,U00238,P00093,view,2026-08-18 22:06:26
I0001993,U00456,P00491,click,2026-07-20 22:06:26
I0001994,U00391,P00004,click,2026-07-13 22:06:26
I0001995,U00098,P00304,cart,2026-08-17 22:06:26
I0001996,U00019,P00304,view,2026-06-25 22:06:26
I0001997,U00685,P00352,cart,2026-08-05 22:06:26
I0001998,U00506,P00365,cart,2026-07-25 22:06:26
I0001999,U00870,P00125,view,2026-06-24 22:06:26
I0002000,U00174,P00197,view,2026-07-15 22:06:26
I0002001,U00016,P00330,purchase,2026-08-18 22:06:26
I0002002,U00803,P00133,view,2026-06-23 22:06:26
I0002003,U00280,P00301,view,2026-06-23 22:06:26
I0002004,U00161,P00384,click,2026-06-06 22:06:26
I0002005,U00863,P00420,wishlist,2026-07-27 22:06:26
I0002006,U00769,P00058,view,2026-08-18 22:06:26
I0002007,U00751,P00057,view,2026-06-14 22:06:26
I0002008,U00621,P00078,purchase,2026-06-10 22:06:26
I0002009,U00992,P00433,click,2026-07-27 22:06:26
I0002010,U00564,P00217,cart,2026-06-19 22:06:26
I0002011,U00456,P00097,view,2026-07-18 22:06:26
I0002012,U00455,P00320,view,2026-07-06 22:06:26
I0002013,U00665,P00122,view,2026-06-11 22:06:26
I0002014,U00152,P00279,view,2026-06-17 22:06:26
I0002015,U00470,P00237,click,2026-05-29 22:06:26
I0002016,U00123,P00194,click,2026-07-19 22:06:26
I0002017,U00592,P00234,view,2026-08-14 22:06:26
I0002018,U00663,P00233,click,2026-05-25 22:06:26
I0002019,U00890,P00149,view,2026-06-21 22:06:26
I0002020,U00687,P00414,wishlist,2026-08-09 22:06:26
I0002021,U00755,P00264,view,2026-07-24 22:06:26
I0002022,U00507,P00438,view,2026-06-23 22:06:26
I0002023,U00488,P00257,view,2026-05-21 22:06:26
I0002024,U00637,P00171,cart,2026-06-01 22:06:26
I0002025,U00441,P00347,view,2026-06-17 22:06:26
I0002026,U00702,P00405,view,2026-05-21 22:06:26
I0002027,U00766,P00044,view,2026-08-09 22:06:26
I0002028,U00588,P00251,click,2026-06-25 22:06:26
I0002029,U00156,P00030,wishlist,2026-08-15 22:06:26
I0002030,U00624,P00105,click,2026-08-06 22:06:26
I0002031,U00131,P00356,click,2026-07-17 22:06:26
I0002032,U00396,P00076,cart,2026-07-26 22:06:26
I0002033,U00636,P00095,click,2026-08-17 22:06:26
I0002034,U00247,P00071,view,2026-07-25 22:06:26
I0002035,U00187,P00029,click,2026-06-10 22:06:26
I0002036,U00829,P00482,cart,2026-07-30 22:06:26
I0002037,U00706,P00139,view,2026-06-17 22:06:26
I0002038,U00971,P00064,cart,2026-06-12 22:06:26
I0002039,U00830,P00498,view,2026-07-06 22:06:26
I0002040,U00034,P00383,click,2026-08-03 22:06:26
I0002041,U00555,P00399,view,2026-08-07 22:06:26
I0002042,U00511,P00273,view,2026-05-25 22:06:26
I0002043,U00799,P00049,view,2026-05-25 22:06:26
I0002044,U00287,P00032,view,2026-08-09 22:06:26
I0002045,U00234,P00066,view,2026-08-08 22:06:26
I0002046,U00656,P00331,view,2026-07-05 22:06:26
I0002047,U00323,P00343,click,2026-07-01 22:06:26
I0002048,U00400,P00300,cart,2026-08-05 22:06:26
I0002049,U00186,P00462,view,2026-08-08 22:06:26
I0002050,U00604,P00205,view,2026-06-28 22:06:26
I0002051,U00900,P00111,view,2026-05-27 22:06:26
I0002052,U00400,P00398,click,2026-06-22 22:06:26
I0002053,U00806,P00422,view,2026-06-17 22:06:26
I0002054,U00491,P00377,view,2026-05-26 22:06:26
I0002055,U00225,P00492,view,2026-06-12 22:06:26
I0002056,U00651,P00202,view,2026-08-11 22:06:26
I0002057,U00165,P00426,view,2026-06-22 22:06:26
I0002058,U00486,P00232,purchase,2026-08-02 22:06:26
I0002059,U00710,P00028,view,2026-08-14 22:06:26
I0002060,U00237,P00397,view,2026-07-18 22:06:26
I0002061,U00844,P00291,view,2026-05-23 22:06:26
I0002062,U00795,P00366,view,2026-07-13 22:06:26
I0002063,U00903,P00146,wishlist,2026-08-16 22:06:26
I0002064,U00765,P00128,view,2026-07-24 22:06:26
I0002065,U00773,P00360,click,2026-05-22 22:06:26
I0002066,U00768,P00145,view,2026-06-20 22:06:26
I0002067,U00618,P00295,view,2026-06-10 22:06:26
I0002068,U00857,P00019,view,2026-07-10 22:06:26
I0002069,U00219,P00338,cart,2026-06-16 22:06:26
I0002070,U00590,P00035,view,2026-06-27 22:06:26
I0002071,U00609,P00262,view,2026-07-19 22:06:26
I0002072,U00240,P00187,view,2026-06-24 22:06:26
I0002073,U00432,P00114,view,2026-06-20 22:06:26
I0002074,U00010,P00310,view,2026-06-09 22:06:26
I0002075,U00697,P00416,wishlist,2026-06-04 22:06:26
I0002076,U00872,P00102,view,2026-07-07 22:06:26
I0002077,U00634,P00114,click,2026-08-03 22:06:26
I0002078,U00450,P00390,view,2026-07-22 22:06:26
I0002079,U00363,P00185,wishlist,2026-07-11 22:06:26
I0002080,U00130,P00038,view,2026-06-16 22:06:26
I0002081,U00014,P00072,wishlist,2026-05-22 22:06:26
I0002082,U00416,P00222,view,2026-08-03 22:06:26
I0002083,U00641,P00202,view,2026-05-21 22:06:26
I0002084,U00725,P00199,view,2026-07-04 22:06:26
I0002085,U00977,P00041,click,2026-05-30 22:06:26
I0002086,U00041,P00389,view,2026-08-09 22:06:26
I0002087,U00189,P00447,cart,2026-07-23 22:06:26
I0002088,U00426,P00409,click,2026-07-04 22:06:26
I0002089,U00551,P00113,click,2026-06-19 22:06:26
I0002090,U00726,P00384,view,2026-07-22 22:06:26
I0002091,U00275,P00447,click,2026-05-29 22:06:26
I0002092,U00185,P00488,view,2026-07-24 22:06:26
I0002093,U00813,P00277,view,2026-06-09 22:06:26
I0002094,U00494,P00152,click,2026-06-14 22:06:26
I0002095,U00561,P00201,click,2026-05-28 22:06:26
I0002096,U00749,P00065,view,2026-06-05 22:06:26
I0002097,U00427,P00011,cart,2026-06-16 22:06:26
I0002098,U00107,P00351,wishlist,2026-05-29 22:06:26
I0002099,U00571,P00284,cart,2026-06-02 22:06:26
I0002100,U00034,P00357,click,2026-07-18 22:06:26
I0002101,U00374,P00321,view,2026-07-24 22:06:26
I0002102,U00118,P00055,view,2026-07-17 22:06:26
I0002103,U00340,P00199,view,2026-05-25 22:06:26
I0002104,U00095,P00084,click,2026-08-10 22:06:26
I0002105,U00662,P00102,view,2026-06-21 22:06:26
I0002106,U00791,P00330,view,2026-08-11 22:06:26
I0002107,U00369,P00222,wishlist,2026-07-12 22:06:26
I0002108,U00885,P00189,click,2026-06-29 22:06:26
I0002109,U00028,P00346,view,2026-06-16 22:06:26
I0002110,U00066,P00217,view,2026-08-13 22:06:26
I0002111,U00497,P00008,view,2026-06-06 22:06:26
I0002112,U00567,P00273,view,2026-07-11 22:06:26
I0002113,U00645,P00273,cart,2026-06-21 22:06:26
I0002114,U00328,P00171,click,2026-05-20 22:06:26
I0002115,U00234,P00054,view,2026-06-22 22:06:26
I0002116,U00337,P00082,wishlist,2026-08-09 22:06:26
I0002117,U00103,P00185,view,2026-07-30 22:06:26
I0002118,U00539,P00024,view,2026-05-28 22:06:26
I0002119,U00838,P00095,click,2026-07-31 22:06:26
I0002120,U00471,P00155,view,2026-07-11 22:06:26
I0002121,U00368,P00232,click,2026-06-29 22:06:26
I0002122,U00444,P00427,click,2026-08-06 22:06:26
I0002123,U00861,P00047,purchase,2026-08-06 22:06:26
I0002124,U00628,P00121,click,2026-05-29 22:06:26
I0002125,U00382,P00097,view,2026-07-19 22:06:26
I0002126,U00577,P00024,click,2026-07-26 22:06:26
I0002127,U00215,P00130,view,2026-06-02 22:06:26
I0002128,U00811,P00428,view,2026-05-25 22:06:26
I0002129,U00798,P00266,view,2026-06-21 22:06:26
I0002130,U00166,P00252,cart,2026-06-15 22:06:26
I0002131,U00048,P00036,view,2026-06-10 22:06:26
I0002132,U00503,P00368,wishlist,2026-07-06 22:06:26
I0002133,U00333,P00082,click,2026-08-07 22:06:26
I0002134,U00994,P00308,click,2026-05-29 22:06:26
I0002135,U00462,P00370,view,2026-07-12 22:06:26
I0002136,U00630,P00169,view,2026-07-14 22:06:26
I0002137,U00909,P00297,click,2026-08-12 22:06:26
I0002138,U00411,P00425,view,2026-08-08 22:06:26
I0002139,U00620,P00474,view,2026-07-08 22:06:26
I0002140,U00526,P00268,view,2026-05-26 22:06:26
I0002141,U00328,P00142,view,2026-05-22 22:06:26
I0002142,U00707,P00102,click,2026-07-10 22:06:26
I0002143,U00494,P00060,view,2026-07-20 22:06:26
I0002144,U00860,P00176,cart,2026-06-13 22:06:26
I0002145,U00672,P00202,cart,2026-07-11 22:06:26
I0002146,U00995,P00168,view,2026-06-18 22:06:26
I0002147,U00450,P00093,click,2026-06-10 22:06:26
I0002148,U00898,P00026,view,2026-07-31 22:06:26
I0002149,U00439,P00184,wishlist,2026-06-22 22:06:26
I0002150,U00953,P00494,view,2026-07-18 22:06:26
I0002151,U00514,P00369,click,2026-07-29 22:06:26
I0002152,U00373,P00419,view,2026-05-21 22:06:26
I0002153,U00121,P00076,view,2026-07-11 22:06:26
I0002154,U00867,P00475,view,2026-08-16 22:06:26
I0002155,U00937,P00499,wishlist,2026-06-25 22:06:26
I0002156,U00366,P00032,view,2026-08-10 22:06:26
I0002157,U00871,P00234,view,2026-06-05 22:06:26
I0002158,U00670,P00341,cart,2026-06-08 22:06:26
I0002159,U00646,P00125,view,2026-08-18 22:06:26
I0002160,U00523,P00068,view,2026-06-24 22:06:26
I0002161,U00774,P00298,cart,2026-07-03 22:06:26
I0002162,U00192,P00440,purchase,2026-07-22 22:06:26
I0002163,U00991,P00285,wishlist,2026-07-06 22:06:26
I0002164,U00051,P00211,view,2026-05-26 22:06:26
I0002165,U00976,P00329,view,2026-06-10 22:06:26
I0002166,U00934,P00375,click,2026-05-23 22:06:26
I0002167,U00174,P00496,view,2026-06-21 22:06:26
I0002168,U00062,P00495,cart,2026-07-07 22:06:26
I0002169,U00819,P00345,click,2026-08-06 22:06:26
I0002170,U00061,P00034,click,2026-06-30 22:06:26
I0002171,U00956,P00062,click,2026-08-13 22:06:26
I0002172,U00013,P00311,cart,2026-05-21 22:06:26
I0002173,U00908,P00282,click,2026-05-30 22:06:26
I0002174,U00341,P00160,view,2026-07-13 22:06:26
I0002175,U00375,P00257,cart,2026-05-22 22:06:26
I0002176,U00448,P00235,view,2026-07-29 22:06:26
I0002177,U00605,P00250,view,2026-05-24 22:06:26
I0002178,U00124,P00102,view,2026-08-14 22:06:26
I0002179,U00894,P00312,view,2026-06-15 22:06:26
I0002180,U00997,P00321,click,2026-06-30 22:06:26
I0002181,U00354,P00170,purchase,2026-05-29 22:06:26
I0002182,U00261,P00158,view,2026-07-05 22:06:26
I0002183,U00266,P00430,cart,2026-05-24 22:06:26
I0002184,U00341,P00065,view,2026-07-15 22:06:26
I0002185,U00661,P00407,view,2026-06-16 22:06:26
I0002186,U00649,P00138,click,2026-08-16 22:06:26
I0002187,U00574,P00415,view,2026-07-16 22:06:26
I0002188,U00124,P00029,view,2026-05-24 22:06:26
I0002189,U00273,P00076,view,2026-06-27 22:06:26
I0002190,U00415,P00107,view,2026-06-19 22:06:26
I0002191,U00549,P00341,view,2026-06-16 22:06:26
I0002192,U00882,P00209,click,2026-07-23 22:06:26
I0002193,U00921,P00126,cart,2026-06-11 22:06:26
I0002194,U00241,P00105,click,2026-07-03 22:06:26
I0002195,U00002,P00148,view,2026-06-17 22:06:26
I0002196,U00128,P00389,purchase,2026-07-18 22:06:26
I0002197,U00182,P00013,click,2026-07-02 22:06:26
I0002198,U00264,P00193,click,2026-06-21 22:06:26
I0002199,U00644,P00030,view,2026-06-28 22:06:26
I0002200,U00579,P00170,view,2026-07-24 22:06:26
I0002201,U00954,P00391,click,2026-07-25 22:06:26
I0002202,U00055,P00016,view,2026-07-12 22:06:26
I0002203,U00857,P00007,cart,2026-05-23 22:06:26
I0002204,U00754,P00200,view,2026-07-19 22:06:26
I0002205,U00524,P00325,cart,2026-08-09 22:06:26
I0002206,U00672,P00026,view,2026-05-28 22:06:26
I0002207,U00256,P00340,view,2026-07-28 22:06:26
I0002208,U00011,P00331,view,2026-08-12 22:06:26
I0002209,U00083,P00356,cart,2026-05-24 22:06:26
I0002210,U00985,P00496,click,2026-07-08 22:06:26
I0002211,U00387,P00122,click,2026-05-25 22:06:26
I0002212,U00275,P00101,click,2026-05-22 22:06:26
I0002213,U00916,P00111,click,2026-06-09 22:06:26
I0002214,U00924,P00087,purchase,2026-07-04 22:06:26
I0002215,U00729,P00008,cart,2026-07-12 22:06:26
I0002216,U00364,P00146,view,2026-07-28 22:06:26
I0002217,U00773,P00273,view,2026-06-23 22:06:26
I0002218,U00747,P00294,purchase,2026-07-22 22:06:26
I0002219,U00124,P00053,view,2026-07-25 22:06:26
I0002220,U00057,P00127,view,2026-06-07 22:06:26
I0002221,U00140,P00341,wishlist,2026-06-16 22:06:26
I0002222,U00219,P00264,view,2026-07-17 22:06:26
I0002223,U00857,P00470,view,2026-07-12 22:06:26
I0002224,U00904,P00146,view,2026-07-27 22:06:26
I0002225,U00479,P00069,view,2026-07-16 22:06:26
I0002226,U00550,P00179,view,2026-07-19 22:06:26
I0002227,U00274,P00443,view,2026-07-13 22:06:26
I0002228,U00180,P00234,click,2026-07-09 22:06:26
I0002229,U00264,P00010,view,2026-08-07 22:06:26
I0002230,U00950,P00458,wishlist,2026-06-20 22:06:26
I0002231,U00490,P00290,view,2026-08-17 22:06:26
I0002232,U00904,P00176,view,2026-05-21 22:06:26
I0002233,U00867,P00169,wishlist,2026-06-30 22:06:26
I0002234,U00367,P00466,cart,2026-06-18 22:06:26
I0002235,U00977,P00300,view,2026-08-01 22:06:26
I0002236,U00707,P00448,view,2026-06-02 22:06:26
I0002237,U00480,P00387,view,2026-06-17 22:06:26
I0002238,U00215,P00077,view,2026-07-22 22:06:26
I0002239,U00950,P00282,cart,2026-08-02 22:06:26
I0002240,U00467,P00403,view,2026-07-19 22:06:26
I0002241,U00333,P00310,view,2026-05-22 22:06:26
I0002242,U00207,P00356,purchase,2026-06-17 22:06:26
I0002243,U00643,P00205,wishlist,2026-06-25 22:06:26
I0002244,U00526,P00325,click,2026-08-16 22:06:26
I0002245,U00133,P00064,click,2026-05-26 22:06:26
I0002246,U00429,P00284,wishlist,2026-06-24 22:06:26
I0002247,U00006,P00059,click,2026-07-14 22:06:26
I0002248,U00919,P00216,view,2026-07-18 22:06:26
I0002249,U00560,P00181,view,2026-08-05 22:06:26
I0002250,U00736,P00246,cart,2026-07-09 22:06:26
I0002251,U00195,P00365,wishlist,2026-08-12 22:06:26
I0002252,U00666,P00123,view,2026-07-14 22:06:26
I0002253,U00406,P00134,click,2026-07-08 22:06:26
I0002254,U00989,P00024,view,2026-05-26 22:06:26
I0002255,U00620,P00300,wishlist,2026-07-09 22:06:26
I0002256,U00049,P00411,view,2026-07-03 22:06:26
I0002257,U00029,P00493,click,2026-06-03 22:06:26
I0002258,U00941,P00334,view,2026-06-16 22:06:26
I0002259,U00607,P00342,wishlist,2026-07-03 22:06:26
I0002260,U00440,P00141,view,2026-06-15 22:06:26
I0002261,U00351,P00165,cart,2026-07-14 22:06:26
I0002262,U00570,P00346,click,2026-08-15 22:06:26
I0002263,U00264,P00335,click,2026-06-10 22:06:26
I0002264,U00572,P00108,view,2026-06-27 22:06:26
I0002265,U00797,P00341,wishlist,2026-07-25 22:06:26
I0002266,U00689,P00215,click,2026-07-06 22:06:26
I0002267,U00331,P00305,purchase,2026-06-08 22:06:26
I0002268,U00746,P00484,click,2026-08-18 22:06:26
I0002269,U00567,P00375,view,2026-08-03 22:06:26
I0002270,U00527,P00199,view,2026-06-24 22:06:26
I0002271,U00909,P00260,view,2026-06-30 22:06:26
I0002272,U00647,P00182,view,2026-06-09 22:06:26
I0002273,U00363,P00362,click,2026-07-22 22:06:26
I0002274,U00100,P00146,view,2026-06-27 22:06:26
I0002275,U00736,P00023,click,2026-08-07 22:06:26
I0002276,U00427,P00251,view,2026-08-03 22:06:26
I0002277,U00354,P00423,click,2026-06-29 22:06:26
I0002278,U00825,P00241,view,2026-07-17 22:06:26
I0002279,U00587,P00437,view,2026-07-19 22:06:26
I0002280,U00968,P00201,cart,2026-08-18 22:06:26
I0002281,U00618,P00254,view,2026-07-11 22:06:26
I0002282,U00632,P00227,view,2026-07-10 22:06:26
I0002283,U00484,P00411,view,2026-08-08 22:06:26
I0002284,U00042,P00429,view,2026-07-02 22:06:26
I0002285,U00716,P00330,view,2026-06-25 22:06:26
I0002286,U00163,P00371,view,2026-08-08 22:06:26
I0002287,U00966,P00200,click,2026-07-10 22:06:26
I0002288,U00681,P00194,purchase,2026-07-13 22:06:26
I0002289,U00177,P00095,cart,2026-08-18 22:06:26
I0002290,U00432,P00155,click,2026-07-28 22:06:26
I0002291,U00963,P00018,click,2026-07-09 22:06:26
I0002292,U00318,P00402,view,2026-08-17 22:06:26
I0002293,U00579,P00028,click,2026-06-07 22:06:26
I0002294,U00683,P00460,view,2026-06-19 22:06:26
I0002295,U00666,P00364,click,2026-07-26 22:06:26
I0002296,U00026,P00189,view,2026-07-10 22:06:26
I0002297,U00781,P00248,view,2026-05-27 22:06:26
I0002298,U00151,P00160,click,2026-06-05 22:06:26
I0002299,U00388,P00086,click,2026-05-20 22:06:26
I0002300,U00135,P00312,click,2026-07-30 22:06:26
I0002301,U00850,P00399,view,2026-05-24 22:06:26
I0002302,U00355,P00322,view,2026-06-18 22:06:26
I0002303,U00167,P00011,view,2026-06-21 22:06:26
I0002304,U00336,P00026,view,2026-08-13 22:06:26
I0002305,U00999,P00205,cart,2026-08-01 22:06:26
I0002306,U00214,P00192,view,2026-06-03 22:06:26
I0002307,U00144,P00216,click,2026-07-06 22:06:26
I0002308,U00894,P00231,wishlist,2026-07-18 22:06:26
I0002309,U00796,P00451,wishlist,2026-08-07 22:06:26
I0002310,U00755,P00069,cart,2026-08-11 22:06:26
I0002311,U00571,P00117,view,2026-06-29 22:06:26
I0002312,U00326,P00496,view,2026-06-29 22:06:26
I0002313,U00485,P00451,wishlist,2026-06-12 22:06:26
I0002314,U00407,P00065,click,2026-07-31 22:06:26
I0002315,U00536,P00030,view,2026-07-05 22:06:26
I0002316,U00805,P00088,view,2026-06-29 22:06:26
I0002317,U00129,P00167,view,2026-08-17 22:06:26
I0002318,U00823,P00005,click,2026-06-21 22:06:26
I0002319,U00941,P00500,view,2026-06-15 22:06:26
I0002320,U00668,P00374,view,2026-06-29 22:06:26
I0002321,U00009,P00230,view,2026-06-19 22:06:26
I0002322,U00592,P00264,view,2026-06-30 22:06:26
I0002323,U00395,P00445,view,2026-06-14 22:06:26
I0002324,U00369,P00145,click,2026-06-11 22:06:26
I0002325,U00608,P00331,view,2026-07-03 22:06:26
I0002326,U00257,P00149,view,2026-07-04 22:06:26
I0002327,U00937,P00382,click,2026-07-01 22:06:26
I0002328,U00880,P00486,view,2026-07-17 22:06:26
I0002329,U00086,P00021,view,2026-08-09 22:06:26
I0002330,U00890,P00069,view,2026-05-24 22:06:26
I0002331,U00134,P00024,wishlist,2026-07-30 22:06:26
I0002332,U00423,P00166,view,2026-06-27 22:06:26
I0002333,U00070,P00393,view,2026-05-25 22:06:26
I0002334,U00543,P00099,wishlist,2026-07-24 22:06:26
I0002335,U00789,P00270,click,2026-06-08 22:06:26
I0002336,U00920,P00473,view,2026-08-10 22:06:26
I0002337,U00863,P00297,purchase,2026-05-20 22:06:26
I0002338,U00729,P00455,wishlist,2026-07-10 22:06:26
I0002339,U00373,P00337,view,2026-08-03 22:06:26
I0002340,U00828,P00152,purchase,2026-06-14 22:06:26
I0002341,U00874,P00383,wishlist,2026-05-22 22:06:26
I0002342,U00535,P00237,view,2026-08-14 22:06:26
I0002343,U00182,P00046,cart,2026-06-16 22:06:26
I0002344,U00982,P00159,view,2026-08-07 22:06:26
I0002345,U00371,P00085,cart,2026-08-02 22:06:26
I0002346,U00617,P00361,view,2026-08-18 22:06:26
I0002347,U00185,P00288,view,2026-06-20 22:06:26
I0002348,U00305,P00153,cart,2026-07-21 22:06:26
I0002349,U00833,P00494,wishlist,2026-08-12 22:06:26
I0002350,U00728,P00080,click,2026-05-29 22:06:26
I0002351,U00327,P00122,wishlist,2026-07-08 22:06:26
I0002352,U00530,P00368,view,2026-07-14 22:06:26
I0002353,U00615,P00373,purchase,2026-05-24 22:06:26
I0002354,U00670,P00069,view,2026-08-17 22:06:26
I0002355,U00348,P00429,view,2026-05-30 22:06:26
I0002356,U00158,P00051,view,2026-08-09 22:06:26
I0002357,U00808,P00110,view,2026-08-11 22:06:26
I0002358,U00363,P00280,click,2026-07-23 22:06:26
I0002359,U00004,P00389,cart,2026-06-08 22:06:26
I0002360,U00186,P00156,click,2026-07-13 22:06:26
I0002361,U00663,P00153,click,2026-07-02 22:06:26
I0002362,U00992,P00481,purchase,2026-05-28 22:06:26
I0002363,U00010,P00475,view,2026-07-09 22:06:26
I0002364,U00421,P00433,wishlist,2026-06-07 22:06:26
I0002365,U00561,P00407,click,2026-08-13 22:06:26
I0002366,U00759,P00383,purchase,2026-06-20 22:06:26
I0002367,U00343,P00433,view,2026-07-21 22:06:26
I0002368,U00460,P00268,cart,2026-06-12 22:06:26
I0002369,U00645,P00257,view,2026-06-29 22:06:26
I0002370,U00152,P00093,view,2026-06-27 22:06:26
I0002371,U00567,P00405,click,2026-06-29 22:06:26
I0002372,U00445,P00319,view,2026-06-08 22:06:26
I0002373,U00515,P00406,click,2026-05-29 22:06:26
I0002374,U00566,P00060,view,2026-06-18 22:06:26
I0002375,U00742,P00353,wishlist,2026-08-02 22:06:26
I0002376,U00460,P00435,view,2026-07-21 22:06:26
I0002377,U00840,P00124,view,2026-07-14 22:06:26
I0002378,U00180,P00460,click,2026-05-23 22:06:26
I0002379,U00259,P00299,purchase,2026-06-02 22:06:26
I0002380,U00462,P00261,view,2026-06-01 22:06:26
I0002381,U00680,P00127,view,2026-08-01 22:06:26
I0002382,U00549,P00390,cart,2026-07-18 22:06:26
I0002383,U00337,P00342,view,2026-07-05 22:06:26
I0002384,U00323,P00229,click,2026-06-30 22:06:26
I0002385,U00595,P00168,view,2026-05-21 22:06:26
I0002386,U00780,P00001,click,2026-07-10 22:06:26
I0002387,U00297,P00258,view,2026-05-30 22:06:26
I0002388,U00239,P00483,view,2026-08-13 22:06:26
I0002389,U00003,P00143,view,2026-05-26 22:06:26
I0002390,U00219,P00411,view,2026-07-06 22:06:26
I0002391,U00280,P00096,purchase,2026-07-21 22:06:26
I0002392,U00523,P00453,click,2026-06-09 22:06:26
I0002393,U00393,P00053,view,2026-07-25 22:06:26
I0002394,U00066,P00247,click,2026-07-06 22:06:26
I0002395,U00557,P00085,view,2026-06-02 22:06:26
I0002396,U00592,P00043,click,2026-06-26 22:06:26
I0002397,U00305,P00253,view,2026-07-31 22:06:26
I0002398,U00578,P00413,view,2026-08-12 22:06:26
I0002399,U00801,P00053,click,2026-06-30 22:06:26
I0002400,U00225,P00198,click,2026-08-13 22:06:26
I0002401,U00807,P00415,view,2026-06-21 22:06:26
I0002402,U00844,P00347,view,2026-07-01 22:06:26
I0002403,U00350,P00143,purchase,2026-07-23 22:06:26
I0002404,U00650,P00068,wishlist,2026-08-17 22:06:26
I0002405,U00879,P00137,view,2026-06-25 22:06:26
I0002406,U00515,P00372,click,2026-06-22 22:06:26
I0002407,U00632,P00287,cart,2026-05-29 22:06:26
I0002408,U00711,P00397,wishlist,2026-07-26 22:06:26
I0002409,U00677,P00274,view,2026-05-26 22:06:26
I0002410,U00173,P00228,wishlist,2026-08-16 22:06:26
I0002411,U00146,P00053,click,2026-06-11 22:06:26
I0002412,U00710,P00147,wishlist,2026-06-10 22:06:26
I0002413,U00851,P00038,wishlist,2026-06-27 22:06:26
I0002414,U00057,P00259,click,2026-07-24 22:06:26
I0002415,U00391,P00274,wishlist,2026-07-08 22:06:26
I0002416,U00882,P00169,view,2026-07-24 22:06:26
I0002417,U00094,P00137,wishlist,2026-06-13 22:06:26
I0002418,U00078,P00032,click,2026-06-19 22:06:26
I0002419,U00652,P00426,view,2026-05-30 22:06:26
I0002420,U00193,P00039,view,2026-06-26 22:06:26
I0002421,U00484,P00332,cart,2026-08-05 22:06:26
I0002422,U00824,P00173,view,2026-06-22 22:06:26
I0002423,U00013,P00193,view,2026-05-27 22:06:26
I0002424,U00390,P00074,click,2026-08-03 22:06:26
I0002425,U00407,P00476,wishlist,2026-07-11 22:06:26
I0002426,U00215,P00454,wishlist,2026-08-06 22:06:26
I0002427,U00523,P00474,click,2026-08-02 22:06:26
I0002428,U00948,P00212,click,2026-08-16 22:06:26
I0002429,U00402,P00379,purchase,2026-06-23 22:06:26
I0002430,U00186,P00140,cart,2026-07-13 22:06:26
I0002431,U00212,P00078,click,2026-08-14 22:06:26
I0002432,U00298,P00097,wishlist,2026-08-07 22:06:26
I0002433,U00058,P00384,view,2026-06-07 22:06:26
I0002434,U00855,P00324,cart,2026-07-25 22:06:26
I0002435,U00435,P00457,view,2026-08-04 22:06:26
I0002436,U00894,P00180,click,2026-06-20 22:06:26
I0002437,U00198,P00387,view,2026-06-12 22:06:26
I0002438,U00612,P00458,view,2026-06-01 22:06:26
I0002439,U00807,P00254,cart,2026-07-09 22:06:26
I0002440,U00170,P00462,view,2026-06-28 22:06:26
I0002441,U00938,P00328,purchase,2026-08-02 22:06:26
I0002442,U00309,P00389,click,2026-08-15 22:06:26
I0002443,U00068,P00409,view,2026-06-08 22:06:26
I0002444,U00479,P00083,wishlist,2026-06-19 22:06:26
I0002445,U00421,P00214,click,2026-06-28 22:06:26
I0002446,U00199,P00052,cart,2026-07-25 22:06:26
I0002447,U00718,P00134,wishlist,2026-06-23 22:06:26
I0002448,U00560,P00415,cart,2026-05-30 22:06:26
I0002449,U00100,P00073,view,2026-07-23 22:06:26
I0002450,U00892,P00105,view,2026-07-28 22:06:26
I0002451,U00753,P00273,wishlist,2026-08-18 22:06:26
I0002452,U00709,P00245,wishlist,2026-08-16 22:06:26
I0002453,U00767,P00033,purchase,2026-06-20 22:06:26
I0002454,U00623,P00375,wishlist,2026-07-17 22:06:26
I0002455,U00037,P00076,view,2026-07-15 22:06:26
I0002456,U00441,P00202,purchase,2026-07-05 22:06:26
I0002457,U00273,P00366,cart,2026-07-26 22:06:26
I0002458,U00034,P00093,click,2026-07-23 22:06:26
I0002459,U00911,P00161,view,2026-07-09 22:06:26
I0002460,U00097,P00069,click,2026-05-31 22:06:26
I0002461,U00269,P00224,purchase,2026-08-09 22:06:26
I0002462,U00227,P00077,wishlist,2026-08-02 22:06:26
I0002463,U00402,P00440,click,2026-05-23 22:06:26
I0002464,U00982,P00170,purchase,2026-06-26 22:06:26
I0002465,U00971,P00057,view,2026-06-11 22:06:26
I0002466,U00938,P00475,view,2026-05-28 22:06:26
I0002467,U00741,P00318,view,2026-07-15 22:06:26
I0002468,U00651,P00153,view,2026-08-06 22:06:26
I0002469,U00920,P00048,view,2026-08-11 22:06:26
I0002470,U00344,P00406,cart,2026-07-10 22:06:26
I0002471,U00863,P00325,view,2026-08-16 22:06:26
I0002472,U00001,P00119,wishlist,2026-05-25 22:06:26
I0002473,U00886,P00046,cart,2026-06-01 22:06:26
I0002474,U00758,P00456,cart,2026-07-31 22:06:26
I0002475,U00167,P00172,view,2026-07-11 22:06:26
I0002476,U00279,P00014,view,2026-07-05 22:06:26
I0002477,U00339,P00439,click,2026-06-25 22:06:26
I0002478,U00764,P00260,view,2026-05-21 22:06:26
I0002479,U00655,P00105,view,2026-07-12 22:06:26
I0002480,U00985,P00037,view,2026-07-28 22:06:26
I0002481,U00643,P00245,view,2026-08-14 22:06:26
I0002482,U00612,P00313,wishlist,2026-07-20 22:06:26
I0002483,U00804,P00457,purchase,2026-06-02 22:06:26
I0002484,U00967,P00359,view,2026-08-03 22:06:26
I0002485,U00646,P00447,view,2026-05-31 22:06:26
I0002486,U00035,P00211,cart,2026-07-21 22:06:26
I0002487,U00687,P00453,view,2026-08-05 22:06:26
I0002488,U00025,P00411,purchase,2026-07-24 22:06:26
I0002489,U00991,P00124,view,2026-05-24 22:06:26
I0002490,U00232,P00233,click,2026-06-10 22:06:26
I0002491,U00309,P00234,wishlist,2026-07-26 22:06:26
I0002492,U00144,P00093,view,2026-08-01 22:06:26
I0002493,U00018,P00321,view,2026-07-21 22:06:26
I0002494,U00560,P00077,wishlist,2026-07-15 22:06:26
I0002495,U00361,P00424,view,2026-08-07 22:06:26
I0002496,U00585,P00243,purchase,2026-07-31 22:06:26
I0002497,U00198,P00368,click,2026-07-13 22:06:26
I0002498,U00392,P00123,click,2026-05-27 22:06:26
I0002499,U00622,P00093,view,2026-08-06 22:06:26
I0002500,U00257,P00434,view,2026-06-14 22:06:26
I0002501,U00160,P00360,view,2026-08-04 22:06:26
I0002502,U00333,P00274,view,2026-07-18 22:06:26
I0002503,U00806,P00035,view,2026-07-17 22:06:26
I0002504,U00795,P00473,cart,2026-08-05 22:06:26
I0002505,U00806,P00362,view,2026-05-25 22:06:26
I0002506,U00692,P00333,click,2026-07-19 22:06:26
I0002507,U00305,P00202,view,2026-07-19 22:06:26
I0002508,U00825,P00272,cart,2026-06-19 22:06:26
I0002509,U00650,P00053,wishlist,2026-08-05 22:06:26
I0002510,U00863,P00223,click,2026-08-08 22:06:26
I0002511,U00439,P00418,view,2026-06-21 22:06:26
I0002512,U00019,P00096,view,2026-08-15 22:06:26
I0002513,U00885,P00022,view,2026-07-11 22:06:26
I0002514,U00578,P00243,wishlist,2026-07-16 22:06:26
I0002515,U00059,P00151,view,2026-08-15 22:06:26
I0002516,U00427,P00365,click,2026-06-15 22:06:26
I0002517,U00095,P00002,view,2026-08-08 22:06:26
I0002518,U00217,P00262,view,2026-07-02 22:06:26
I0002519,U00236,P00195,view,2026-08-07 22:06:26
I0002520,U00185,P00020,wishlist,2026-06-13 22:06:26
I0002521,U00658,P00321,view,2026-08-10 22:06:26
I0002522,U00094,P00013,click,2026-05-30 22:06:26
I0002523,U00503,P00398,cart,2026-08-06 22:06:26
I0002524,U00426,P00236,view,2026-08-10 22:06:26
I0002525,U00846,P00479,purchase,2026-06-09 22:06:26
I0002526,U00848,P00150,wishlist,2026-08-17 22:06:26
I0002527,U00186,P00168,view,2026-05-23 22:06:26
I0002528,U00912,P00298,view,2026-06-28 22:06:26
I0002529,U00751,P00124,view,2026-08-10 22:06:26
I0002530,U00935,P00181,view,2026-06-19 22:06:26
I0002531,U00631,P00410,view,2026-07-23 22:06:26
I0002532,U00719,P00054,view,2026-06-20 22:06:26
I0002533,U00178,P00354,wishlist,2026-08-13 22:06:26
I0002534,U00761,P00407,wishlist,2026-06-17 22:06:26
I0002535,U00585,P00073,view,2026-06-18 22:06:26
I0002536,U00301,P00346,view,2026-06-08 22:06:26
I0002537,U00183,P00122,wishlist,2026-06-02 22:06:26
I0002538,U00877,P00448,view,2026-08-05 22:06:26
I0002539,U00017,P00357,click,2026-06-07 22:06:26
I0002540,U00934,P00331,cart,2026-06-16 22:06:26
I0002541,U00101,P00060,click,2026-07-04 22:06:26
I0002542,U00370,P00033,click,2026-08-18 22:06:26
I0002543,U00247,P00268,cart,2026-07-24 22:06:26
I0002544,U00599,P00458,view,2026-08-10 22:06:26
I0002545,U00782,P00088,view,2026-05-29 22:06:26
I0002546,U00935,P00166,view,2026-05-30 22:06:26
I0002547,U00189,P00211,click,2026-08-12 22:06:26
I0002548,U00484,P00401,wishlist,2026-06-21 22:06:26
I0002549,U00875,P00362,view,2026-06-24 22:06:26
I0002550,U00847,P00129,view,2026-06-23 22:06:26
I0002551,U00427,P00289,view,2026-06-07 22:06:26
I0002552,U00665,P00421,click,2026-05-20 22:06:26
I0002553,U00356,P00009,cart,2026-05-25 22:06:26
I0002554,U00812,P00280,cart,2026-07-28 22:06:26
I0002555,U00732,P00394,cart,2026-06-22 22:06:26
I0002556,U00411,P00066,click,2026-06-29 22:06:26
I0002557,U00406,P00144,wishlist,2026-05-29 22:06:26
I0002558,U00784,P00391,view,2026-07-06 22:06:26
I0002559,U00694,P00058,view,2026-06-29 22:06:26
I0002560,U00352,P00141,wishlist,2026-06-08 22:06:26
I0002561,U00204,P00129,purchase,2026-08-17 22:06:26
I0002562,U00120,P00425,view,2026-05-24 22:06:26
I0002563,U00875,P00319,view,2026-08-07 22:06:26
I0002564,U00128,P00270,view,2026-07-05 22:06:26
I0002565,U00464,P00153,click,2026-05-27 22:06:26
I0002566,U00932,P00216,view,2026-07-05 22:06:26
I0002567,U00194,P00169,view,2026-08-15 22:06:26
I0002568,U00227,P00079,view,2026-05-20 22:06:26
I0002569,U00803,P00493,view,2026-07-20 22:06:26
I0002570,U00754,P00436,view,2026-05-28 22:06:26
I0002571,U00667,P00108,wishlist,2026-05-25 22:06:26
I0002572,U00237,P00353,view,2026-07-21 22:06:26
I0002573,U00393,P00221,view,2026-07-23 22:06:26
I0002574,U00489,P00180,wishlist,2026-06-15 22:06:26
I0002575,U00910,P00358,view,2026-05-25 22:06:26
I0002576,U00848,P00401,click,2026-06-04 22:06:26
I0002577,U00780,P00367,view,2026-07-02 22:06:26
I0002578,U00162,P00411,wishlist,2026-07-23 22:06:26
I0002579,U00598,P00312,wishlist,2026-05-21 22:06:26
I0002580,U00467,P00141,cart,2026-05-21 22:06:26
I0002581,U00928,P00221,click,2026-05-23 22:06:26
I0002582,U00190,P00243,view,2026-08-13 22:06:26
I0002583,U00322,P00096,view,2026-08-14 22:06:26
I0002584,U00114,P00035,click,2026-08-11 22:06:26
I0002585,U00605,P00215,view,2026-07-11 22:06:26
I0002586,U00578,P00074,click,2026-05-30 22:06:26
I0002587,U00425,P00264,click,2026-08-06 22:06:26
I0002588,U00735,P00279,view,2026-05-29 22:06:26
I0002589,U00046,P00116,cart,2026-07-12 22:06:26
I0002590,U00300,P00429,view,2026-07-29 22:06:26
I0002591,U00376,P00385,click,2026-06-06 22:06:26
I0002592,U00374,P00018,purchase,2026-08-03 22:06:26
I0002593,U00946,P00489,click,2026-06-09 22:06:26
I0002594,U00540,P00467,click,2026-05-27 22:06:26
I0002595,U00782,P00123,cart,2026-06-18 22:06:26
I0002596,U00680,P00326,cart,2026-06-13 22:06:26
I0002597,U00553,P00083,view,2026-06-24 22:06:26
I0002598,U00247,P00318,view,2026-07-19 22:06:26
I0002599,U00992,P00368,click,2026-06-05 22:06:26
I0002600,U00126,P00170,view,2026-06-02 22:06:26
I0002601,U00384,P00061,view,2026-05-20 22:06:26
I0002602,U00729,P00361,click,2026-08-16 22:06:26
I0002603,U00671,P00248,view,2026-06-11 22:06:26
I0002604,U00063,P00233,view,2026-08-01 22:06:26
I0002605,U00855,P00157,view,2026-07-01 22:06:26
I0002606,U00065,P00329,click,2026-05-21 22:06:26
I0002607,U00308,P00457,click,2026-06-08 22:06:26
I0002608,U00052,P00254,click,2026-07-18 22:06:26
I0002609,U00472,P00164,wishlist,2026-06-24 22:06:26
I0002610,U00744,P00441,view,2026-05-24 22:06:26
I0002611,U00890,P00350,view,2026-08-05 22:06:26
I0002612,U00092,P00197,view,2026-07-11 22:06:26
I0002613,U00117,P00312,wishlist,2026-07-15 22:06:26
I0002614,U00147,P00102,view,2026-08-15 22:06:26
I0002615,U00061,P00234,view,2026-06-28 22:06:26
I0002616,U00755,P00214,view,2026-07-25 22:06:26
I0002617,U00218,P00148,wishlist,2026-07-28 22:06:26
I0002618,U00122,P00433,click,2026-07-01 22:06:26
I0002619,U00729,P00495,click,2026-07-03 22:06:26
I0002620,U00861,P00438,view,2026-07-23 22:06:26
I0002621,U00760,P00334,click,2026-07-01 22:06:26
I0002622,U00682,P00417,view,2026-05-24 22:06:26
I0002623,U00709,P00225,view,2026-06-26 22:06:26
I0002624,U00419,P00286,click,2026-08-13 22:06:26
I0002625,U00941,P00485,view,2026-08-04 22:06:26
I0002626,U00704,P00472,cart,2026-06-19 22:06:26
I0002627,U00727,P00363,click,2026-06-14 22:06:26
I0002628,U00785,P00172,view,2026-05-29 22:06:26
I0002629,U00367,P00114,view,2026-06-15 22:06:26
I0002630,U00933,P00086,view,2026-07-27 22:06:26
I0002631,U00921,P00247,cart,2026-07-08 22:06:26
I0002632,U00551,P00156,view,2026-05-31 22:06:26
I0002633,U00908,P00224,view,2026-08-08 22:06:26
I0002634,U00213,P00489,view,2026-07-04 22:06:26
I0002635,U00275,P00024,wishlist,2026-06-26 22:06:26
I0002636,U00043,P00256,click,2026-07-06 22:06:26
I0002637,U00444,P00228,view,2026-07-29 22:06:26
I0002638,U00614,P00315,view,2026-08-02 22:06:26
I0002639,U00053,P00383,view,2026-05-29 22:06:26
I0002640,U00357,P00443,view,2026-06-13 22:06:26
I0002641,U00807,P00005,wishlist,2026-07-28 22:06:26
I0002642,U00514,P00251,view,2026-06-11 22:06:26
I0002643,U00584,P00417,view,2026-05-23 22:06:26
I0002644,U00072,P00119,view,2026-06-22 22:06:26
I0002645,U00671,P00051,wishlist,2026-06-17 22:06:26
I0002646,U00909,P00337,view,2026-05-29 22:06:26
I0002647,U00945,P00365,click,2026-08-04 22:06:26
I0002648,U00568,P00488,wishlist,2026-07-31 22:06:26
I0002649,U00348,P00484,click,2026-06-22 22:06:26
I0002650,U00568,P00037,view,2026-08-01 22:06:26
I0002651,U00012,P00353,view,2026-06-09 22:06:26
I0002652,U00209,P00044,wishlist,2026-07-19 22:06:26
I0002653,U00118,P00500,wishlist,2026-07-31 22:06:26
I0002654,U00823,P00490,wishlist,2026-06-03 22:06:26
I0002655,U00468,P00450,view,2026-07-01 22:06:26
I0002656,U00175,P00322,view,2026-07-09 22:06:26
I0002657,U00255,P00154,view,2026-05-22 22:06:26
I0002658,U00747,P00259,view,2026-06-19 22:06:26
I0002659,U00854,P00312,cart,2026-07-06 22:06:26
I0002660,U00599,P00348,purchase,2026-06-14 22:06:26
I0002661,U00927,P00027,view,2026-05-24 22:06:26
I0002662,U00921,P00442,wishlist,2026-08-18 22:06:26
I0002663,U00879,P00089,view,2026-06-11 22:06:26
I0002664,U00920,P00205,cart,2026-08-06 22:06:26
I0002665,U00451,P00239,view,2026-06-07 22:06:26
I0002666,U00923,P00141,view,2026-06-29 22:06:26
I0002667,U00853,P00337,view,2026-08-10 22:06:26
I0002668,U00498,P00391,view,2026-06-05 22:06:26
I0002669,U00044,P00317,click,2026-07-21 22:06:26
I0002670,U00151,P00178,view,2026-07-25 22:06:26
I0002671,U00097,P00486,click,2026-05-24 22:06:26
I0002672,U00851,P00081,view,2026-05-29 22:06:26
I0002673,U00264,P00166,click,2026-06-13 22:06:26
I0002674,U00303,P00404,cart,2026-07-02 22:06:26
I0002675,U00388,P00142,wishlist,2026-06-04 22:06:26
I0002676,U00636,P00033,view,2026-06-14 22:06:26
I0002677,U00054,P00316,click,2026-05-28 22:06:26
I0002678,U00853,P00065,wishlist,2026-05-20 22:06:26
I0002679,U00910,P00113,view,2026-05-26 22:06:26
I0002680,U00596,P00356,view,2026-08-04 22:06:26
I0002681,U00873,P00175,click,2026-07-15 22:06:26
I0002682,U00027,P00085,purchase,2026-06-09 22:06:26
I0002683,U00367,P00237,view,2026-07-09 22:06:26
I0002684,U00684,P00065,view,2026-07-22 22:06:26
I0002685,U00514,P00474,click,2026-06-18 22:06:26
I0002686,U00832,P00225,view,2026-08-11 22:06:26
I0002687,U00123,P00333,view,2026-08-12 22:06:26
I0002688,U00412,P00413,view,2026-06-28 22:06:26
I0002689,U00142,P00219,wishlist,2026-06-06 22:06:26
I0002690,U00265,P00461,view,2026-06-17 22:06:26
I0002691,U00579,P00091,view,2026-06-09 22:06:26
I0002692,U00334,P00328,click,2026-05-31 22:06:26
I0002693,U00329,P00359,cart,2026-07-29 22:06:26
I0002694,U00300,P00042,purchase,2026-08-04 22:06:26
I0002695,U00737,P00205,view,2026-06-25 22:06:26
I0002696,U00581,P00140,view,2026-07-05 22:06:26
I0002697,U00807,P00231,view,2026-08-01 22:06:26
I0002698,U00251,P00345,view,2026-06-18 22:06:26
I0002699,U00756,P00196,view,2026-05-23 22:06:26
I0002700,U00873,P00309,click,2026-07-21 22:06:26
I0002701,U00992,P00008,purchase,2026-06-13 22:06:26
I0002702,U00731,P00126,view,2026-07-26 22:06:26
I0002703,U00061,P00150,view,2026-07-11 22:06:26
I0002704,U00954,P00385,view,2026-07-05 22:06:26
I0002705,U00260,P00069,wishlist,2026-06-06 22:06:26
I0002706,U00253,P00125,click,2026-08-03 22:06:26
I0002707,U00958,P00292,view,2026-06-24 22:06:26
I0002708,U00562,P00153,purchase,2026-07-18 22:06:26
I0002709,U00678,P00203,view,2026-07-26 22:06:26
I0002710,U00401,P00101,view,2026-06-27 22:06:26
I0002711,U00177,P00476,view,2026-07-21 22:06:26
I0002712,U00942,P00397,view,2026-07-18 22:06:26
I0002713,U00429,P00363,purchase,2026-07-13 22:06:26
I0002714,U00516,P00335,view,2026-05-22 22:06:26
I0002715,U00748,P00053,cart,2026-05-29 22:06:26
I0002716,U00404,P00020,click,2026-07-29 22:06:26
I0002717,U00254,P00049,click,2026-06-18 22:06:26
I0002718,U00939,P00069,cart,2026-05-30 22:06:26
I0002719,U00032,P00021,wishlist,2026-08-07 22:06:26
I0002720,U00228,P00294,view,2026-05-27 22:06:26
I0002721,U00240,P00260,click,2026-05-29 22:06:26
I0002722,U00669,P00427,cart,2026-06-04 22:06:26
I0002723,U00697,P00447,view,2026-07-03 22:06:26
I0002724,U00209,P00082,click,2026-08-04 22:06:26
I0002725,U00131,P00292,view,2026-08-10 22:06:26
I0002726,U00655,P00454,view,2026-08-02 22:06:26
I0002727,U00446,P00174,cart,2026-06-09 22:06:26
I0002728,U00759,P00445,view,2026-08-12 22:06:26
I0002729,U00171,P00149,click,2026-07-11 22:06:26
I0002730,U00207,P00469,purchase,2026-06-10 22:06:26
I0002731,U00897,P00085,view,2026-06-20 22:06:26
I0002732,U00058,P00441,view,2026-05-21 22:06:26
I0002733,U00621,P00050,view,2026-07-12 22:06:26
I0002734,U00579,P00008,view,2026-06-06 22:06:26
I0002735,U00927,P00341,click,2026-07-07 22:06:26
I0002736,U00312,P00252,view,2026-07-04 22:06:26
I0002737,U00984,P00342,click,2026-07-16 22:06:26
I0002738,U00523,P00327,view,2026-05-31 22:06:26
I0002739,U00226,P00032,cart,2026-08-01 22:06:26
I0002740,U00871,P00285,view,2026-06-19 22:06:26
I0002741,U00936,P00072,click,2026-07-17 22:06:26
I0002742,U00237,P00081,view,2026-07-31 22:06:26
I0002743,U00992,P00447,purchase,2026-05-24 22:06:26
I0002744,U00022,P00387,click,2026-08-10 22:06:26
I0002745,U00224,P00474,click,2026-05-25 22:06:26
I0002746,U00966,P00241,click,2026-08-05 22:06:26
I0002747,U00117,P00255,click,2026-06-10 22:06:26
I0002748,U00159,P00220,view,2026-06-30 22:06:26
I0002749,U00417,P00031,view,2026-06-27 22:06:26
I0002750,U00120,P00214,wishlist,2026-08-04 22:06:26
I0002751,U00570,P00388,view,2026-07-16 22:06:26
I0002752,U00477,P00341,view,2026-07-16 22:06:26
I0002753,U00261,P00189,view,2026-08-03 22:06:26
I0002754,U00162,P00249,click,2026-05-24 22:06:26
I0002755,U00452,P00132,wishlist,2026-06-23 22:06:26
I0002756,U00734,P00360,view,2026-07-07 22:06:26
I0002757,U00930,P00252,wishlist,2026-06-18 22:06:26
I0002758,U00446,P00321,view,2026-06-19 22:06:26
I0002759,U00826,P00468,wishlist,2026-07-18 22:06:26
I0002760,U00961,P00310,click,2026-05-20 22:06:26
I0002761,U00637,P00388,view,2026-05-20 22:06:26
I0002762,U00327,P00452,view,2026-07-03 22:06:26
I0002763,U00295,P00169,purchase,2026-06-13 22:06:26
I0002764,U00436,P00385,cart,2026-05-23 22:06:26
I0002765,U00329,P00211,view,2026-06-29 22:06:26
I0002766,U00633,P00053,click,2026-06-07 22:06:26
I0002767,U00480,P00204,click,2026-08-16 22:06:26
I0002768,U00120,P00398,purchase,2026-07-18 22:06:26
I0002769,U00596,P00343,click,2026-07-13 22:06:26
I0002770,U00385,P00092,view,2026-06-20 22:06:26
I0002771,U00117,P00311,purchase,2026-06-25 22:06:26
I0002772,U00876,P00045,wishlist,2026-06-27 22:06:26
I0002773,U00930,P00418,click,2026-07-03 22:06:26
I0002774,U00378,P00025,cart,2026-06-02 22:06:26
I0002775,U00074,P00461,view,2026-07-23 22:06:26
I0002776,U00121,P00283,cart,2026-06-29 22:06:26
I0002777,U00526,P00376,click,2026-07-16 22:06:26
I0002778,U00257,P00307,view,2026-06-26 22:06:26
I0002779,U00170,P00285,view,2026-07-13 22:06:26
I0002780,U00673,P00066,click,2026-07-08 22:06:26
I0002781,U00979,P00335,view,2026-07-01 22:06:26
I0002782,U00291,P00204,click,2026-07-17 22:06:26
I0002783,U00447,P00081,view,2026-06-01 22:06:26
I0002784,U00798,P00316,view,2026-06-04 22:06:26
I0002785,U00308,P00478,click,2026-07-06 22:06:26
I0002786,U00688,P00414,view,2026-06-12 22:06:26
I0002787,U00300,P00477,view,2026-08-12 22:06:26
I0002788,U00601,P00086,click,2026-05-24 22:06:26
I0002789,U00326,P00006,click,2026-06-20 22:06:26
I0002790,U00305,P00242,view,2026-06-22 22:06:26
I0002791,U00165,P00480,wishlist,2026-05-30 22:06:26
I0002792,U00002,P00394,wishlist,2026-07-12 22:06:26
I0002793,U00534,P00161,cart,2026-06-26 22:06:26
I0002794,U00326,P00325,click,2026-07-06 22:06:26
I0002795,U00368,P00119,view,2026-06-10 22:06:26
I0002796,U00766,P00206,view,2026-07-06 22:06:26
I0002797,U00501,P00096,wishlist,2026-06-07 22:06:26
I0002798,U00131,P00488,view,2026-06-29 22:06:26
I0002799,U00887,P00146,wishlist,2026-06-13 22:06:26
I0002800,U00710,P00112,view,2026-06-23 22:06:26
I0002801,U00315,P00122,click,2026-06-14 22:06:26
I0002802,U00112,P00160,click,2026-08-15 22:06:26
I0002803,U00038,P00194,purchase,2026-05-20 22:06:26
I0002804,U00878,P00038,purchase,2026-07-03 22:06:26
I0002805,U00140,P00073,view,2026-07-23 22:06:26
I0002806,U00536,P00006,wishlist,2026-07-02 22:06:26
I0002807,U00967,P00410,view,2026-08-01 22:06:26
I0002808,U00960,P00303,view,2026-07-31 22:06:26
I0002809,U00732,P00434,click,2026-07-11 22:06:26
I0002810,U00392,P00431,cart,2026-08-17 22:06:26
I0002811,U00656,P00315,wishlist,2026-05-25 22:06:26
I0002812,U00862,P00122,cart,2026-07-17 22:06:26
I0002813,U00799,P00089,view,2026-05-28 22:06:26
I0002814,U00138,P00162,view,2026-05-24 22:06:26
I0002815,U00092,P00394,cart,2026-08-09 22:06:26
I0002816,U00580,P00073,view,2026-06-27 22:06:26
I0002817,U00850,P00237,cart,2026-07-04 22:06:26
I0002818,U00240,P00353,view,2026-07-12 22:06:26
I0002819,U00428,P00260,view,2026-07-27 22:06:26
I0002820,U00943,P00388,view,2026-07-28 22:06:26
I0002821,U00731,P00369,view,2026-06-06 22:06:26
I0002822,U00523,P00226,view,2026-06-08 22:06:26
I0002823,U00883,P00040,click,2026-05-23 22:06:26
I0002824,U00610,P00188,view,2026-07-21 22:06:26
I0002825,U00978,P00217,cart,2026-07-08 22:06:26
I0002826,U00142,P00030,cart,2026-07-14 22:06:26
I0002827,U00176,P00495,view,2026-05-31 22:06:26
I0002828,U00395,P00402,view,2026-07-08 22:06:26
I0002829,U00798,P00126,cart,2026-08-17 22:06:26
I0002830,U00863,P00440,click,2026-06-13 22:06:26
I0002831,U00805,P00324,view,2026-06-11 22:06:26
I0002832,U00721,P00492,purchase,2026-08-18 22:06:26
I0002833,U00484,P00250,click,2026-07-16 22:06:26
I0002834,U00162,P00193,view,2026-07-04 22:06:26
I0002835,U00225,P00077,view,2026-05-30 22:06:26
I0002836,U00763,P00073,cart,2026-06-23 22:06:26
I0002837,U00894,P00433,wishlist,2026-07-09 22:06:26
I0002838,U00954,P00469,click,2026-07-16 22:06:26
I0002839,U00632,P00143,click,2026-05-23 22:06:26
I0002840,U00976,P00110,cart,2026-07-18 22:06:26
I0002841,U01000,P00442,click,2026-08-18 22:06:26
I0002842,U00211,P00081,view,2026-07-05 22:06:26
I0002843,U00496,P00063,view,2026-06-25 22:06:26
I0002844,U00672,P00221,view,2026-06-07 22:06:26
I0002845,U00605,P00137,view,2026-08-14 22:06:26
I0002846,U00049,P00191,view,2026-05-30 22:06:26
I0002847,U00504,P00036,cart,2026-06-09 22:06:26
I0002848,U00108,P00123,wishlist,2026-06-19 22:06:26
I0002849,U00822,P00271,view,2026-06-23 22:06:26
I0002850,U00506,P00358,view,2026-06-18 22:06:26
I0002851,U00671,P00076,cart,2026-06-04 22:06:26
I0002852,U00020,P00381,cart,2026-05-29 22:06:26
I0002853,U00087,P00415,view,2026-06-27 22:06:26
I0002854,U00886,P00081,click,2026-06-25 22:06:26
I0002855,U00816,P00248,view,2026-06-18 22:06:26
I0002856,U00324,P00238,purchase,2026-07-11 22:06:26
I0002857,U00951,P00486,cart,2026-06-16 22:06:26
I0002858,U00054,P00104,click,2026-06-08 22:06:26
I0002859,U00621,P00232,click,2026-06-07 22:06:26
I0002860,U00593,P00086,view,2026-06-26 22:06:26
I0002861,U00995,P00182,view,2026-08-08 22:06:26
I0002862,U00472,P00354,wishlist,2026-08-02 22:06:26
I0002863,U00207,P00183,view,2026-06-27 22:06:26
I0002864,U00206,P00370,view,2026-07-14 22:06:26
I0002865,U00872,P00064,click,2026-05-30 22:06:26
I0002866,U00593,P00140,view,2026-05-31 22:06:26
I0002867,U00584,P00304,view,2026-07-09 22:06:26
I0002868,U00799,P00217,view,2026-07-08 22:06:26
I0002869,U00159,P00031,view,2026-06-10 22:06:26
I0002870,U00379,P00103,cart,2026-06-18 22:06:26
I0002871,U00943,P00471,click,2026-07-21 22:06:26
I0002872,U00923,P00355,cart,2026-08-01 22:06:26
I0002873,U00248,P00468,cart,2026-07-25 22:06:26
I0002874,U00094,P00318,purchase,2026-08-14 22:06:26
I0002875,U00804,P00369,view,2026-07-03 22:06:26
I0002876,U00723,P00188,view,2026-06-17 22:06:26
I0002877,U00086,P00445,view,2026-07-05 22:06:26
I0002878,U00216,P00041,view,2026-08-13 22:06:26
I0002879,U00812,P00405,click,2026-07-08 22:06:26
I0002880,U00231,P00306,view,2026-06-17 22:06:26
I0002881,U00824,P00295,view,2026-08-04 22:06:26
I0002882,U00279,P00367,wishlist,2026-07-24 22:06:26
I0002883,U00324,P00332,wishlist,2026-08-15 22:06:26
I0002884,U00468,P00487,wishlist,2026-07-18 22:06:26
I0002885,U00180,P00433,view,2026-06-11 22:06:26
I0002886,U00985,P00047,view,2026-05-23 22:06:26
I0002887,U00358,P00001,click,2026-06-21 22:06:26
I0002888,U00744,P00165,click,2026-08-02 22:06:26
I0002889,U00685,P00306,wishlist,2026-07-19 22:06:26
I0002890,U00879,P00448,view,2026-05-25 22:06:26
I0002891,U00825,P00052,click,2026-06-28 22:06:26
I0002892,U00202,P00444,click,2026-06-09 22:06:26
I0002893,U00358,P00389,view,2026-06-16 22:06:26
I0002894,U00939,P00121,view,2026-06-01 22:06:26
I0002895,U00099,P00373,view,2026-06-12 22:06:26
I0002896,U00904,P00088,view,2026-05-21 22:06:26
I0002897,U00111,P00239,purchase,2026-06-02 22:06:26
I0002898,U00455,P00344,view,2026-06-14 22:06:26
I0002899,U00009,P00274,cart,2026-08-18 22:06:26
I0002900,U00927,P00083,view,2026-05-24 22:06:26
I0002901,U00790,P00346,view,2026-06-16 22:06:26
I0002902,U00926,P00371,view,2026-06-18 22:06:26
I0002903,U00480,P00212,view,2026-05-22 22:06:26
I0002904,U00284,P00140,view,2026-07-02 22:06:26
I0002905,U00689,P00084,view,2026-08-05 22:06:26
I0002906,U00279,P00322,view,2026-08-11 22:06:26
I0002907,U00384,P00378,wishlist,2026-06-14 22:06:26
I0002908,U00294,P00401,view,2026-06-16 22:06:26
I0002909,U00677,P00231,cart,2026-07-13 22:06:26
I0002910,U00170,P00288,wishlist,2026-07-01 22:06:26
I0002911,U00841,P00227,click,2026-06-02 22:06:26
I0002912,U00347,P00276,wishlist,2026-06-11 22:06:26
I0002913,U00765,P00415,view,2026-07-27 22:06:26
I0002914,U00611,P00235,click,2026-06-27 22:06:26
I0002915,U00388,P00291,view,2026-07-05 22:06:26
I0002916,U00148,P00013,wishlist,2026-08-04 22:06:26
I0002917,U00841,P00361,view,2026-08-17 22:06:26
I0002918,U00031,P00054,view,2026-08-05 22:06:26
I0002919,U00004,P00340,view,2026-07-23 22:06:26
I0002920,U00713,P00277,click,2026-08-16 22:06:26
I0002921,U00345,P00257,click,2026-05-29 22:06:26
I0002922,U00467,P00008,view,2026-05-23 22:06:26
I0002923,U00745,P00321,cart,2026-06-20 22:06:26
I0002924,U00922,P00476,click,2026-08-02 22:06:26
I0002925,U00592,P00291,click,2026-06-27 22:06:26
I0002926,U00089,P00109,view,2026-06-27 22:06:26
I0002927,U00562,P00306,view,2026-07-07 22:06:26
I0002928,U00149,P00327,click,2026-06-24 22:06:26
I0002929,U00165,P00121,view,2026-07-26 22:06:26
I0002930,U00984,P00217,view,2026-07-17 22:06:26
I0002931,U00228,P00488,cart,2026-07-20 22:06:26
I0002932,U00853,P00055,purchase,2026-08-06 22:06:26
I0002933,U00874,P00357,wishlist,2026-07-26 22:06:26
I0002934,U00954,P00189,view,2026-07-23 22:06:26
I0002935,U00272,P00109,click,2026-05-30 22:06:26
I0002936,U00988,P00427,view,2026-08-18 22:06:26
I0002937,U00257,P00173,purchase,2026-08-14 22:06:26
I0002938,U00454,P00047,click,2026-06-06 22:06:26
I0002939,U00676,P00249,view,2026-08-12 22:06:26
I0002940,U00183,P00074,view,2026-06-25 22:06:26
I0002941,U00253,P00212,view,2026-08-18 22:06:26
I0002942,U00835,P00087,view,2026-07-27 22:06:26
I0002943,U00202,P00139,view,2026-06-19 22:06:26
I0002944,U00706,P00382,view,2026-07-28 22:06:26
I0002945,U00119,P00342,click,2026-07-10 22:06:26
I0002946,U00071,P00040,click,2026-07-04 22:06:26
I0002947,U00239,P00376,wishlist,2026-06-07 22:06:26
I0002948,U00379,P00008,view,2026-06-18 22:06:26
I0002949,U00886,P00408,cart,2026-08-07 22:06:26
I0002950,U00215,P00202,click,2026-08-03 22:06:26
I0002951,U00308,P00138,view,2026-07-29 22:06:26
I0002952,U00282,P00342,view,2026-05-28 22:06:26
I0002953,U00864,P00068,cart,2026-06-04 22:06:26
I0002954,U00651,P00181,view,2026-06-16 22:06:26
I0002955,U00097,P00186,view,2026-07-13 22:06:26
I0002956,U00007,P00262,click,2026-07-05 22:06:26
I0002957,U00772,P00028,click,2026-05-25 22:06:26
I0002958,U00238,P00413,click,2026-08-10 22:06:26
I0002959,U00098,P00429,view,2026-07-24 22:06:26
I0002960,U00843,P00415,view,2026-07-11 22:06:26
I0002961,U00944,P00066,view,2026-07-24 22:06:26
I0002962,U00391,P00313,click,2026-08-01 22:06:26
I0002963,U00681,P00099,click,2026-06-04 22:06:26
I0002964,U00980,P00465,view,2026-06-27 22:06:26
I0002965,U00550,P00275,view,2026-06-15 22:06:26
I0002966,U00033,P00036,click,2026-07-12 22:06:26
I0002967,U00707,P00305,view,2026-07-19 22:06:26
I0002968,U00109,P00384,view,2026-05-23 22:06:26
I0002969,U00114,P00146,cart,2026-07-15 22:06:26
I0002970,U00379,P00330,cart,2026-08-18 22:06:26
I0002971,U00904,P00025,view,2026-07-31 22:06:26
I0002972,U00614,P00009,purchase,2026-07-08 22:06:26
I0002973,U00905,P00447,cart,2026-08-08 22:06:26
I0002974,U00618,P00390,cart,2026-06-25 22:06:26
I0002975,U00011,P00163,click,2026-06-08 22:06:26
I0002976,U00737,P00029,cart,2026-05-30 22:06:26
I0002977,U00975,P00387,wishlist,2026-08-01 22:06:26
I0002978,U00297,P00108,view,2026-05-20 22:06:26
I0002979,U00601,P00249,click,2026-07-20 22:06:26
I0002980,U00887,P00339,wishlist,2026-06-03 22:06:26
I0002981,U00826,P00167,cart,2026-05-25 22:06:26
I0002982,U00543,P00398,click,2026-06-19 22:06:26
I0002983,U00752,P00437,click,2026-07-31 22:06:26
I0002984,U00123,P00251,view,2026-07-30 22:06:26
I0002985,U00811,P00146,cart,2026-06-14 22:06:26
I0002986,U00806,P00228,cart,2026-06-18 22:06:26
I0002987,U00536,P00262,view,2026-07-13 22:06:26
I0002988,U00440,P00498,click,2026-06-08 22:06:26
I0002989,U00645,P00201,click,2026-08-10 22:06:26
I0002990,U00401,P00418,view,2026-06-30 22:06:26
I0002991,U00628,P00447,click,2026-07-16 22:06:26
I0002992,U00178,P00238,purchase,2026-07-01 22:06:26
I0002993,U00400,P00418,view,2026-07-13 22:06:26
I0002994,U00122,P00227,cart,2026-07-02 22:06:26
I0002995,U00248,P00180,view,2026-06-19 22:06:26
I0002996,U00740,P00051,view,2026-05-23 22:06:26
I0002997,U00850,P00082,click,2026-05-31 22:06:26
I0002998,U00892,P00475,click,2026-07-26 22:06:26
I0002999,U00450,P00014,click,2026-08-15 22:06:26
I0003000,U00066,P00400,click,2026-06-20 22:06:26
I0003001,U00247,P00491,click,2026-08-18 22:06:26
I0003002,U00023,P00125,wishlist,2026-05-31 22:06:26
I0003003,U00474,P00144,view,2026-07-14 22:06:26
I0003004,U00646,P00066,wishlist,2026-07-27 22:06:26
I0003005,U00783,P00439,view,2026-06-14 22:06:26
I0003006,U00840,P00234,click,2026-08-11 22:06:26
I0003007,U00796,P00420,view,2026-06-18 22:06:26
I0003008,U00709,P00029,click,2026-06-18 22:06:26
I0003009,U00034,P00274,view,2026-07-11 22:06:26
I0003010,U00261,P00227,click,2026-06-04 22:06:26
I0003011,U00684,P00377,view,2026-08-02 22:06:26
I0003012,U00481,P00289,view,2026-08-04 22:06:26
I0003013,U00794,P00470,click,2026-06-07 22:06:26
I0003014,U00605,P00348,cart,2026-06-30 22:06:26
I0003015,U00201,P00387,cart,2026-07-03 22:06:26
I0003016,U00027,P00039,view,2026-06-08 22:06:26
I0003017,U00363,P00305,click,2026-06-30 22:06:26
I0003018,U00898,P00368,view,2026-07-16 22:06:26
I0003019,U00139,P00179,view,2026-08-09 22:06:26
I0003020,U00814,P00491,view,2026-07-02 22:06:26
I0003021,U00336,P00462,view,2026-05-30 22:06:26
I0003022,U00981,P00259,cart,2026-07-19 22:06:26
I0003023,U00911,P00120,view,2026-07-28 22:06:26
I0003024,U00203,P00443,view,2026-06-24 22:06:26
I0003025,U00983,P00316,view,2026-08-02 22:06:26
I0003026,U00936,P00473,view,2026-06-13 22:06:26
I0003027,U00877,P00470,purchase,2026-07-02 22:06:26
I0003028,U00826,P00500,click,2026-05-29 22:06:26
I0003029,U00691,P00486,click,2026-07-01 22:06:26
I0003030,U00281,P00027,click,2026-07-12 22:06:26
I0003031,U00910,P00297,click,2026-07-29 22:06:26
I0003032,U00832,P00028,click,2026-05-20 22:06:26
I0003033,U00368,P00206,view,2026-07-11 22:06:26
I0003034,U00959,P00482,view,2026-06-13 22:06:26
I0003035,U00050,P00149,view,2026-08-12 22:06:26
I0003036,U00073,P00372,click,2026-07-12 22:06:26
I0003037,U00467,P00442,click,2026-07-14 22:06:26
I0003038,U00329,P00121,view,2026-06-02 22:06:26
I0003039,U00135,P00280,click,2026-08-05 22:06:26
I0003040,U00898,P00297,cart,2026-07-08 22:06:26
I0003041,U00688,P00139,view,2026-07-21 22:06:26
I0003042,U00591,P00017,view,2026-07-10 22:06:26
I0003043,U00104,P00311,view,2026-08-05 22:06:26
I0003044,U00402,P00061,view,2026-07-28 22:06:26
I0003045,U00685,P00030,click,2026-07-25 22:06:26
I0003046,U00056,P00368,click,2026-08-04 22:06:26
I0003047,U00119,P00347,view,2026-08-09 22:06:26
I0003048,U00757,P00197,click,2026-05-27 22:06:26
I0003049,U00889,P00041,view,2026-06-24 22:06:26
I0003050,U00304,P00455,click,2026-07-14 22:06:26
I0003051,U00505,P00250,view,2026-07-18 22:06:26
I0003052,U00037,P00223,view,2026-07-15 22:06:26
I0003053,U00648,P00071,cart,2026-06-23 22:06:26
I0003054,U00380,P00414,view,2026-07-07 22:06:26
I0003055,U00159,P00080,wishlist,2026-05-23 22:06:26
I0003056,U00806,P00330,view,2026-06-18 22:06:26
I0003057,U00831,P00479,click,2026-07-03 22:06:26
I0003058,U00478,P00040,wishlist,2026-06-08 22:06:26
I0003059,U00144,P00420,view,2026-08-04 22:06:26
I0003060,U00475,P00093,purchase,2026-07-18 22:06:26
I0003061,U00523,P00444,purchase,2026-08-16 22:06:26
I0003062,U00035,P00493,view,2026-07-13 22:06:26
I0003063,U00870,P00233,view,2026-07-04 22:06:26
I0003064,U00454,P00475,cart,2026-07-09 22:06:26
I0003065,U00783,P00336,view,2026-08-01 22:06:26
I0003066,U00478,P00345,view,2026-07-09 22:06:26
I0003067,U00842,P00396,cart,2026-06-16 22:06:26
I0003068,U00598,P00398,wishlist,2026-07-23 22:06:26
I0003069,U00248,P00027,view,2026-06-09 22:06:26
I0003070,U00650,P00201,view,2026-06-03 22:06:26
I0003071,U00263,P00493,view,2026-05-24 22:06:26
I0003072,U00517,P00425,view,2026-06-17 22:06:26
I0003073,U00112,P00122,view,2026-06-01 22:06:26
I0003074,U00869,P00101,view,2026-07-15 22:06:26
I0003075,U00639,P00204,cart,2026-07-28 22:06:26
I0003076,U00579,P00061,view,2026-07-07 22:06:26
I0003077,U00216,P00480,click,2026-07-21 22:06:26
I0003078,U00279,P00217,view,2026-07-02 22:06:26
I0003079,U00740,P00332,view,2026-05-26 22:06:26
I0003080,U00434,P00355,click,2026-06-19 22:06:26
I0003081,U00078,P00169,click,2026-08-03 22:06:26
I0003082,U00303,P00487,click,2026-07-18 22:06:26
I0003083,U00648,P00458,cart,2026-06-01 22:06:26
I0003084,U00312,P00497,click,2026-07-04 22:06:26
I0003085,U00087,P00043,cart,2026-07-26 22:06:26
I0003086,U00774,P00299,click,2026-08-16 22:06:26
I0003087,U00046,P00144,view,2026-06-27 22:06:26
I0003088,U00407,P00256,click,2026-08-08 22:06:26
I0003089,U00331,P00296,click,2026-07-15 22:06:26
I0003090,U00105,P00414,click,2026-07-25 22:06:26
I0003091,U00780,P00146,view,2026-06-02 22:06:26
I0003092,U00888,P00297,view,2026-07-03 22:06:26
I0003093,U00290,P00339,view,2026-07-13 22:06:26
I0003094,U00475,P00084,cart,2026-06-08 22:06:26
I0003095,U00335,P00062,view,2026-06-20 22:06:26
I0003096,U00383,P00364,view,2026-08-16 22:06:26
I0003097,U00325,P00043,view,2026-07-23 22:06:26
I0003098,U00890,P00013,click,2026-07-08 22:06:26
I0003099,U00437,P00489,purchase,2026-06-06 22:06:26
I0003100,U00237,P00322,click,2026-08-13 22:06:26
I0003101,U00348,P00296,wishlist,2026-07-26 22:06:26
I0003102,U00257,P00441,click,2026-05-20 22:06:26
I0003103,U00259,P00026,view,2026-07-19 22:06:26
I0003104,U00775,P00207,view,2026-06-02 22:06:26
I0003105,U00579,P00168,view,2026-05-30 22:06:26
I0003106,U00792,P00417,click,2026-06-06 22:06:26
I0003107,U00152,P00001,click,2026-07-27 22:06:26
I0003108,U00337,P00384,wishlist,2026-08-13 22:06:26
I0003109,U00787,P00182,view,2026-05-28 22:06:26
I0003110,U00879,P00472,view,2026-06-11 22:06:26
I0003111,U00133,P00395,view,2026-06-27 22:06:26
I0003112,U00150,P00001,view,2026-07-08 22:06:26
I0003113,U00066,P00207,view,2026-06-14 22:06:26
I0003114,U00681,P00263,view,2026-06-11 22:06:26
I0003115,U00394,P00074,view,2026-05-29 22:06:26
I0003116,U00822,P00482,view,2026-07-23 22:06:26
I0003117,U00434,P00237,click,2026-07-17 22:06:26
I0003118,U00260,P00055,cart,2026-07-08 22:06:26
I0003119,U00042,P00472,purchase,2026-05-26 22:06:26
I0003120,U00474,P00492,view,2026-05-27 22:06:26
I0003121,U00538,P00244,view,2026-06-20 22:06:26
I0003122,U00080,P00435,view,2026-06-18 22:06:26
I0003123,U00199,P00464,click,2026-06-04 22:06:26
I0003124,U00099,P00237,cart,2026-07-01 22:06:26
I0003125,U00762,P00112,click,2026-05-20 22:06:26
I0003126,U00039,P00469,view,2026-06-19 22:06:26
I0003127,U00516,P00284,view,2026-07-22 22:06:26
I0003128,U00047,P00210,view,2026-08-09 22:06:26
I0003129,U00011,P00334,wishlist,2026-07-05 22:06:26
I0003130,U00145,P00046,wishlist,2026-07-07 22:06:26
I0003131,U00779,P00285,wishlist,2026-05-25 22:06:26
I0003132,U00237,P00233,click,2026-07-25 22:06:26
I0003133,U00543,P00292,view,2026-07-13 22:06:26
I0003134,U00414,P00337,view,2026-07-15 22:06:26
I0003135,U00301,P00369,view,2026-08-04 22:06:26
I0003136,U00170,P00232,view,2026-06-15 22:06:26
I0003137,U00142,P00295,click,2026-05-30 22:06:26
I0003138,U00882,P00248,view,2026-05-24 22:06:26
I0003139,U00694,P00017,view,2026-07-01 22:06:26
I0003140,U00077,P00316,click,2026-08-06 22:06:26
I0003141,U00157,P00370,click,2026-08-14 22:06:26
I0003142,U00708,P00483,wishlist,2026-07-12 22:06:26
I0003143,U00118,P00121,view,2026-08-02 22:06:26
I0003144,U00045,P00408,view,2026-06-13 22:06:26
I0003145,U00070,P00484,click,2026-07-25 22:06:26
I0003146,U00443,P00172,cart,2026-07-26 22:06:26
I0003147,U00526,P00369,wishlist,2026-06-05 22:06:26
I0003148,U00390,P00284,view,2026-06-27 22:06:26
I0003149,U00500,P00276,wishlist,2026-06-22 22:06:26
I0003150,U00602,P00185,view,2026-06-10 22:06:26
I0003151,U00610,P00330,view,2026-05-25 22:06:26
I0003152,U00385,P00272,click,2026-07-19 22:06:26
I0003153,U00890,P00266,view,2026-07-19 22:06:26
I0003154,U00701,P00488,wishlist,2026-08-18 22:06:26
I0003155,U00221,P00063,view,2026-06-11 22:06:26
I0003156,U00288,P00365,view,2026-07-04 22:06:26
I0003157,U00537,P00135,view,2026-06-11 22:06:26
I0003158,U00126,P00044,wishlist,2026-06-27 22:06:26
I0003159,U00809,P00100,click,2026-06-18 22:06:26
I0003160,U00532,P00435,click,2026-08-03 22:06:26
I0003161,U00047,P00237,view,2026-07-25 22:06:26
I0003162,U00810,P00460,view,2026-06-15 22:06:26
I0003163,U00916,P00156,view,2026-06-29 22:06:26
I0003164,U00145,P00358,click,2026-06-19 22:06:26
I0003165,U00754,P00066,cart,2026-06-16 22:06:26
I0003166,U00075,P00177,wishlist,2026-05-28 22:06:26
I0003167,U00003,P00206,view,2026-08-17 22:06:26
I0003168,U00489,P00029,wishlist,2026-06-30 22:06:26
I0003169,U00508,P00169,view,2026-06-13 22:06:26
I0003170,U00972,P00266,view,2026-06-13 22:06:26
I0003171,U00578,P00008,wishlist,2026-08-08 22:06:26
I0003172,U00749,P00124,cart,2026-08-18 22:06:26
I0003173,U00833,P00192,purchase,2026-06-05 22:06:26
I0003174,U00019,P00243,click,2026-06-08 22:06:26
I0003175,U00451,P00204,view,2026-07-26 22:06:26
I0003176,U00781,P00208,view,2026-06-26 22:06:26
I0003177,U00433,P00055,view,2026-08-06 22:06:26
I0003178,U00740,P00060,purchase,2026-06-04 22:06:26
I0003179,U00203,P00284,click,2026-05-22 22:06:26
I0003180,U00564,P00460,view,2026-08-03 22:06:26
I0003181,U00666,P00005,view,2026-07-27 22:06:26
I0003182,U00372,P00484,cart,2026-07-23 22:06:26
I0003183,U00891,P00237,click,2026-06-23 22:06:26
I0003184,U00170,P00310,view,2026-08-14 22:06:26
I0003185,U00048,P00448,view,2026-07-15 22:06:26
I0003186,U00588,P00232,view,2026-07-19 22:06:26
I0003187,U00900,P00003,wishlist,2026-07-17 22:06:26
I0003188,U00300,P00422,view,2026-07-28 22:06:26
I0003189,U00504,P00473,wishlist,2026-07-25 22:06:26
I0003190,U00215,P00238,click,2026-07-04 22:06:26
I0003191,U00155,P00363,wishlist,2026-06-01 22:06:26
I0003192,U00907,P00417,view,2026-08-10 22:06:26
I0003193,U00513,P00253,view,2026-06-13 22:06:26
I0003194,U00348,P00174,view,2026-07-08 22:06:26
I0003195,U00075,P00066,cart,2026-06-04 22:06:26
I0003196,U00713,P00367,view,2026-06-15 22:06:26
I0003197,U00081,P00002,view,2026-06-12 22:06:26
I0003198,U00510,P00101,view,2026-06-17 22:06:26
I0003199,U00127,P00263,wishlist,2026-07-28 22:06:26
I0003200,U00095,P00396,view,2026-06-20 22:06:26
I0003201,U00683,P00191,view,2026-07-26 22:06:26
I0003202,U00445,P00434,view,2026-08-16 22:06:26
I0003203,U00666,P00426,wishlist,2026-06-15 22:06:26
I0003204,U00547,P00191,view,2026-05-21 22:06:26
I0003205,U00709,P00443,view,2026-06-08 22:06:26
I0003206,U00871,P00272,cart,2026-07-23 22:06:26
I0003207,U00361,P00130,view,2026-08-06 22:06:26
I0003208,U00439,P00096,cart,2026-08-08 22:06:26
I0003209,U00221,P00240,view,2026-08-06 22:06:26
I0003210,U00705,P00481,click,2026-06-09 22:06:26
I0003211,U00134,P00091,wishlist,2026-07-12 22:06:26
I0003212,U00250,P00210,click,2026-06-24 22:06:26
I0003213,U00689,P00480,click,2026-06-03 22:06:26
I0003214,U00081,P00239,click,2026-07-04 22:06:26
I0003215,U00375,P00162,view,2026-05-21 22:06:26
I0003216,U00807,P00005,view,2026-08-18 22:06:26
I0003217,U00200,P00474,view,2026-06-18 22:06:26
I0003218,U00336,P00062,wishlist,2026-06-12 22:06:26
I0003219,U00845,P00332,view,2026-07-25 22:06:26
I0003220,U00314,P00496,wishlist,2026-08-17 22:06:26
I0003221,U00479,P00415,wishlist,2026-07-10 22:06:26
I0003222,U00524,P00193,click,2026-06-26 22:06:26
I0003223,U00850,P00436,wishlist,2026-08-14 22:06:26
I0003224,U00547,P00250,view,2026-07-24 22:06:26
I0003225,U00885,P00061,wishlist,2026-08-09 22:06:26
I0003226,U00701,P00304,view,2026-06-21 22:06:26
I0003227,U00871,P00410,view,2026-08-06 22:06:26
I0003228,U00678,P00103,view,2026-07-18 22:06:26
I0003229,U00453,P00060,view,2026-06-30 22:06:26
I0003230,U00069,P00322,view,2026-05-31 22:06:26
I0003231,U00165,P00084,view,2026-06-12 22:06:26
I0003232,U00201,P00046,view,2026-06-13 22:06:26
I0003233,U00402,P00430,view,2026-06-01 22:06:26
I0003234,U00424,P00105,view,2026-07-30 22:06:26
I0003235,U00907,P00484,click,2026-08-01 22:06:26
I0003236,U00598,P00145,wishlist,2026-08-06 22:06:26
I0003237,U00879,P00222,purchase,2026-05-27 22:06:26
I0003238,U00762,P00248,view,2026-06-29 22:06:26
I0003239,U00740,P00049,view,2026-06-27 22:06:26
I0003240,U00952,P00245,view,2026-08-03 22:06:26
I0003241,U00435,P00233,view,2026-07-16 22:06:26
I0003242,U00955,P00246,click,2026-06-02 22:06:26
I0003243,U00522,P00330,click,2026-07-15 22:06:26
I0003244,U00285,P00177,view,2026-07-11 22:06:26
I0003245,U00077,P00470,click,2026-06-08 22:06:26
I0003246,U00283,P00186,click,2026-05-24 22:06:26
I0003247,U00491,P00303,cart,2026-06-04 22:06:26
I0003248,U00827,P00198,view,2026-06-22 22:06:26
I0003249,U00346,P00108,wishlist,2026-07-10 22:06:26
I0003250,U00068,P00410,cart,2026-07-02 22:06:26
I0003251,U00230,P00032,click,2026-07-11 22:06:26
I0003252,U00105,P00451,cart,2026-05-24 22:06:26
I0003253,U00303,P00249,click,2026-07-16 22:06:26
I0003254,U00818,P00085,view,2026-08-05 22:06:26
I0003255,U00113,P00267,click,2026-07-15 22:06:26
I0003256,U00929,P00116,view,2026-07-27 22:06:26
I0003257,U00393,P00288,purchase,2026-08-14 22:06:26
I0003258,U00110,P00048,purchase,2026-07-25 22:06:26
I0003259,U00585,P00198,click,2026-06-01 22:06:26
I0003260,U00199,P00026,view,2026-07-18 22:06:26
I0003261,U00434,P00033,wishlist,2026-05-29 22:06:26
I0003262,U00055,P00112,view,2026-05-28 22:06:26
I0003263,U00159,P00437,view,2026-08-16 22:06:26
I0003264,U00794,P00212,cart,2026-08-16 22:06:26
I0003265,U00982,P00354,view,2026-07-27 22:06:26
I0003266,U00059,P00147,click,2026-05-27 22:06:26
I0003267,U00659,P00457,view,2026-07-11 22:06:26
I0003268,U00540,P00218,view,2026-08-14 22:06:26
I0003269,U00701,P00172,view,2026-07-18 22:06:26
I0003270,U00368,P00056,wishlist,2026-07-18 22:06:26
I0003271,U00612,P00406,cart,2026-07-31 22:06:26
I0003272,U00263,P00457,view,2026-08-03 22:06:26
I0003273,U00063,P00145,click,2026-05-26 22:06:26
I0003274,U00468,P00443,wishlist,2026-06-09 22:06:26
I0003275,U00353,P00036,cart,2026-08-07 22:06:26
I0003276,U00184,P00164,wishlist,2026-05-22 22:06:26
I0003277,U00146,P00097,click,2026-06-01 22:06:26
I0003278,U00784,P00165,cart,2026-06-25 22:06:26
I0003279,U00085,P00374,click,2026-07-11 22:06:26
I0003280,U00061,P00344,click,2026-06-26 22:06:26
I0003281,U00648,P00378,view,2026-07-02 22:06:26
I0003282,U00240,P00217,view,2026-08-10 22:06:26
I0003283,U00804,P00414,cart,2026-05-21 22:06:26
I0003284,U00984,P00002,view,2026-06-19 22:06:26
I0003285,U00081,P00259,click,2026-06-12 22:06:26
I0003286,U00997,P00059,view,2026-07-06 22:06:26
I0003287,U00774,P00134,view,2026-07-08 22:06:26
I0003288,U00609,P00456,view,2026-07-28 22:06:26
I0003289,U00569,P00013,view,2026-06-15 22:06:26
I0003290,U00888,P00428,view,2026-06-15 22:06:26
I0003291,U00446,P00191,wishlist,2026-07-25 22:06:26
I0003292,U00547,P00280,view,2026-05-26 22:06:26
I0003293,U00624,P00080,cart,2026-07-15 22:06:26
I0003294,U00857,P00048,click,2026-07-11 22:06:26
I0003295,U00822,P00341,view,2026-06-06 22:06:26
I0003296,U00704,P00158,view,2026-06-01 22:06:26
I0003297,U00770,P00310,click,2026-08-06 22:06:26
I0003298,U00528,P00267,view,2026-06-04 22:06:26
I0003299,U00424,P00234,view,2026-05-27 22:06:26
I0003300,U00619,P00286,view,2026-07-16 22:06:26
I0003301,U00901,P00020,view,2026-08-16 22:06:26
I0003302,U00137,P00118,view,2026-06-13 22:06:26
I0003303,U00178,P00297,view,2026-08-14 22:06:26
I0003304,U00303,P00147,cart,2026-06-14 22:06:26
I0003305,U00117,P00337,view,2026-07-31 22:06:26
I0003306,U00739,P00432,view,2026-06-11 22:06:26
I0003307,U00630,P00116,wishlist,2026-07-09 22:06:26
I0003308,U00845,P00342,click,2026-08-15 22:06:26
I0003309,U00866,P00247,view,2026-07-03 22:06:26
I0003310,U00536,P00063,cart,2026-08-17 22:06:26
I0003311,U00656,P00315,view,2026-08-08 22:06:26
I0003312,U00001,P00117,click,2026-07-12 22:06:26
I0003313,U00201,P00193,view,2026-07-01 22:06:26
I0003314,U00977,P00243,view,2026-08-01 22:06:26
I0003315,U00382,P00223,click,2026-06-20 22:06:26
I0003316,U00300,P00183,click,2026-07-18 22:06:26
I0003317,U00602,P00263,view,2026-06-12 22:06:26
I0003318,U00840,P00441,view,2026-07-18 22:06:26
I0003319,U00064,P00420,view,2026-06-17 22:06:26
I0003320,U00163,P00385,cart,2026-07-31 22:06:26
I0003321,U00705,P00271,click,2026-07-01 22:06:26
I0003322,U00024,P00077,wishlist,2026-07-12 22:06:26
I0003323,U00234,P00322,click,2026-07-11 22:06:26
I0003324,U00754,P00137,click,2026-08-03 22:06:26
I0003325,U00584,P00107,cart,2026-06-28 22:06:26
I0003326,U00425,P00331,cart,2026-06-01 22:06:26
I0003327,U00665,P00210,view,2026-07-17 22:06:26
I0003328,U00288,P00370,view,2026-06-19 22:06:26
I0003329,U00364,P00173,wishlist,2026-05-24 22:06:26
I0003330,U00189,P00063,click,2026-07-10 22:06:26
I0003331,U00489,P00178,view,2026-07-12 22:06:26
I0003332,U00443,P00268,view,2026-08-14 22:06:26
I0003333,U00462,P00212,view,2026-07-28 22:06:26
I0003334,U00425,P00155,view,2026-08-18 22:06:26
I0003335,U00600,P00092,view,2026-08-15 22:06:26
I0003336,U00698,P00427,click,2026-08-17 22:06:26
I0003337,U00143,P00427,view,2026-08-12 22:06:26
I0003338,U00766,P00407,view,2026-05-22 22:06:26
I0003339,U00593,P00346,view,2026-05-27 22:06:26
I0003340,U00088,P00430,view,2026-06-13 22:06:26
I0003341,U00495,P00397,view,2026-08-13 22:06:26
I0003342,U00553,P00119,cart,2026-08-04 22:06:26
I0003343,U00243,P00280,wishlist,2026-07-24 22:06:26
I0003344,U00154,P00461,view,2026-06-04 22:06:26
I0003345,U00262,P00071,view,2026-06-26 22:06:26
I0003346,U00189,P00067,view,2026-07-25 22:06:26
I0003347,U00885,P00138,click,2026-08-07 22:06:26
I0003348,U00388,P00280,click,2026-06-17 22:06:26
I0003349,U00320,P00473,view,2026-07-28 22:06:26
I0003350,U00971,P00104,view,2026-06-23 22:06:26
I0003351,U00412,P00327,view,2026-07-10 22:06:26
I0003352,U00694,P00101,view,2026-07-20 22:06:26
I0003353,U00881,P00329,view,2026-08-18 22:06:26
I0003354,U00595,P00227,view,2026-07-23 22:06:26
I0003355,U00124,P00009,view,2026-06-09 22:06:26
I0003356,U00765,P00277,purchase,2026-07-27 22:06:26
I0003357,U00636,P00012,view,2026-06-20 22:06:26
I0003358,U00750,P00170,click,2026-06-10 22:06:26
I0003359,U00331,P00209,cart,2026-08-03 22:06:26
I0003360,U00621,P00438,purchase,2026-07-13 22:06:26
I0003361,U00825,P00470,view,2026-08-04 22:06:26
I0003362,U00160,P00465,click,2026-06-13 22:06:26
I0003363,U00197,P00384,view,2026-07-13 22:06:26
I0003364,U00220,P00487,view,2026-08-12 22:06:26
I0003365,U00540,P00111,cart,2026-07-17 22:06:26
I0003366,U00691,P00433,view,2026-07-04 22:06:26
I0003367,U00215,P00161,view,2026-05-24 22:06:26
I0003368,U00514,P00132,view,2026-06-29 22:06:26
I0003369,U00974,P00305,view,2026-07-20 22:06:26
I0003370,U00777,P00005,click,2026-07-05 22:06:26
I0003371,U00114,P00214,click,2026-06-12 22:06:26
I0003372,U00418,P00438,view,2026-06-07 22:06:26
I0003373,U00051,P00163,view,2026-06-02 22:06:26
I0003374,U00635,P00038,view,2026-06-28 22:06:26
I0003375,U00891,P00181,cart,2026-06-03 22:06:26
I0003376,U00961,P00030,view,2026-07-10 22:06:26
I0003377,U00848,P00154,click,2026-07-29 22:06:26
I0003378,U00376,P00431,cart,2026-06-10 22:06:26
I0003379,U00448,P00490,cart,2026-07-23 22:06:26
I0003380,U00808,P00010,view,2026-06-06 22:06:26
I0003381,U00590,P00279,click,2026-07-09 22:06:26
I0003382,U00619,P00207,wishlist,2026-07-21 22:06:26
I0003383,U00404,P00085,view,2026-06-01 22:06:26
I0003384,U00387,P00066,cart,2026-07-05 22:06:26
I0003385,U00982,P00374,cart,2026-05-28 22:06:26
I0003386,U00716,P00287,view,2026-06-22 22:06:26
I0003387,U00399,P00475,view,2026-07-31 22:06:26
I0003388,U00773,P00074,view,2026-08-07 22:06:26
I0003389,U00410,P00481,cart,2026-06-17 22:06:26
I0003390,U00662,P00082,wishlist,2026-07-04 22:06:26
I0003391,U00807,P00162,purchase,2026-05-28 22:06:26
I0003392,U00485,P00074,view,2026-06-28 22:06:26
I0003393,U00950,P00320,cart,2026-07-06 22:06:26
I0003394,U00297,P00203,purchase,2026-05-21 22:06:26
I0003395,U00909,P00008,view,2026-07-31 22:06:26
I0003396,U00753,P00332,view,2026-05-20 22:06:26
I0003397,U00640,P00016,click,2026-06-21 22:06:26
I0003398,U00699,P00280,view,2026-06-22 22:06:26
I0003399,U00053,P00073,view,2026-07-06 22:06:26
I0003400,U00089,P00448,view,2026-08-15 22:06:26
I0003401,U00222,P00143,purchase,2026-07-28 22:06:26
I0003402,U00155,P00171,view,2026-07-24 22:06:26
I0003403,U00259,P00315,wishlist,2026-07-21 22:06:26
I0003404,U00842,P00027,view,2026-06-07 22:06:26
I0003405,U00052,P00237,view,2026-07-03 22:06:26
I0003406,U00425,P00393,click,2026-05-29 22:06:26
I0003407,U00251,P00269,cart,2026-06-06 22:06:26
I0003408,U00566,P00078,cart,2026-07-04 22:06:26
I0003409,U00031,P00141,view,2026-06-05 22:06:26
I0003410,U00774,P00294,view,2026-05-22 22:06:26
I0003411,U00755,P00216,wishlist,2026-07-20 22:06:26
I0003412,U00417,P00407,view,2026-08-10 22:06:26
I0003413,U00079,P00386,view,2026-06-20 22:06:26
I0003414,U00383,P00309,cart,2026-05-30 22:06:26
I0003415,U00595,P00070,click,2026-07-01 22:06:26
I0003416,U00654,P00364,click,2026-07-08 22:06:26
I0003417,U00170,P00314,view,2026-06-19 22:06:26
I0003418,U00987,P00027,click,2026-07-13 22:06:26
I0003419,U00606,P00227,click,2026-06-27 22:06:26
I0003420,U00339,P00186,wishlist,2026-07-22 22:06:26
I0003421,U00060,P00340,click,2026-06-16 22:06:26
I0003422,U00032,P00253,cart,2026-06-19 22:06:26
I0003423,U00583,P00434,click,2026-07-21 22:06:26
I0003424,U00034,P00267,view,2026-06-06 22:06:26
I0003425,U00966,P00264,view,2026-07-13 22:06:26
I0003426,U00228,P00084,view,2026-08-07 22:06:26
I0003427,U00926,P00109,wishlist,2026-06-04 22:06:26
I0003428,U00532,P00191,wishlist,2026-07-16 22:06:26
I0003429,U00172,P00348,view,2026-07-23 22:06:26
I0003430,U00990,P00496,wishlist,2026-08-01 22:06:26
I0003431,U00534,P00116,click,2026-06-06 22:06:26
I0003432,U00463,P00403,click,2026-07-26 22:06:26
I0003433,U00318,P00468,purchase,2026-06-19 22:06:26
I0003434,U00058,P00208,click,2026-07-07 22:06:26
I0003435,U00278,P00142,wishlist,2026-07-05 22:06:26
I0003436,U00316,P00349,cart,2026-07-11 22:06:26
I0003437,U00793,P00307,view,2026-06-25 22:06:26
I0003438,U00387,P00352,wishlist,2026-07-11 22:06:26
I0003439,U00798,P00387,wishlist,2026-07-10 22:06:26
I0003440,U00374,P00035,cart,2026-06-23 22:06:26
I0003441,U00909,P00163,cart,2026-06-29 22:06:26
I0003442,U00450,P00047,view,2026-06-12 22:06:26
I0003443,U00357,P00232,click,2026-07-17 22:06:26
I0003444,U00512,P00053,click,2026-06-12 22:06:26
I0003445,U00399,P00382,click,2026-06-08 22:06:26
I0003446,U00787,P00235,view,2026-06-14 22:06:26
I0003447,U00521,P00377,view,2026-06-01 22:06:26
I0003448,U00261,P00206,wishlist,2026-06-24 22:06:26
I0003449,U00971,P00329,view,2026-08-14 22:06:26
I0003450,U00686,P00260,view,2026-07-06 22:06:26
I0003451,U00878,P00481,view,2026-06-18 22:06:26
I0003452,U00955,P00094,click,2026-07-22 22:06:26
I0003453,U00782,P00133,view,2026-07-27 22:06:26
I0003454,U00290,P00411,click,2026-08-01 22:06:26
I0003455,U00424,P00171,view,2026-06-05 22:06:26
I0003456,U00188,P00220,view,2026-06-11 22:06:26
I0003457,U00250,P00162,click,2026-07-05 22:06:26
I0003458,U00057,P00407,click,2026-07-18 22:06:26
I0003459,U00927,P00416,view,2026-08-04 22:06:26
I0003460,U00199,P00374,view,2026-06-05 22:06:26
I0003461,U00114,P00391,cart,2026-08-12 22:06:26
I0003462,U00699,P00232,view,2026-06-02 22:06:26
I0003463,U00022,P00035,wishlist,2026-06-05 22:06:26
I0003464,U00030,P00243,click,2026-05-25 22:06:26
I0003465,U00906,P00449,view,2026-06-02 22:06:26
I0003466,U00576,P00487,view,2026-08-16 22:06:26
I0003467,U00667,P00035,click,2026-05-25 22:06:26
I0003468,U00299,P00484,click,2026-06-02 22:06:26
I0003469,U00675,P00105,view,2026-07-22 22:06:26
I0003470,U00045,P00451,wishlist,2026-06-28 22:06:26
I0003471,U00895,P00465,view,2026-07-10 22:06:26
I0003472,U00734,P00206,view,2026-07-27 22:06:26
I0003473,U00662,P00083,view,2026-06-09 22:06:26
I0003474,U00919,P00135,wishlist,2026-06-20 22:06:26
I0003475,U00951,P00119,view,2026-07-15 22:06:26
I0003476,U00249,P00269,click,2026-06-27 22:06:26
I0003477,U00493,P00120,click,2026-06-10 22:06:26
I0003478,U00029,P00469,click,2026-08-07 22:06:26
I0003479,U00510,P00106,view,2026-05-30 22:06:26
I0003480,U00726,P00331,click,2026-06-18 22:06:26
I0003481,U00129,P00162,view,2026-06-11 22:06:26
I0003482,U00258,P00396,click,2026-08-13 22:06:26
I0003483,U00740,P00046,view,2026-08-10 22:06:26
I0003484,U00646,P00113,cart,2026-07-21 22:06:26
I0003485,U00549,P00153,view,2026-06-08 22:06:26
I0003486,U00326,P00427,click,2026-06-27 22:06:26
I0003487,U00117,P00249,wishlist,2026-08-05 22:06:26
I0003488,U00794,P00469,view,2026-08-02 22:06:26
I0003489,U00187,P00037,view,2026-06-18 22:06:26
I0003490,U00492,P00396,click,2026-05-25 22:06:26
I0003491,U00198,P00008,view,2026-07-29 22:06:26
I0003492,U00695,P00032,cart,2026-06-19 22:06:26
I0003493,U00448,P00180,view,2026-06-27 22:06:26
I0003494,U00841,P00207,view,2026-08-14 22:06:26
I0003495,U00073,P00404,click,2026-06-25 22:06:26
I0003496,U00599,P00279,view,2026-07-28 22:06:26
I0003497,U00533,P00272,click,2026-05-26 22:06:26
I0003498,U00036,P00123,purchase,2026-08-04 22:06:26
I0003499,U00851,P00042,wishlist,2026-07-08 22:06:26
I0003500,U00326,P00249,view,2026-06-18 22:06:26
I0003501,U00036,P00176,click,2026-07-24 22:06:26
I0003502,U00104,P00208,view,2026-06-17 22:06:26
I0003503,U00706,P00490,view,2026-07-30 22:06:26
I0003504,U00098,P00365,view,2026-06-01 22:06:26
I0003505,U00067,P00175,purchase,2026-06-12 22:06:26
I0003506,U00046,P00386,click,2026-07-30 22:06:26
I0003507,U00849,P00302,purchase,2026-08-08 22:06:26
I0003508,U00653,P00001,view,2026-08-14 22:06:26
I0003509,U00034,P00161,view,2026-05-30 22:06:26
I0003510,U00390,P00196,wishlist,2026-08-11 22:06:26
I0003511,U00203,P00203,wishlist,2026-07-01 22:06:26
I0003512,U00684,P00048,view,2026-08-18 22:06:26
I0003513,U00616,P00134,view,2026-06-09 22:06:26
I0003514,U00157,P00245,view,2026-05-22 22:06:26
I0003515,U00288,P00155,click,2026-06-01 22:06:26
I0003516,U00229,P00193,view,2026-07-23 22:06:26
I0003517,U00013,P00196,wishlist,2026-07-06 22:06:26
I0003518,U00946,P00308,click,2026-06-26 22:06:26
I0003519,U00810,P00353,view,2026-08-02 22:06:26
I0003520,U00350,P00111,view,2026-06-17 22:06:26
I0003521,U00636,P00213,click,2026-06-18 22:06:26
I0003522,U00588,P00066,click,2026-06-16 22:06:26
I0003523,U00885,P00380,view,2026-07-13 22:06:26
I0003524,U00742,P00396,click,2026-06-11 22:06:26
I0003525,U00739,P00064,purchase,2026-05-30 22:06:26
I0003526,U00968,P00186,view,2026-06-27 22:06:26
I0003527,U00562,P00175,click,2026-05-28 22:06:26
I0003528,U00227,P00332,view,2026-08-02 22:06:26
I0003529,U00205,P00251,wishlist,2026-08-04 22:06:26
I0003530,U00579,P00326,click,2026-08-06 22:06:26
I0003531,U00928,P00306,view,2026-06-16 22:06:26
I0003532,U00217,P00081,view,2026-06-28 22:06:26
I0003533,U00324,P00440,click,2026-07-31 22:06:26
I0003534,U00590,P00261,cart,2026-07-15 22:06:26
I0003535,U00017,P00459,view,2026-05-29 22:06:26
I0003536,U00806,P00140,view,2026-07-06 22:06:26
I0003537,U00773,P00208,click,2026-05-29 22:06:26
I0003538,U00145,P00178,view,2026-05-21 22:06:26
I0003539,U00632,P00028,view,2026-05-23 22:06:26
I0003540,U00181,P00321,view,2026-06-27 22:06:26
I0003541,U00560,P00284,purchase,2026-07-11 22:06:26
I0003542,U00172,P00153,cart,2026-05-23 22:06:26
I0003543,U00831,P00499,wishlist,2026-07-08 22:06:26
I0003544,U00607,P00182,view,2026-07-01 22:06:26
I0003545,U00956,P00029,view,2026-05-28 22:06:26
I0003546,U00514,P00040,view,2026-05-27 22:06:26
I0003547,U00928,P00271,wishlist,2026-08-06 22:06:26
I0003548,U00700,P00192,view,2026-05-26 22:06:26
I0003549,U00641,P00482,view,2026-06-11 22:06:26
I0003550,U00141,P00341,view,2026-06-01 22:06:26
I0003551,U00197,P00437,cart,2026-05-20 22:06:26
I0003552,U00776,P00243,view,2026-06-28 22:06:26
I0003553,U00183,P00235,click,2026-07-08 22:06:26
I0003554,U00021,P00443,view,2026-05-24 22:06:26
I0003555,U00983,P00033,view,2026-05-20 22:06:26
I0003556,U00563,P00236,cart,2026-05-25 22:06:26
I0003557,U00341,P00207,view,2026-06-06 22:06:26
I0003558,U00559,P00210,view,2026-08-09 22:06:26
I0003559,U00046,P00238,cart,2026-06-08 22:06:26
I0003560,U00430,P00054,view,2026-07-17 22:06:26
I0003561,U00845,P00204,view,2026-07-29 22:06:26
I0003562,U00629,P00110,click,2026-06-14 22:06:26
I0003563,U00626,P00090,view,2026-07-09 22:06:26
I0003564,U00614,P00132,click,2026-05-27 22:06:26
I0003565,U00848,P00157,view,2026-06-15 22:06:26
I0003566,U00406,P00096,wishlist,2026-06-15 22:06:26
I0003567,U00705,P00463,wishlist,2026-06-28 22:06:26
I0003568,U00705,P00319,view,2026-08-11 22:06:26
I0003569,U00961,P00216,click,2026-08-11 22:06:26
I0003570,U00210,P00352,view,2026-08-13 22:06:26
I0003571,U00979,P00028,view,2026-07-21 22:06:26
I0003572,U00927,P00097,view,2026-08-06 22:06:26
I0003573,U00750,P00413,view,2026-08-02 22:06:26
I0003574,U00094,P00001,view,2026-07-12 22:06:26
I0003575,U00535,P00155,view,2026-07-30 22:06:26
I0003576,U00175,P00199,view,2026-05-27 22:06:26
I0003577,U00928,P00408,view,2026-07-13 22:06:26
I0003578,U00822,P00263,view,2026-05-20 22:06:26
I0003579,U00890,P00069,wishlist,2026-06-11 22:06:26
I0003580,U00194,P00288,view,2026-08-01 22:06:26
I0003581,U00532,P00053,wishlist,2026-06-21 22:06:26
I0003582,U00681,P00097,view,2026-06-12 22:06:26
I0003583,U00981,P00158,click,2026-06-06 22:06:26
I0003584,U00077,P00385,view,2026-07-18 22:06:26
I0003585,U00714,P00465,click,2026-07-05 22:06:26
I0003586,U00020,P00284,view,2026-05-22 22:06:26
I0003587,U00124,P00452,cart,2026-05-30 22:06:26
I0003588,U00466,P00100,cart,2026-07-26 22:06:26
I0003589,U00898,P00498,click,2026-06-06 22:06:26
I0003590,U00099,P00230,click,2026-08-14 22:06:26
I0003591,U00061,P00154,view,2026-06-02 22:06:26
I0003592,U00312,P00251,view,2026-07-10 22:06:26
I0003593,U00445,P00053,click,2026-05-31 22:06:26
I0003594,U00510,P00019,view,2026-07-05 22:06:26
I0003595,U00933,P00080,click,2026-08-17 22:06:26
I0003596,U00154,P00242,view,2026-06-30 22:06:26
I0003597,U00222,P00023,click,2026-08-12 22:06:26
I0003598,U00460,P00097,view,2026-08-01 22:06:26
I0003599,U00298,P00402,view,2026-06-18 22:06:26
I0003600,U00850,P00435,view,2026-07-04 22:06:26
I0003601,U00226,P00300,wishlist,2026-07-16 22:06:26
I0003602,U00351,P00117,purchase,2026-08-02 22:06:26
I0003603,U00064,P00210,view,2026-07-02 22:06:26
I0003604,U00493,P00461,view,2026-07-29 22:06:26
I0003605,U00687,P00465,cart,2026-08-03 22:06:26
I0003606,U00320,P00147,purchase,2026-07-13 22:06:26
I0003607,U00517,P00437,click,2026-07-01 22:06:26
I0003608,U00136,P00487,view,2026-07-30 22:06:26
I0003609,U00717,P00300,wishlist,2026-07-02 22:06:26
I0003610,U00031,P00073,view,2026-06-02 22:06:26
I0003611,U00015,P00016,click,2026-06-02 22:06:26
I0003612,U00638,P00364,click,2026-08-06 22:06:26
I0003613,U00678,P00410,click,2026-07-31 22:06:26
I0003614,U00105,P00418,view,2026-08-17 22:06:26
I0003615,U00729,P00441,view,2026-06-22 22:06:26
I0003616,U00710,P00354,view,2026-08-02 22:06:26
I0003617,U00399,P00115,view,2026-08-08 22:06:26
I0003618,U00536,P00370,click,2026-05-23 22:06:26
I0003619,U00350,P00473,click,2026-05-22 22:06:26
I0003620,U00291,P00430,cart,2026-07-24 22:06:26
I0003621,U00469,P00001,view,2026-07-09 22:06:26
I0003622,U00084,P00399,wishlist,2026-07-27 22:06:26
I0003623,U00210,P00373,click,2026-06-22 22:06:26
I0003624,U00531,P00344,view,2026-07-06 22:06:26
I0003625,U00738,P00201,view,2026-07-03 22:06:26
I0003626,U00304,P00477,click,2026-06-10 22:06:26
I0003627,U00907,P00135,cart,2026-07-08 22:06:26
I0003628,U00706,P00452,wishlist,2026-06-04 22:06:26
I0003629,U00018,P00231,view,2026-07-18 22:06:26
I0003630,U00317,P00494,purchase,2026-07-28 22:06:26
I0003631,U00287,P00190,cart,2026-07-03 22:06:26
I0003632,U00981,P00230,click,2026-08-13 22:06:26
I0003633,U00787,P00116,view,2026-06-29 22:06:26
I0003634,U00284,P00091,view,2026-08-17 22:06:26
I0003635,U00564,P00028,view,2026-08-13 22:06:26
I0003636,U00279,P00292,view,2026-05-27 22:06:26
I0003637,U00474,P00084,cart,2026-06-18 22:06:26
I0003638,U00928,P00302,click,2026-07-08 22:06:26
I0003639,U00186,P00279,view,2026-06-24 22:06:26
I0003640,U00853,P00107,view,2026-07-14 22:06:26
I0003641,U00024,P00033,view,2026-06-06 22:06:26
I0003642,U00104,P00237,view,2026-05-20 22:06:26
I0003643,U00637,P00371,view,2026-07-02 22:06:26
I0003644,U00334,P00255,view,2026-07-07 22:06:26
I0003645,U00500,P00335,click,2026-08-01 22:06:26
I0003646,U00233,P00081,view,2026-05-29 22:06:26
I0003647,U00226,P00097,click,2026-06-07 22:06:26
I0003648,U00160,P00271,wishlist,2026-06-01 22:06:26
I0003649,U00106,P00055,click,2026-07-15 22:06:26
I0003650,U00090,P00424,cart,2026-06-20 22:06:26
I0003651,U00607,P00338,view,2026-07-22 22:06:26
I0003652,U00090,P00343,click,2026-08-18 22:06:26
I0003653,U00188,P00240,view,2026-07-05 22:06:26
I0003654,U00294,P00004,click,2026-08-04 22:06:26
I0003655,U00936,P00148,view,2026-06-22 22:06:26
I0003656,U00348,P00354,click,2026-06-01 22:06:26
I0003657,U00752,P00027,view,2026-05-27 22:06:26
I0003658,U00238,P00259,view,2026-06-03 22:06:26
I0003659,U00308,P00222,wishlist,2026-06-02 22:06:26
I0003660,U00471,P00389,view,2026-07-10 22:06:26
I0003661,U00783,P00115,wishlist,2026-08-16 22:06:26
I0003662,U00878,P00368,view,2026-07-19 22:06:26
I0003663,U00034,P00398,cart,2026-06-23 22:06:26
I0003664,U00662,P00254,click,2026-06-03 22:06:26
I0003665,U00434,P00112,click,2026-07-01 22:06:26
I0003666,U00132,P00125,view,2026-06-27 22:06:26
I0003667,U00702,P00426,click,2026-07-01 22:06:26
I0003668,U00832,P00326,wishlist,2026-05-22 22:06:26
I0003669,U00693,P00278,view,2026-08-13 22:06:26
I0003670,U00803,P00475,click,2026-07-18 22:06:26
I0003671,U00032,P00486,view,2026-06-18 22:06:26
I0003672,U00530,P00003,click,2026-05-22 22:06:26
I0003673,U00625,P00052,view,2026-06-17 22:06:26
I0003674,U00275,P00400,view,2026-06-24 22:06:26
I0003675,U00681,P00447,click,2026-05-30 22:06:26
I0003676,U00406,P00402,view,2026-06-08 22:06:26
I0003677,U00660,P00028,purchase,2026-06-07 22:06:26
I0003678,U00581,P00312,view,2026-07-24 22:06:26
I0003679,U00006,P00206,view,2026-06-26 22:06:26
I0003680,U00291,P00045,cart,2026-07-01 22:06:26
I0003681,U00952,P00469,cart,2026-08-08 22:06:26
I0003682,U00703,P00357,click,2026-06-15 22:06:26
I0003683,U00481,P00222,view,2026-07-19 22:06:26
I0003684,U00982,P00409,view,2026-08-04 22:06:26
I0003685,U00537,P00068,click,2026-06-07 22:06:26
I0003686,U00611,P00253,wishlist,2026-08-05 22:06:26
I0003687,U00001,P00043,view,2026-05-24 22:06:26
I0003688,U00816,P00055,view,2026-06-29 22:06:26
I0003689,U00496,P00454,view,2026-08-04 22:06:26
I0003690,U00229,P00462,click,2026-08-16 22:06:26
I0003691,U00042,P00370,view,2026-06-10 22:06:26
I0003692,U00097,P00008,view,2026-05-27 22:06:26
I0003693,U00226,P00083,view,2026-06-23 22:06:26
I0003694,U00971,P00193,click,2026-05-27 22:06:26
I0003695,U00088,P00187,wishlist,2026-07-31 22:06:26
I0003696,U00860,P00154,wishlist,2026-07-24 22:06:26
I0003697,U00427,P00056,wishlist,2026-05-22 22:06:26
I0003698,U00160,P00493,view,2026-08-17 22:06:26
I0003699,U00272,P00043,view,2026-07-20 22:06:26
I0003700,U00577,P00475,view,2026-08-13 22:06:26
I0003701,U00105,P00078,view,2026-06-22 22:06:26
I0003702,U00656,P00252,click,2026-06-03 22:06:26
I0003703,U00130,P00342,click,2026-08-09 22:06:26
I0003704,U00134,P00314,view,2026-06-11 22:06:26
I0003705,U00715,P00477,cart,2026-07-30 22:06:26
I0003706,U00006,P00393,purchase,2026-08-04 22:06:26
I0003707,U00539,P00201,purchase,2026-06-13 22:06:26
I0003708,U00049,P00400,view,2026-06-30 22:06:26
I0003709,U00662,P00325,click,2026-06-05 22:06:26
I0003710,U00807,P00291,cart,2026-07-03 22:06:26
I0003711,U00270,P00493,wishlist,2026-07-18 22:06:26
I0003712,U00499,P00073,view,2026-08-06 22:06:26
I0003713,U00925,P00128,view,2026-07-20 22:06:26
I0003714,U00383,P00412,wishlist,2026-06-05 22:06:26
I0003715,U00001,P00106,view,2026-06-07 22:06:26
I0003716,U00875,P00290,view,2026-06-12 22:06:26
I0003717,U00950,P00488,view,2026-07-28 22:06:26
I0003718,U00895,P00451,click,2026-07-19 22:06:26
I0003719,U00599,P00454,view,2026-07-14 22:06:26
I0003720,U00150,P00122,view,2026-05-27 22:06:26
I0003721,U00346,P00323,view,2026-08-17 22:06:26
I0003722,U00249,P00283,click,2026-05-22 22:06:26
I0003723,U00003,P00100,view,2026-05-30 22:06:26
I0003724,U00006,P00145,view,2026-07-14 22:06:26
I0003725,U00542,P00465,view,2026-05-27 22:06:26
I0003726,U00418,P00137,click,2026-08-12 22:06:26
I0003727,U00891,P00188,wishlist,2026-06-14 22:06:26
I0003728,U00712,P00047,click,2026-06-14 22:06:26
I0003729,U00132,P00460,view,2026-07-15 22:06:26
I0003730,U00065,P00475,view,2026-07-25 22:06:26
I0003731,U00590,P00344,view,2026-08-02 22:06:26
I0003732,U00229,P00418,view,2026-08-16 22:06:26
I0003733,U00440,P00431,view,2026-06-21 22:06:26
I0003734,U00841,P00341,view,2026-07-10 22:06:26
I0003735,U00823,P00161,wishlist,2026-06-24 22:06:26
I0003736,U00391,P00393,view,2026-07-16 22:06:26
I0003737,U00604,P00406,view,2026-07-13 22:06:26
I0003738,U00265,P00328,view,2026-05-22 22:06:26
I0003739,U00626,P00215,view,2026-07-20 22:06:26
I0003740,U00358,P00468,view,2026-06-29 22:06:26
I0003741,U00476,P00006,view,2026-07-03 22:06:26
I0003742,U00215,P00367,cart,2026-07-12 22:06:26
I0003743,U00377,P00140,click,2026-06-08 22:06:26
I0003744,U00540,P00110,cart,2026-06-29 22:06:26
I0003745,U00553,P00176,purchase,2026-07-13 22:06:26
I0003746,U00443,P00419,view,2026-07-30 22:06:26
I0003747,U00179,P00189,purchase,2026-08-08 22:06:26
I0003748,U00925,P00147,click,2026-06-19 22:06:26
I0003749,U00705,P00033,wishlist,2026-08-04 22:06:26
I0003750,U00283,P00181,cart,2026-07-16 22:06:26
I0003751,U00510,P00145,view,2026-08-15 22:06:26
I0003752,U00412,P00225,view,2026-05-31 22:06:26
I0003753,U00681,P00046,click,2026-07-08 22:06:26
I0003754,U00680,P00307,click,2026-07-09 22:06:26
I0003755,U00186,P00448,view,2026-06-27 22:06:26
I0003756,U00452,P00014,view,2026-06-21 22:06:26
I0003757,U00072,P00089,view,2026-06-11 22:06:26
I0003758,U00921,P00437,wishlist,2026-07-15 22:06:26
I0003759,U00277,P00017,view,2026-06-17 22:06:26
I0003760,U00754,P00436,view,2026-06-19 22:06:26
I0003761,U00311,P00231,wishlist,2026-06-22 22:06:26
I0003762,U00261,P00228,view,2026-05-24 22:06:26
I0003763,U00081,P00245,view,2026-07-11 22:06:26
I0003764,U00466,P00400,click,2026-05-26 22:06:26
I0003765,U00738,P00114,view,2026-08-11 22:06:26
I0003766,U00137,P00210,click,2026-08-13 22:06:26
I0003767,U00570,P00085,view,2026-06-11 22:06:26
I0003768,U00676,P00320,view,2026-07-02 22:06:26
I0003769,U00291,P00085,click,2026-05-31 22:06:26
I0003770,U00971,P00048,purchase,2026-08-02 22:06:26
I0003771,U00574,P00186,view,2026-06-13 22:06:26
I0003772,U00954,P00306,view,2026-07-13 22:06:26
I0003773,U00848,P00147,purchase,2026-05-21 22:06:26
I0003774,U00585,P00384,view,2026-07-20 22:06:26
I0003775,U00910,P00096,view,2026-05-31 22:06:26
I0003776,U00970,P00050,wishlist,2026-05-22 22:06:26
I0003777,U00445,P00311,view,2026-05-27 22:06:26
I0003778,U00728,P00496,view,2026-06-28 22:06:26
I0003779,U00634,P00101,click,2026-06-25 22:06:26
I0003780,U00414,P00397,view,2026-07-30 22:06:26
I0003781,U00508,P00438,view,2026-07-25 22:06:26
I0003782,U00666,P00477,view,2026-08-09 22:06:26
I0003783,U00194,P00346,click,2026-06-23 22:06:26
I0003784,U00189,P00438,wishlist,2026-06-06 22:06:26
I0003785,U00587,P00446,purchase,2026-07-04 22:06:26
I0003786,U00961,P00214,cart,2026-08-08 22:06:26
I0003787,U00656,P00448,view,2026-05-20 22:06:26
I0003788,U00207,P00271,view,2026-06-11 22:06:26
I0003789,U00080,P00039,wishlist,2026-05-24 22:06:26
I0003790,U00807,P00369,click,2026-06-18 22:06:26
I0003791,U00103,P00479,click,2026-05-29 22:06:26
I0003792,U00285,P00149,purchase,2026-06-13 22:06:26
I0003793,U00175,P00345,cart,2026-06-25 22:06:26
I0003794,U00207,P00413,purchase,2026-05-28 22:06:26
I0003795,U00647,P00062,purchase,2026-05-31 22:06:26
I0003796,U00589,P00022,view,2026-06-07 22:06:26
I0003797,U00419,P00079,wishlist,2026-07-07 22:06:26
I0003798,U00235,P00181,view,2026-08-03 22:06:26
I0003799,U00707,P00208,view,2026-07-15 22:06:26
I0003800,U00264,P00329,view,2026-08-05 22:06:26
I0003801,U00968,P00386,wishlist,2026-08-01 22:06:26
I0003802,U00969,P00393,click,2026-05-29 22:06:26
I0003803,U00969,P00031,click,2026-07-27 22:06:26
I0003804,U00097,P00454,view,2026-08-18 22:06:26
I0003805,U00638,P00166,wishlist,2026-05-22 22:06:26
I0003806,U00508,P00498,wishlist,2026-08-08 22:06:26
I0003807,U00280,P00284,click,2026-07-15 22:06:26
I0003808,U00428,P00315,click,2026-06-18 22:06:26
I0003809,U00200,P00208,cart,2026-06-29 22:06:26
I0003810,U00543,P00465,view,2026-07-10 22:06:26
I0003811,U00752,P00242,click,2026-08-06 22:06:26
I0003812,U00018,P00275,click,2026-07-15 22:06:26
I0003813,U00967,P00378,view,2026-07-09 22:06:26
I0003814,U00412,P00021,click,2026-06-23 22:06:26
I0003815,U00990,P00196,view,2026-06-06 22:06:26
I0003816,U00620,P00493,wishlist,2026-08-14 22:06:26
I0003817,U00059,P00215,view,2026-05-24 22:06:26
I0003818,U00617,P00124,click,2026-05-27 22:06:26
I0003819,U00010,P00243,click,2026-06-16 22:06:26
I0003820,U00029,P00101,view,2026-07-18 22:06:26
I0003821,U00070,P00216,cart,2026-05-30 22:06:26
I0003822,U00176,P00143,view,2026-06-03 22:06:26
I0003823,U00011,P00353,click,2026-06-12 22:06:26
I0003824,U00174,P00137,view,2026-05-28 22:06:26
I0003825,U00597,P00327,view,2026-06-07 22:06:26
I0003826,U00739,P00496,view,2026-07-19 22:06:26
I0003827,U00074,P00453,click,2026-07-29 22:06:26
I0003828,U00805,P00141,view,2026-06-01 22:06:26
I0003829,U00044,P00139,purchase,2026-08-10 22:06:26
I0003830,U00311,P00469,click,2026-07-30 22:06:26
I0003831,U00985,P00009,cart,2026-06-10 22:06:26
I0003832,U00689,P00258,view,2026-06-26 22:06:26
I0003833,U00948,P00337,view,2026-06-14 22:06:26
I0003834,U00374,P00243,click,2026-07-05 22:06:26
I0003835,U00151,P00009,view,2026-08-08 22:06:26
I0003836,U00361,P00468,view,2026-06-24 22:06:26
I0003837,U00955,P00389,purchase,2026-07-13 22:06:26
I0003838,U00137,P00483,view,2026-06-20 22:06:26
I0003839,U00132,P00289,purchase,2026-07-14 22:06:26
I0003840,U00545,P00175,view,2026-06-11 22:06:26
I0003841,U00133,P00357,view,2026-05-31 22:06:26
I0003842,U00757,P00147,view,2026-06-16 22:06:26
I0003843,U00151,P00429,view,2026-08-06 22:06:26
I0003844,U00258,P00051,click,2026-06-05 22:06:26
I0003845,U00433,P00199,view,2026-06-23 22:06:26
I0003846,U00211,P00185,view,2026-07-02 22:06:26
I0003847,U00016,P00180,cart,2026-07-20 22:06:26
I0003848,U00834,P00281,wishlist,2026-06-22 22:06:26
I0003849,U00574,P00187,view,2026-05-22 22:06:26
I0003850,U00025,P00367,purchase,2026-07-06 22:06:26
I0003851,U00223,P00093,cart,2026-07-20 22:06:26
I0003852,U00018,P00416,view,2026-07-05 22:06:26
I0003853,U00947,P00424,view,2026-05-21 22:06:26
I0003854,U00710,P00158,view,2026-07-16 22:06:26
I0003855,U00628,P00434,view,2026-08-07 22:06:26
I0003856,U00818,P00325,wishlist,2026-07-19 22:06:26
I0003857,U00992,P00413,view,2026-07-12 22:06:26
I0003858,U00398,P00207,view,2026-05-30 22:06:26
I0003859,U00892,P00232,view,2026-07-24 22:06:26
I0003860,U00330,P00172,click,2026-08-13 22:06:26
I0003861,U00139,P00064,view,2026-07-31 22:06:26
I0003862,U00257,P00351,view,2026-05-23 22:06:26
I0003863,U00033,P00457,view,2026-06-01 22:06:26
I0003864,U00749,P00132,click,2026-06-10 22:06:26
I0003865,U00536,P00249,view,2026-06-14 22:06:26
I0003866,U00309,P00449,view,2026-06-09 22:06:26
I0003867,U00951,P00363,cart,2026-06-25 22:06:26
I0003868,U00236,P00261,view,2026-07-13 22:06:26
I0003869,U00733,P00318,purchase,2026-06-17 22:06:26
I0003870,U00421,P00244,cart,2026-05-21 22:06:26
I0003871,U00664,P00228,click,2026-06-18 22:06:26
I0003872,U00381,P00418,click,2026-08-05 22:06:26
I0003873,U00363,P00384,view,2026-06-03 22:06:26
I0003874,U00581,P00494,click,2026-05-20 22:06:26
I0003875,U00125,P00165,view,2026-06-17 22:06:26
I0003876,U00465,P00164,wishlist,2026-05-31 22:06:26
I0003877,U00585,P00073,click,2026-06-14 22:06:26
I0003878,U00601,P00361,wishlist,2026-06-17 22:06:26
I0003879,U00722,P00272,click,2026-07-12 22:06:26
I0003880,U00053,P00423,purchase,2026-08-13 22:06:26
I0003881,U00399,P00199,view,2026-07-15 22:06:26
I0003882,U00626,P00253,view,2026-08-05 22:06:26
I0003883,U00608,P00055,view,2026-05-20 22:06:26
I0003884,U00989,P00269,wishlist,2026-07-27 22:06:26
I0003885,U00376,P00375,view,2026-07-18 22:06:26
I0003886,U00884,P00422,cart,2026-07-18 22:06:26
I0003887,U00185,P00220,view,2026-08-18 22:06:26
I0003888,U00137,P00074,cart,2026-07-21 22:06:26
I0003889,U00097,P00110,view,2026-07-10 22:06:26
I0003890,U00673,P00219,wishlist,2026-07-02 22:06:26
I0003891,U00682,P00280,view,2026-05-21 22:06:26
I0003892,U00925,P00453,click,2026-07-03 22:06:26
I0003893,U00027,P00138,view,2026-07-02 22:06:26
I0003894,U00918,P00117,view,2026-07-05 22:06:26
I0003895,U00568,P00488,click,2026-06-11 22:06:26
I0003896,U00448,P00025,purchase,2026-06-15 22:06:26
I0003897,U00667,P00228,wishlist,2026-06-24 22:06:26
I0003898,U00875,P00358,view,2026-06-26 22:06:26
I0003899,U00388,P00086,click,2026-05-30 22:06:26
I0003900,U00728,P00440,view,2026-08-11 22:06:26
I0003901,U00735,P00092,click,2026-06-05 22:06:26
I0003902,U00383,P00480,view,2026-07-30 22:06:26
I0003903,U00941,P00251,view,2026-08-06 22:06:26
I0003904,U00574,P00437,view,2026-07-27 22:06:26
I0003905,U00976,P00444,cart,2026-06-13 22:06:26
I0003906,U00473,P00314,click,2026-06-29 22:06:26
I0003907,U00994,P00075,cart,2026-08-16 22:06:26
I0003908,U00094,P00297,view,2026-07-06 22:06:26
I0003909,U00740,P00408,click,2026-05-31 22:06:26
I0003910,U00856,P00453,click,2026-08-09 22:06:26
I0003911,U00134,P00276,view,2026-06-30 22:06:26
I0003912,U00778,P00251,click,2026-08-18 22:06:26
I0003913,U00329,P00089,view,2026-07-22 22:06:26
I0003914,U00280,P00497,click,2026-05-25 22:06:26
I0003915,U00686,P00425,view,2026-06-13 22:06:26
I0003916,U00274,P00082,wishlist,2026-07-14 22:06:26
I0003917,U00397,P00123,wishlist,2026-06-05 22:06:26
I0003918,U00994,P00392,view,2026-07-04 22:06:26
I0003919,U00245,P00325,wishlist,2026-08-06 22:06:26
I0003920,U00382,P00455,purchase,2026-07-18 22:06:26
I0003921,U00185,P00281,view,2026-06-05 22:06:26
I0003922,U00717,P00402,view,2026-07-07 22:06:26
I0003923,U00679,P00226,click,2026-06-28 22:06:26
I0003924,U01000,P00275,view,2026-07-09 22:06:26
I0003925,U00205,P00181,view,2026-06-28 22:06:26
I0003926,U00738,P00284,view,2026-06-28 22:06:26
I0003927,U00640,P00374,click,2026-05-21 22:06:26
I0003928,U00366,P00106,click,2026-05-30 22:06:26
I0003929,U00929,P00158,purchase,2026-05-20 22:06:26
I0003930,U00236,P00161,click,2026-08-06 22:06:26
I0003931,U00330,P00363,view,2026-05-27 22:06:26
I0003932,U00790,P00159,click,2026-06-11 22:06:26
I0003933,U00293,P00091,cart,2026-08-06 22:06:26
I0003934,U00021,P00115,cart,2026-08-14 22:06:26
I0003935,U00225,P00078,cart,2026-06-03 22:06:26
I0003936,U00795,P00031,view,2026-07-06 22:06:26
I0003937,U00931,P00321,view,2026-06-02 22:06:26
I0003938,U00131,P00443,view,2026-06-03 22:06:26
I0003939,U00800,P00173,wishlist,2026-06-01 22:06:26
I0003940,U00546,P00182,click,2026-07-08 22:06:26
I0003941,U00627,P00269,view,2026-06-01 22:06:26
I0003942,U00363,P00469,view,2026-07-24 22:06:26
I0003943,U00960,P00037,wishlist,2026-08-03 22:06:26
I0003944,U00028,P00048,view,2026-07-24 22:06:26
I0003945,U00348,P00247,view,2026-08-12 22:06:26
I0003946,U00661,P00454,view,2026-06-09 22:06:26
I0003947,U00601,P00460,view,2026-06-09 22:06:26
I0003948,U00020,P00368,view,2026-06-07 22:06:26
I0003949,U00392,P00202,view,2026-08-16 22:06:26
I0003950,U00809,P00401,click,2026-08-08 22:06:26
I0003951,U00650,P00263,view,2026-08-13 22:06:26
I0003952,U00066,P00353,view,2026-08-01 22:06:26
I0003953,U00189,P00052,cart,2026-05-21 22:06:26
I0003954,U00942,P00030,view,2026-08-14 22:06:26
I0003955,U00682,P00205,view,2026-07-11 22:06:26
I0003956,U00327,P00198,view,2026-07-19 22:06:26
I0003957,U00984,P00212,view,2026-06-03 22:06:26
I0003958,U00997,P00379,view,2026-07-22 22:06:26
I0003959,U00986,P00458,click,2026-06-27 22:06:26
I0003960,U00859,P00016,click,2026-05-27 22:06:26
I0003961,U00575,P00113,view,2026-07-09 22:06:26
I0003962,U00714,P00205,view,2026-07-25 22:06:26
I0003963,U00892,P00362,purchase,2026-07-28 22:06:26
I0003964,U00442,P00187,cart,2026-06-10 22:06:26
I0003965,U00398,P00297,purchase,2026-06-07 22:06:26
I0003966,U00036,P00089,view,2026-08-03 22:06:26
I0003967,U00657,P00187,click,2026-07-24 22:06:26
I0003968,U00290,P00153,view,2026-06-30 22:06:26
I0003969,U00718,P00227,view,2026-07-14 22:06:26
I0003970,U00061,P00242,view,2026-08-06 22:06:26
I0003971,U00658,P00421,click,2026-07-06 22:06:26
I0003972,U00307,P00026,view,2026-05-24 22:06:26
I0003973,U00822,P00023,view,2026-08-13 22:06:26
I0003974,U00449,P00365,view,2026-08-03 22:06:26
I0003975,U00934,P00149,cart,2026-07-11 22:06:26
I0003976,U00654,P00481,purchase,2026-08-05 22:06:26
I0003977,U00934,P00458,view,2026-07-09 22:06:26
I0003978,U00860,P00489,click,2026-06-14 22:06:26
I0003979,U00531,P00058,purchase,2026-06-28 22:06:26
I0003980,U00978,P00234,cart,2026-05-23 22:06:26
I0003981,U00184,P00218,cart,2026-07-15 22:06:26
I0003982,U00671,P00381,click,2026-06-09 22:06:26
I0003983,U00510,P00202,view,2026-07-22 22:06:26
I0003984,U00265,P00224,view,2026-06-25 22:06:26
I0003985,U00151,P00097,click,2026-07-28 22:06:26
I0003986,U00388,P00056,view,2026-07-05 22:06:26
I0003987,U00839,P00498,cart,2026-06-07 22:06:26
I0003988,U00405,P00042,click,2026-07-26 22:06:26
I0003989,U00007,P00247,view,2026-07-21 22:06:26
I0003990,U00179,P00152,cart,2026-07-14 22:06:26
I0003991,U00287,P00489,view,2026-06-11 22:06:26
I0003992,U00003,P00171,view,2026-06-29 22:06:26
I0003993,U00324,P00120,view,2026-05-22 22:06:26
I0003994,U00427,P00098,purchase,2026-07-15 22:06:26
I0003995,U00209,P00138,view,2026-05-29 22:06:26
I0003996,U00981,P00435,view,2026-08-13 22:06:26
I0003997,U00600,P00047,view,2026-07-24 22:06:26
I0003998,U00874,P00383,wishlist,2026-06-30 22:06:26
I0003999,U00863,P00241,click,2026-06-04 22:06:26
I0004000,U00519,P00438,view,2026-06-23 22:06:26
I0004001,U00475,P00081,click,2026-06-30 22:06:26
I0004002,U00774,P00164,view,2026-08-05 22:06:26
I0004003,U00584,P00263,wishlist,2026-05-28 22:06:26
I0004004,U00494,P00211,view,2026-08-05 22:06:26
I0004005,U00701,P00474,view,2026-07-03 22:06:26
I0004006,U00809,P00144,click,2026-07-18 22:06:26
I0004007,U00143,P00167,click,2026-06-04 22:06:26
I0004008,U00328,P00299,view,2026-06-29 22:06:26
I0004009,U00266,P00076,view,2026-08-15 22:06:26
I0004010,U00732,P00005,view,2026-06-09 22:06:26
I0004011,U00874,P00104,view,2026-08-12 22:06:26
I0004012,U00292,P00231,click,2026-06-06 22:06:26
I0004013,U00568,P00242,view,2026-08-05 22:06:26
I0004014,U00076,P00386,wishlist,2026-07-16 22:06:26
I0004015,U00826,P00145,view,2026-05-31 22:06:26
I0004016,U00921,P00316,wishlist,2026-07-28 22:06:26
I0004017,U00430,P00217,view,2026-06-24 22:06:26
I0004018,U00520,P00041,view,2026-06-17 22:06:26
I0004019,U00304,P00212,cart,2026-07-11 22:06:26
I0004020,U00541,P00374,view,2026-07-13 22:06:26
I0004021,U00513,P00455,view,2026-07-20 22:06:26
I0004022,U00556,P00497,cart,2026-07-19 22:06:26
I0004023,U00872,P00123,click,2026-05-22 22:06:26
I0004024,U00098,P00053,click,2026-07-11 22:06:26
I0004025,U00349,P00269,view,2026-08-08 22:06:26
I0004026,U00679,P00068,view,2026-08-05 22:06:26
I0004027,U00312,P00196,wishlist,2026-06-05 22:06:26
I0004028,U00326,P00140,view,2026-06-12 22:06:26
I0004029,U00317,P00253,view,2026-08-18 22:06:26
I0004030,U00183,P00127,view,2026-07-11 22:06:26
I0004031,U00016,P00169,click,2026-07-18 22:06:26
I0004032,U00039,P00338,purchase,2026-05-24 22:06:26
I0004033,U00947,P00224,view,2026-07-27 22:06:26
I0004034,U00636,P00447,click,2026-05-24 22:06:26
I0004035,U00393,P00345,view,2026-06-07 22:06:26
I0004036,U00346,P00225,wishlist,2026-06-16 22:06:26
I0004037,U00140,P00001,view,2026-07-15 22:06:26
I0004038,U00750,P00411,view,2026-06-06 22:06:26
I0004039,U00954,P00106,cart,2026-07-01 22:06:26
I0004040,U00069,P00264,view,2026-07-13 22:06:26
I0004041,U00940,P00343,wishlist,2026-08-16 22:06:26
I0004042,U00365,P00285,view,2026-05-26 22:06:26
I0004043,U00200,P00071,wishlist,2026-06-27 22:06:26
I0004044,U00742,P00435,click,2026-08-13 22:06:26
I0004045,U00279,P00178,view,2026-07-16 22:06:26
I0004046,U00209,P00212,wishlist,2026-08-09 22:06:26
I0004047,U00048,P00014,view,2026-05-25 22:06:26
I0004048,U00976,P00409,view,2026-08-06 22:06:26
I0004049,U00409,P00134,wishlist,2026-07-09 22:06:26
I0004050,U00269,P00231,view,2026-08-13 22:06:26
I0004051,U00965,P00038,click,2026-07-23 22:06:26
I0004052,U00083,P00167,click,2026-07-23 22:06:26
I0004053,U00230,P00090,click,2026-06-20 22:06:26
I0004054,U00145,P00304,view,2026-07-19 22:06:26
I0004055,U00128,P00258,view,2026-06-04 22:06:26
I0004056,U00517,P00305,view,2026-05-21 22:06:26
I0004057,U00256,P00255,view,2026-07-12 22:06:26
I0004058,U00423,P00355,view,2026-06-27 22:06:26
I0004059,U00009,P00169,view,2026-06-03 22:06:26
I0004060,U00953,P00080,purchase,2026-05-29 22:06:26
I0004061,U00442,P00133,wishlist,2026-06-19 22:06:26
I0004062,U00776,P00105,click,2026-08-02 22:06:26
I0004063,U00417,P00116,view,2026-06-07 22:06:26
I0004064,U00671,P00474,wishlist,2026-08-13 22:06:26
I0004065,U00354,P00496,click,2026-05-27 22:06:26
I0004066,U00663,P00466,click,2026-06-18 22:06:26
I0004067,U00018,P00384,click,2026-06-15 22:06:26
I0004068,U00944,P00141,click,2026-06-20 22:06:26
I0004069,U00065,P00089,view,2026-08-07 22:06:26
I0004070,U00585,P00345,view,2026-07-04 22:06:26
I0004071,U00988,P00390,click,2026-08-12 22:06:26
I0004072,U00296,P00320,click,2026-06-05 22:06:26
I0004073,U00450,P00292,view,2026-08-02 22:06:26
I0004074,U00743,P00382,click,2026-05-31 22:06:26
I0004075,U00968,P00362,view,2026-08-18 22:06:26
I0004076,U00501,P00392,cart,2026-06-27 22:06:26
I0004077,U00708,P00405,view,2026-05-31 22:06:26
I0004078,U00590,P00180,click,2026-08-18 22:06:26
I0004079,U00450,P00032,cart,2026-08-11 22:06:26
I0004080,U00312,P00086,cart,2026-07-08 22:06:26
I0004081,U00087,P00345,view,2026-05-22 22:06:26
I0004082,U00512,P00460,wishlist,2026-06-23 22:06:26
I0004083,U00155,P00460,view,2026-07-27 22:06:26
I0004084,U00005,P00027,view,2026-08-10 22:06:26
I0004085,U00022,P00051,view,2026-06-26 22:06:26
I0004086,U00211,P00364,click,2026-05-31 22:06:26
I0004087,U00584,P00325,view,2026-08-18 22:06:26
I0004088,U00751,P00061,click,2026-05-30 22:06:26
I0004089,U00851,P00327,view,2026-08-02 22:06:26
I0004090,U00032,P00315,view,2026-06-28 22:06:26
I0004091,U00521,P00197,purchase,2026-07-08 22:06:26
I0004092,U00393,P00251,view,2026-07-01 22:06:26
I0004093,U00153,P00424,wishlist,2026-08-10 22:06:26
I0004094,U00842,P00365,wishlist,2026-07-21 22:06:26
I0004095,U00312,P00210,click,2026-07-15 22:06:26
I0004096,U00752,P00487,click,2026-06-24 22:06:26
I0004097,U00625,P00143,cart,2026-08-15 22:06:26
I0004098,U00586,P00380,cart,2026-07-01 22:06:26
I0004099,U00327,P00275,click,2026-07-21 22:06:26
I0004100,U00853,P00366,cart,2026-08-16 22:06:26
I0004101,U00674,P00481,click,2026-06-15 22:06:26
I0004102,U00312,P00339,cart,2026-07-31 22:06:26
I0004103,U00032,P00329,view,2026-06-22 22:06:26
I0004104,U00220,P00227,cart,2026-06-10 22:06:26
I0004105,U00940,P00148,view,2026-06-28 22:06:26
I0004106,U00756,P00144,view,2026-07-02 22:06:26
I0004107,U00050,P00328,view,2026-07-10 22:06:26
I0004108,U00085,P00017,view,2026-06-12 22:06:26
I0004109,U00088,P00154,click,2026-07-22 22:06:26
I0004110,U00936,P00291,wishlist,2026-07-18 22:06:26
I0004111,U00277,P00388,view,2026-07-19 22:06:26
I0004112,U00498,P00029,cart,2026-05-23 22:06:26
I0004113,U00783,P00372,click,2026-07-25 22:06:26
I0004114,U00894,P00248,click,2026-05-31 22:06:26
I0004115,U00481,P00389,wishlist,2026-07-17 22:06:26
I0004116,U00675,P00031,click,2026-06-17 22:06:26
I0004117,U00408,P00219,view,2026-07-26 22:06:26
I0004118,U00687,P00419,wishlist,2026-08-03 22:06:26
I0004119,U00196,P00138,view,2026-05-20 22:06:26
I0004120,U00621,P00163,view,2026-07-29 22:06:26
I0004121,U00682,P00019,view,2026-08-16 22:06:26
I0004122,U00647,P00262,view,2026-08-02 22:06:26
I0004123,U00407,P00179,cart,2026-06-02 22:06:26
I0004124,U00985,P00202,view,2026-06-20 22:06:26
I0004125,U00425,P00389,view,2026-07-14 22:06:26
I0004126,U00762,P00336,click,2026-08-11 22:06:26
I0004127,U00315,P00486,click,2026-07-18 22:06:26
I0004128,U00911,P00121,click,2026-08-11 22:06:26
I0004129,U00494,P00496,view,2026-06-28 22:06:26
I0004130,U00521,P00239,wishlist,2026-08-12 22:06:26
I0004131,U00219,P00457,click,2026-08-06 22:06:26
I0004132,U00883,P00368,purchase,2026-08-10 22:06:26
I0004133,U00187,P00194,cart,2026-06-27 22:06:26
I0004134,U00421,P00387,click,2026-06-11 22:06:26
I0004135,U00383,P00250,click,2026-07-04 22:06:26
I0004136,U00396,P00084,wishlist,2026-06-28 22:06:26
I0004137,U00834,P00434,view,2026-08-04 22:06:26
I0004138,U00878,P00293,click,2026-05-31 22:06:26
I0004139,U00285,P00276,click,2026-07-11 22:06:26
I0004140,U00463,P00325,purchase,2026-06-01 22:06:26
I0004141,U00896,P00338,view,2026-07-30 22:06:26
I0004142,U00486,P00016,view,2026-07-29 22:06:26
I0004143,U00676,P00331,click,2026-07-18 22:06:26
I0004144,U00323,P00369,view,2026-06-15 22:06:26
I0004145,U00721,P00298,click,2026-08-17 22:06:26
I0004146,U00480,P00400,cart,2026-06-08 22:06:26
I0004147,U00976,P00491,view,2026-05-28 22:06:26
I0004148,U00177,P00382,click,2026-05-30 22:06:26
I0004149,U00326,P00226,click,2026-08-16 22:06:26
I0004150,U00401,P00246,view,2026-08-05 22:06:26
I0004151,U00012,P00452,click,2026-08-04 22:06:26
I0004152,U00275,P00219,click,2026-05-24 22:06:26
I0004153,U00247,P00124,view,2026-06-07 22:06:26
I0004154,U00325,P00276,view,2026-06-10 22:06:26
I0004155,U00699,P00487,purchase,2026-05-22 22:06:26
I0004156,U00520,P00200,view,2026-06-07 22:06:26
I0004157,U00949,P00186,view,2026-07-04 22:06:26
I0004158,U00349,P00231,click,2026-05-28 22:06:26
I0004159,U00076,P00007,cart,2026-06-28 22:06:26
I0004160,U00289,P00491,wishlist,2026-05-29 22:06:26
I0004161,U00570,P00245,click,2026-06-08 22:06:26
I0004162,U00848,P00434,cart,2026-05-26 22:06:26
I0004163,U00815,P00052,purchase,2026-06-27 22:06:26
I0004164,U00129,P00232,click,2026-06-26 22:06:26
I0004165,U00878,P00375,click,2026-05-22 22:06:26
I0004166,U00966,P00408,click,2026-06-10 22:06:26
I0004167,U00487,P00076,wishlist,2026-06-10 22:06:26
I0004168,U00792,P00433,wishlist,2026-07-04 22:06:26
I0004169,U00025,P00466,cart,2026-05-30 22:06:26
I0004170,U00071,P00391,cart,2026-07-10 22:06:26
I0004171,U00930,P00210,cart,2026-06-01 22:06:26
I0004172,U00269,P00304,cart,2026-07-19 22:06:26
I0004173,U00328,P00219,cart,2026-07-09 22:06:26
I0004174,U00603,P00033,purchase,2026-05-29 22:06:26
I0004175,U00438,P00212,click,2026-05-23 22:06:26
I0004176,U00212,P00138,view,2026-07-15 22:06:26
I0004177,U00072,P00443,view,2026-05-27 22:06:26
I0004178,U00987,P00381,view,2026-05-31 22:06:26
I0004179,U00224,P00286,view,2026-05-30 22:06:26
I0004180,U00951,P00166,click,2026-06-30 22:06:26
I0004181,U00648,P00042,view,2026-06-01 22:06:26
I0004182,U00740,P00049,view,2026-05-26 22:06:26
I0004183,U00078,P00195,click,2026-07-24 22:06:26
I0004184,U00416,P00104,view,2026-08-09 22:06:26
I0004185,U00637,P00300,view,2026-08-10 22:06:26
I0004186,U00446,P00189,view,2026-05-31 22:06:26
I0004187,U00809,P00387,view,2026-05-29 22:06:26
I0004188,U00257,P00083,wishlist,2026-07-28 22:06:26
I0004189,U00273,P00066,view,2026-07-25 22:06:26
I0004190,U00644,P00471,view,2026-08-17 22:06:26
I0004191,U00859,P00350,view,2026-05-22 22:06:26
I0004192,U00334,P00429,view,2026-06-26 22:06:26
I0004193,U00387,P00241,click,2026-06-18 22:06:26
I0004194,U00714,P00223,click,2026-05-30 22:06:26
I0004195,U00240,P00482,view,2026-07-14 22:06:26
I0004196,U00130,P00337,view,2026-08-01 22:06:26
I0004197,U00762,P00279,purchase,2026-08-02 22:06:26
I0004198,U00916,P00216,cart,2026-07-20 22:06:26
I0004199,U00727,P00109,wishlist,2026-06-12 22:06:26
I0004200,U00841,P00361,purchase,2026-07-25 22:06:26
I0004201,U00710,P00016,click,2026-06-09 22:06:26
I0004202,U00639,P00215,view,2026-07-08 22:06:26
I0004203,U00023,P00389,cart,2026-08-13 22:06:26
I0004204,U00865,P00398,view,2026-06-28 22:06:26
I0004205,U00613,P00435,cart,2026-05-22 22:06:26
I0004206,U00576,P00108,view,2026-07-22 22:06:26
I0004207,U00526,P00489,click,2026-07-28 22:06:26
I0004208,U00272,P00094,click,2026-07-25 22:06:26
I0004209,U00893,P00356,cart,2026-07-11 22:06:26
I0004210,U00550,P00025,wishlist,2026-06-10 22:06:26
I0004211,U00804,P00445,click,2026-05-26 22:06:26
I0004212,U00909,P00128,view,2026-06-05 22:06:26
I0004213,U00384,P00423,view,2026-06-26 22:06:26
I0004214,U00238,P00259,view,2026-07-19 22:06:26
I0004215,U00058,P00148,view,2026-08-03 22:06:26
I0004216,U00125,P00280,purchase,2026-06-07 22:06:26
I0004217,U00790,P00162,click,2026-08-03 22:06:26
I0004218,U00177,P00491,click,2026-08-02 22:06:26
I0004219,U00926,P00245,wishlist,2026-06-11 22:06:26
I0004220,U00495,P00385,click,2026-06-18 22:06:26
I0004221,U00337,P00461,view,2026-07-17 22:06:26
I0004222,U00582,P00375,view,2026-06-29 22:06:26
I0004223,U00025,P00162,view,2026-06-16 22:06:26
I0004224,U00882,P00070,click,2026-06-03 22:06:26
I0004225,U00499,P00022,view,2026-08-08 22:06:26
I0004226,U00791,P00050,view,2026-06-26 22:06:26
I0004227,U00355,P00172,click,2026-07-03 22:06:26
I0004228,U00873,P00096,cart,2026-07-20 22:06:26
I0004229,U00423,P00075,wishlist,2026-06-27 22:06:26
I0004230,U00768,P00173,view,2026-06-19 22:06:26
I0004231,U00416,P00003,view,2026-06-16 22:06:26
I0004232,U00937,P00014,view,2026-07-04 22:06:26
I0004233,U00524,P00403,view,2026-06-24 22:06:26
I0004234,U00656,P00324,view,2026-07-29 22:06:26
I0004235,U00968,P00099,view,2026-07-26 22:06:26
I0004236,U00382,P00164,click,2026-06-08 22:06:26
I0004237,U00979,P00454,click,2026-05-30 22:06:26
I0004238,U00971,P00445,click,2026-05-26 22:06:26
I0004239,U00775,P00048,wishlist,2026-06-30 22:06:26
I0004240,U00935,P00041,view,2026-07-11 22:06:26
I0004241,U00107,P00042,view,2026-07-20 22:06:26
I0004242,U00594,P00228,click,2026-07-08 22:06:26
I0004243,U00167,P00223,view,2026-06-27 22:06:26
I0004244,U00523,P00170,click,2026-08-11 22:06:26
I0004245,U00158,P00096,view,2026-06-25 22:06:26
I0004246,U00227,P00444,click,2026-06-22 22:06:26
I0004247,U00968,P00284,cart,2026-06-13 22:06:26
I0004248,U00384,P00200,cart,2026-07-12 22:06:26
I0004249,U00378,P00303,view,2026-07-05 22:06:26
I0004250,U00735,P00243,cart,2026-07-12 22:06:26
I0004251,U00396,P00023,click,2026-07-25 22:06:26
I0004252,U00624,P00033,wishlist,2026-06-02 22:06:26
I0004253,U00786,P00228,purchase,2026-08-04 22:06:26
I0004254,U00412,P00311,view,2026-07-10 22:06:26
I0004255,U00510,P00018,wishlist,2026-06-11 22:06:26
I0004256,U00117,P00124,view,2026-07-26 22:06:26
I0004257,U00401,P00435,view,2026-06-11 22:06:26
I0004258,U00979,P00172,view,2026-07-01 22:06:26
I0004259,U00467,P00166,view,2026-07-28 22:06:26
I0004260,U00679,P00178,view,2026-06-08 22:06:26
I0004261,U00210,P00433,cart,2026-06-06 22:06:26
I0004262,U00253,P00011,click,2026-07-14 22:06:26
I0004263,U00774,P00411,view,2026-08-09 22:06:26
I0004264,U00048,P00399,wishlist,2026-07-29 22:06:26
I0004265,U00696,P00037,view,2026-06-06 22:06:26
I0004266,U00746,P00111,view,2026-06-04 22:06:26
I0004267,U00168,P00220,view,2026-08-18 22:06:26
I0004268,U00977,P00154,view,2026-07-01 22:06:26
I0004269,U00183,P00022,view,2026-05-25 22:06:26
I0004270,U00466,P00118,view,2026-06-21 22:06:26
I0004271,U00687,P00181,view,2026-06-23 22:06:26
I0004272,U00322,P00009,wishlist,2026-07-04 22:06:26
I0004273,U00189,P00065,view,2026-07-10 22:06:26
I0004274,U00032,P00369,cart,2026-06-16 22:06:26
I0004275,U00057,P00029,click,2026-06-02 22:06:26
I0004276,U00324,P00422,click,2026-07-08 22:06:26
I0004277,U00684,P00156,view,2026-06-12 22:06:26
I0004278,U00695,P00482,view,2026-07-23 22:06:26
I0004279,U00608,P00338,view,2026-07-14 22:06:26
I0004280,U00084,P00465,cart,2026-06-05 22:06:26
I0004281,U00024,P00281,view,2026-07-09 22:06:26
I0004282,U00685,P00393,view,2026-06-01 22:06:26
I0004283,U00038,P00201,view,2026-06-19 22:06:26
I0004284,U00400,P00142,click,2026-06-22 22:06:26
I0004285,U00707,P00208,view,2026-06-10 22:06:26
I0004286,U00378,P00309,cart,2026-08-05 22:06:26
I0004287,U00508,P00235,view,2026-07-10 22:06:26
I0004288,U00099,P00313,view,2026-06-04 22:06:26
I0004289,U00392,P00083,view,2026-05-27 22:06:26
I0004290,U00888,P00050,view,2026-05-30 22:06:26
I0004291,U00712,P00491,view,2026-07-19 22:06:26
I0004292,U00872,P00134,click,2026-05-21 22:06:26
I0004293,U00509,P00233,view,2026-08-06 22:06:26
I0004294,U00196,P00380,view,2026-07-19 22:06:26
I0004295,U00033,P00046,view,2026-07-29 22:06:26
I0004296,U00521,P00180,click,2026-06-10 22:06:26
I0004297,U00393,P00227,view,2026-07-09 22:06:26
I0004298,U00016,P00020,view,2026-07-28 22:06:26
I0004299,U00011,P00352,view,2026-08-11 22:06:26
I0004300,U00614,P00230,view,2026-07-18 22:06:26
I0004301,U00825,P00262,click,2026-07-18 22:06:26
I0004302,U00661,P00143,click,2026-07-21 22:06:26
I0004303,U00775,P00221,view,2026-06-07 22:06:26
I0004304,U00625,P00058,view,2026-06-30 22:06:26
I0004305,U00589,P00440,view,2026-08-10 22:06:26
I0004306,U00252,P00418,view,2026-07-26 22:06:26
I0004307,U00543,P00355,view,2026-05-22 22:06:26
I0004308,U00187,P00049,click,2026-07-15 22:06:26
I0004309,U00266,P00420,view,2026-06-27 22:06:26
I0004310,U00655,P00496,view,2026-06-13 22:06:26
I0004311,U00933,P00176,click,2026-06-18 22:06:26
I0004312,U00489,P00362,wishlist,2026-06-29 22:06:26
I0004313,U00912,P00019,cart,2026-05-21 22:06:26
I0004314,U00562,P00138,view,2026-08-03 22:06:26
I0004315,U00393,P00030,wishlist,2026-07-30 22:06:26
I0004316,U00418,P00448,wishlist,2026-07-30 22:06:26
I0004317,U00123,P00406,click,2026-06-05 22:06:26
I0004318,U00244,P00292,view,2026-05-28 22:06:26
I0004319,U00349,P00441,view,2026-08-11 22:06:26
I0004320,U00220,P00056,view,2026-08-16 22:06:26
I0004321,U00619,P00439,cart,2026-06-29 22:06:26
I0004322,U00439,P00463,view,2026-06-05 22:06:26
I0004323,U00886,P00205,click,2026-08-14 22:06:26
I0004324,U00004,P00110,view,2026-08-07 22:06:26
I0004325,U00035,P00406,cart,2026-08-04 22:06:26
I0004326,U00778,P00370,view,2026-06-07 22:06:26
I0004327,U00378,P00276,click,2026-07-15 22:06:26
I0004328,U00027,P00095,cart,2026-06-10 22:06:26
I0004329,U00297,P00444,view,2026-06-24 22:06:26
I0004330,U00383,P00450,wishlist,2026-08-07 22:06:26
I0004331,U00017,P00318,view,2026-07-29 22:06:26
I0004332,U00994,P00345,view,2026-06-01 22:06:26
I0004333,U00206,P00351,view,2026-07-03 22:06:26
I0004334,U00050,P00493,click,2026-06-05 22:06:26
I0004335,U00312,P00235,wishlist,2026-06-10 22:06:26
I0004336,U00966,P00065,view,2026-08-12 22:06:26
I0004337,U00685,P00271,view,2026-07-17 22:06:26
I0004338,U00520,P00432,view,2026-06-03 22:06:26
I0004339,U00458,P00166,view,2026-08-05 22:06:26
I0004340,U00935,P00224,view,2026-08-17 22:06:26
I0004341,U00279,P00334,view,2026-06-28 22:06:26
I0004342,U00975,P00038,click,2026-05-31 22:06:26
I0004343,U00622,P00002,cart,2026-05-29 22:06:26
I0004344,U00167,P00079,view,2026-06-22 22:06:26
I0004345,U00990,P00433,click,2026-05-26 22:06:26
I0004346,U00667,P00080,click,2026-08-08 22:06:26
I0004347,U00156,P00301,view,2026-06-06 22:06:26
I0004348,U00144,P00025,view,2026-05-26 22:06:26
I0004349,U00336,P00082,wishlist,2026-07-20 22:06:26
I0004350,U00768,P00411,wishlist,2026-05-20 22:06:26
I0004351,U00100,P00238,view,2026-06-14 22:06:26
I0004352,U00212,P00115,view,2026-07-22 22:06:26
I0004353,U00029,P00437,wishlist,2026-07-31 22:06:26
I0004354,U00244,P00257,cart,2026-06-04 22:06:26
I0004355,U00133,P00162,view,2026-07-14 22:06:26
I0004356,U00153,P00361,wishlist,2026-06-24 22:06:26
I0004357,U00475,P00016,view,2026-06-19 22:06:26
I0004358,U00089,P00045,purchase,2026-07-28 22:06:26
I0004359,U00037,P00047,view,2026-08-05 22:06:26
I0004360,U00862,P00068,view,2026-08-17 22:06:26
I0004361,U00539,P00500,cart,2026-06-28 22:06:26
I0004362,U00221,P00100,purchase,2026-07-31 22:06:26
I0004363,U00995,P00028,wishlist,2026-07-14 22:06:26
I0004364,U00573,P00439,purchase,2026-06-10 22:06:26
I0004365,U00117,P00385,view,2026-06-19 22:06:26
I0004366,U00739,P00333,view,2026-05-20 22:06:26
I0004367,U00705,P00355,click,2026-07-30 22:06:26
I0004368,U00429,P00072,click,2026-05-20 22:06:26
I0004369,U00351,P00269,view,2026-08-10 22:06:26
I0004370,U00470,P00068,click,2026-07-15 22:06:26
I0004371,U00329,P00367,click,2026-08-06 22:06:26
I0004372,U00158,P00383,cart,2026-05-30 22:06:26
I0004373,U00426,P00162,click,2026-06-21 22:06:26
I0004374,U00723,P00061,view,2026-07-28 22:06:26
I0004375,U00422,P00260,click,2026-06-27 22:06:26
I0004376,U00297,P00333,view,2026-08-07 22:06:26
I0004377,U00636,P00006,view,2026-07-03 22:06:26
I0004378,U00879,P00485,view,2026-07-05 22:06:26
I0004379,U00741,P00279,wishlist,2026-05-20 22:06:26
I0004380,U00258,P00158,wishlist,2026-06-26 22:06:26
I0004381,U00691,P00060,click,2026-07-29 22:06:26
I0004382,U00775,P00149,wishlist,2026-07-30 22:06:26
I0004383,U00790,P00291,view,2026-06-30 22:06:26
I0004384,U00589,P00240,cart,2026-06-24 22:06:26
I0004385,U00307,P00436,view,2026-06-23 22:06:26
I0004386,U00890,P00340,view,2026-07-18 22:06:26
I0004387,U00829,P00423,view,2026-06-16 22:06:26
I0004388,U00626,P00414,click,2026-06-19 22:06:26
I0004389,U00352,P00489,wishlist,2026-06-06 22:06:26
I0004390,U00830,P00228,click,2026-07-21 22:06:26
I0004391,U00836,P00277,click,2026-05-24 22:06:26
I0004392,U00314,P00483,view,2026-07-11 22:06:26
I0004393,U00801,P00330,click,2026-05-22 22:06:26
I0004394,U00762,P00350,view,2026-07-02 22:06:26
I0004395,U00427,P00461,view,2026-07-09 22:06:26
I0004396,U00093,P00172,cart,2026-06-27 22:06:26
I0004397,U00262,P00425,purchase,2026-08-14 22:06:26
I0004398,U00179,P00202,wishlist,2026-06-29 22:06:26
I0004399,U00513,P00368,view,2026-06-08 22:06:26
I0004400,U00115,P00212,cart,2026-08-16 22:06:26
I0004401,U00117,P00015,view,2026-05-25 22:06:26
I0004402,U00970,P00484,view,2026-08-01 22:06:26
I0004403,U00756,P00228,cart,2026-07-02 22:06:26
I0004404,U00853,P00447,purchase,2026-07-06 22:06:26
I0004405,U00659,P00127,cart,2026-05-31 22:06:26
I0004406,U00909,P00044,cart,2026-08-18 22:06:26
I0004407,U00646,P00464,wishlist,2026-07-07 22:06:26
I0004408,U00070,P00189,click,2026-07-29 22:06:26
I0004409,U00624,P00151,view,2026-07-10 22:06:26
I0004410,U00635,P00346,cart,2026-07-16 22:06:26
I0004411,U00076,P00329,click,2026-05-20 22:06:26
I0004412,U00989,P00374,click,2026-05-27 22:06:26
I0004413,U00272,P00483,view,2026-06-24 22:06:26
I0004414,U00898,P00315,purchase,2026-06-12 22:06:26
I0004415,U00404,P00422,view,2026-07-15 22:06:26
I0004416,U00905,P00016,cart,2026-07-11 22:06:26
I0004417,U00547,P00464,view,2026-05-20 22:06:26
I0004418,U00819,P00321,view,2026-07-29 22:06:26
I0004419,U00088,P00390,cart,2026-06-27 22:06:26
I0004420,U00636,P00254,view,2026-07-16 22:06:26
I0004421,U00670,P00455,view,2026-07-26 22:06:26
I0004422,U00376,P00258,click,2026-07-21 22:06:26
I0004423,U00564,P00301,view,2026-07-16 22:06:26
I0004424,U00315,P00443,click,2026-05-25 22:06:26
I0004425,U00067,P00490,view,2026-08-08 22:06:26
I0004426,U00039,P00071,view,2026-06-05 22:06:26
I0004427,U00093,P00463,click,2026-06-27 22:06:26
I0004428,U00457,P00299,click,2026-05-27 22:06:26
I0004429,U00832,P00287,view,2026-06-05 22:06:26
I0004430,U00564,P00033,view,2026-07-03 22:06:26
I0004431,U00954,P00350,cart,2026-07-01 22:06:26
I0004432,U00312,P00118,wishlist,2026-06-25 22:06:26
I0004433,U00784,P00288,view,2026-05-24 22:06:26
I0004434,U00807,P00384,view,2026-07-21 22:06:26
I0004435,U00637,P00374,purchase,2026-07-12 22:06:26
I0004436,U00624,P00258,wishlist,2026-06-22 22:06:26
I0004437,U00434,P00041,click,2026-06-13 22:06:26
I0004438,U00115,P00222,wishlist,2026-06-27 22:06:26
I0004439,U00158,P00355,click,2026-05-29 22:06:26
I0004440,U00523,P00389,cart,2026-07-03 22:06:26
I0004441,U00191,P00025,cart,2026-06-09 22:06:26
I0004442,U00177,P00344,view,2026-07-20 22:06:26
I0004443,U00758,P00466,view,2026-07-26 22:06:26
I0004444,U00584,P00306,view,2026-06-26 22:06:26
I0004445,U00103,P00126,purchase,2026-06-06 22:06:26
I0004446,U00011,P00099,view,2026-08-14 22:06:26
I0004447,U00479,P00043,view,2026-07-13 22:06:26
I0004448,U00903,P00316,wishlist,2026-07-29 22:06:26
I0004449,U00922,P00488,view,2026-07-16 22:06:26
I0004450,U00361,P00458,view,2026-05-22 22:06:26
I0004451,U00816,P00385,view,2026-08-04 22:06:26
I0004452,U00694,P00296,cart,2026-05-21 22:06:26
I0004453,U00458,P00290,view,2026-06-24 22:06:26
I0004454,U00923,P00270,view,2026-06-11 22:06:26
I0004455,U00218,P00332,click,2026-06-22 22:06:26
I0004456,U00615,P00160,click,2026-06-01 22:06:26
I0004457,U00225,P00427,view,2026-07-28 22:06:26
I0004458,U00557,P00378,view,2026-07-12 22:06:26
I0004459,U00148,P00161,click,2026-06-08 22:06:26
I0004460,U00598,P00002,wishlist,2026-06-29 22:06:26
I0004461,U00138,P00404,view,2026-07-24 22:06:26
I0004462,U00759,P00365,click,2026-06-02 22:06:26
I0004463,U00406,P00107,click,2026-08-06 22:06:26
I0004464,U00009,P00364,view,2026-08-14 22:06:26
I0004465,U00131,P00418,view,2026-07-19 22:06:26
I0004466,U00733,P00130,view,2026-07-24 22:06:26
I0004467,U00780,P00008,view,2026-08-14 22:06:26
I0004468,U00435,P00310,cart,2026-06-19 22:06:26
I0004469,U00611,P00242,click,2026-08-02 22:06:26
I0004470,U00528,P00380,click,2026-08-18 22:06:26
I0004471,U00222,P00118,wishlist,2026-06-07 22:06:26
I0004472,U00316,P00477,wishlist,2026-07-11 22:06:26
I0004473,U00697,P00348,view,2026-07-02 22:06:26
I0004474,U00659,P00039,view,2026-07-19 22:06:26
I0004475,U00382,P00427,view,2026-06-30 22:06:26
I0004476,U00670,P00405,view,2026-07-11 22:06:26
I0004477,U00412,P00336,view,2026-07-17 22:06:26
I0004478,U00771,P00205,cart,2026-05-20 22:06:26
I0004479,U00486,P00138,click,2026-07-26 22:06:26
I0004480,U00470,P00324,click,2026-08-02 22:06:26
I0004481,U00408,P00376,click,2026-06-26 22:06:26
I0004482,U00453,P00213,view,2026-05-25 22:06:26
I0004483,U00201,P00333,view,2026-05-26 22:06:26
I0004484,U00595,P00453,click,2026-07-18 22:06:26
I0004485,U00475,P00284,wishlist,2026-08-06 22:06:26
I0004486,U00547,P00202,view,2026-06-22 22:06:26
I0004487,U00863,P00031,cart,2026-07-23 22:06:26
I0004488,U00501,P00317,view,2026-05-23 22:06:26
I0004489,U00495,P00281,view,2026-07-05 22:06:26
I0004490,U00893,P00266,click,2026-07-06 22:06:26
I0004491,U00404,P00168,click,2026-06-18 22:06:26
I0004492,U00195,P00014,click,2026-05-22 22:06:26
I0004493,U00637,P00335,view,2026-06-05 22:06:26
I0004494,U00270,P00375,view,2026-08-06 22:06:26
I0004495,U00834,P00146,view,2026-06-07 22:06:26
I0004496,U00434,P00150,click,2026-07-30 22:06:26
I0004497,U00616,P00254,click,2026-05-30 22:06:26
I0004498,U00073,P00069,view,2026-06-28 22:06:26
I0004499,U00504,P00402,view,2026-06-30 22:06:26
I0004500,U00838,P00187,view,2026-07-18 22:06:26
I0004501,U00627,P00183,click,2026-06-19 22:06:26
I0004502,U00191,P00307,wishlist,2026-07-12 22:06:26
I0004503,U00756,P00191,wishlist,2026-06-11 22:06:26
I0004504,U00260,P00167,cart,2026-07-22 22:06:26
I0004505,U00002,P00094,wishlist,2026-05-26 22:06:26
I0004506,U00677,P00076,click,2026-08-02 22:06:26
I0004507,U00125,P00286,click,2026-06-03 22:06:26
I0004508,U00722,P00264,view,2026-07-26 22:06:26
I0004509,U00430,P00153,view,2026-05-31 22:06:26
I0004510,U00644,P00327,view,2026-06-24 22:06:26
I0004511,U00455,P00460,wishlist,2026-07-06 22:06:26
I0004512,U00371,P00001,wishlist,2026-06-26 22:06:26
I0004513,U00120,P00298,view,2026-08-09 22:06:26
I0004514,U00608,P00045,view,2026-06-07 22:06:26
I0004515,U00716,P00133,click,2026-06-18 22:06:26
I0004516,U00795,P00140,view,2026-07-21 22:06:26
I0004517,U00522,P00120,view,2026-06-27 22:06:26
I0004518,U00761,P00379,view,2026-06-12 22:06:26
I0004519,U00548,P00304,click,2026-06-02 22:06:26
I0004520,U00072,P00292,cart,2026-07-02 22:06:26
I0004521,U00086,P00138,view,2026-05-25 22:06:26
I0004522,U00767,P00463,purchase,2026-06-07 22:06:26
I0004523,U00611,P00494,cart,2026-07-13 22:06:26
I0004524,U00842,P00261,cart,2026-06-18 22:06:26
I0004525,U00430,P00495,view,2026-05-30 22:06:26
I0004526,U00145,P00122,cart,2026-05-26 22:06:26
I0004527,U00577,P00415,cart,2026-08-18 22:06:26
I0004528,U00481,P00111,cart,2026-06-29 22:06:26
I0004529,U00135,P00230,click,2026-08-02 22:06:26
I0004530,U00735,P00044,view,2026-06-13 22:06:26
I0004531,U00175,P00252,view,2026-05-30 22:06:26
I0004532,U00557,P00387,click,2026-07-24 22:06:26
I0004533,U00487,P00091,cart,2026-05-28 22:06:26
I0004534,U00682,P00131,wishlist,2026-08-07 22:06:26
I0004535,U00273,P00232,click,2026-06-09 22:06:26
I0004536,U00491,P00408,click,2026-07-11 22:06:26
I0004537,U00971,P00079,view,2026-06-07 22:06:26
I0004538,U00405,P00070,click,2026-07-09 22:06:26
I0004539,U00258,P00208,click,2026-06-12 22:06:26
I0004540,U00946,P00381,view,2026-05-29 22:06:26
I0004541,U00270,P00461,view,2026-06-12 22:06:26
I0004542,U00637,P00400,cart,2026-08-10 22:06:26
I0004543,U00887,P00013,view,2026-06-16 22:06:26
I0004544,U00686,P00051,cart,2026-08-07 22:06:26
I0004545,U00910,P00463,wishlist,2026-08-17 22:06:26
I0004546,U00122,P00193,click,2026-07-23 22:06:26
I0004547,U00287,P00204,click,2026-06-09 22:06:26
I0004548,U00262,P00375,view,2026-05-25 22:06:26
I0004549,U00966,P00071,view,2026-06-08 22:06:26
I0004550,U00078,P00198,cart,2026-07-11 22:06:26
I0004551,U00844,P00390,click,2026-08-12 22:06:26
I0004552,U00422,P00417,click,2026-07-02 22:06:26
I0004553,U00672,P00382,cart,2026-08-11 22:06:26
I0004554,U00334,P00118,view,2026-07-30 22:06:26
I0004555,U00982,P00334,click,2026-07-31 22:06:26
I0004556,U00700,P00110,view,2026-06-15 22:06:26
I0004557,U00082,P00099,purchase,2026-08-14 22:06:26
I0004558,U00357,P00250,cart,2026-05-24 22:06:26
I0004559,U00168,P00147,view,2026-06-28 22:06:26
I0004560,U00829,P00175,click,2026-06-29 22:06:26
I0004561,U00167,P00320,click,2026-07-26 22:06:26
I0004562,U00804,P00110,click,2026-06-05 22:06:26
I0004563,U00417,P00376,wishlist,2026-05-31 22:06:26
I0004564,U00011,P00150,view,2026-06-07 22:06:26
I0004565,U00290,P00204,click,2026-08-13 22:06:26
I0004566,U00303,P00310,click,2026-07-24 22:06:26
I0004567,U00379,P00085,click,2026-07-09 22:06:26
I0004568,U00003,P00227,wishlist,2026-07-26 22:06:26
I0004569,U00940,P00200,view,2026-07-16 22:06:26
I0004570,U00535,P00340,view,2026-07-26 22:06:26
I0004571,U00159,P00271,click,2026-06-25 22:06:26
I0004572,U00575,P00370,click,2026-06-06 22:06:26
I0004573,U00314,P00370,view,2026-08-01 22:06:26
I0004574,U00691,P00347,click,2026-07-20 22:06:26
I0004575,U00296,P00006,cart,2026-05-23 22:06:26
I0004576,U00506,P00396,purchase,2026-05-21 22:06:26
I0004577,U00872,P00075,cart,2026-08-08 22:06:26
I0004578,U00722,P00337,click,2026-07-26 22:06:26
I0004579,U00489,P00255,wishlist,2026-07-27 22:06:26
I0004580,U00007,P00492,wishlist,2026-08-07 22:06:26
I0004581,U00828,P00177,view,2026-07-05 22:06:26
I0004582,U00515,P00393,view,2026-08-17 22:06:26
I0004583,U00166,P00085,view,2026-08-03 22:06:26
I0004584,U00459,P00214,click,2026-07-04 22:06:26
I0004585,U00094,P00330,cart,2026-08-06 22:06:26
I0004586,U00359,P00500,click,2026-06-17 22:06:26
I0004587,U00448,P00464,click,2026-07-26 22:06:26
I0004588,U00651,P00322,click,2026-06-20 22:06:26
I0004589,U00142,P00267,click,2026-08-18 22:06:26
I0004590,U00030,P00293,view,2026-07-06 22:06:26
I0004591,U00321,P00239,click,2026-05-20 22:06:26
I0004592,U00290,P00030,view,2026-06-05 22:06:26
I0004593,U00812,P00028,view,2026-05-20 22:06:26
I0004594,U00311,P00053,view,2026-05-20 22:06:26
I0004595,U00462,P00421,view,2026-08-15 22:06:26
I0004596,U00842,P00282,click,2026-07-28 22:06:26
I0004597,U00302,P00436,click,2026-05-23 22:06:26
I0004598,U00303,P00476,view,2026-07-21 22:06:26
I0004599,U00002,P00218,view,2026-08-01 22:06:26
I0004600,U00601,P00115,click,2026-06-25 22:06:26
I0004601,U00862,P00157,view,2026-07-23 22:06:26
I0004602,U00725,P00157,click,2026-06-20 22:06:26
I0004603,U00890,P00298,view,2026-07-08 22:06:26
I0004604,U00439,P00273,wishlist,2026-05-25 22:06:26
I0004605,U00664,P00314,view,2026-06-08 22:06:26
I0004606,U00660,P00080,view,2026-05-28 22:06:26
I0004607,U00627,P00361,view,2026-07-17 22:06:26
I0004608,U00413,P00313,view,2026-06-25 22:06:26
I0004609,U00683,P00321,click,2026-06-17 22:06:26
I0004610,U00379,P00342,wishlist,2026-07-31 22:06:26
I0004611,U00113,P00340,view,2026-08-03 22:06:26
I0004612,U00994,P00002,click,2026-07-16 22:06:26
I0004613,U00407,P00055,view,2026-07-09 22:06:26
I0004614,U00509,P00013,purchase,2026-07-18 22:06:26
I0004615,U00847,P00014,click,2026-06-23 22:06:26
I0004616,U00499,P00196,view,2026-07-21 22:06:26
I0004617,U00047,P00370,click,2026-06-24 22:06:26
I0004618,U00001,P00238,view,2026-08-05 22:06:26
I0004619,U00931,P00077,cart,2026-07-18 22:06:26
I0004620,U00687,P00035,wishlist,2026-08-10 22:06:26
I0004621,U00520,P00208,wishlist,2026-07-11 22:06:26
I0004622,U00817,P00046,wishlist,2026-08-07 22:06:26
I0004623,U00746,P00332,wishlist,2026-06-06 22:06:26
I0004624,U00037,P00191,view,2026-08-09 22:06:26
I0004625,U00375,P00106,view,2026-07-10 22:06:26
I0004626,U00740,P00026,cart,2026-06-17 22:06:26
I0004627,U00857,P00309,click,2026-07-17 22:06:26
I0004628,U00022,P00491,view,2026-08-13 22:06:26
I0004629,U00104,P00250,click,2026-07-15 22:06:26
I0004630,U00241,P00192,view,2026-07-13 22:06:26
I0004631,U00435,P00002,view,2026-05-26 22:06:26
I0004632,U00579,P00227,click,2026-06-02 22:06:26
I0004633,U00609,P00056,click,2026-06-18 22:06:26
I0004634,U00728,P00026,click,2026-07-07 22:06:26
I0004635,U00028,P00264,click,2026-07-08 22:06:26
I0004636,U00092,P00148,view,2026-07-28 22:06:26
I0004637,U00368,P00333,view,2026-08-05 22:06:26
I0004638,U00453,P00282,view,2026-06-06 22:06:26
I0004639,U00146,P00319,click,2026-06-07 22:06:26
I0004640,U00330,P00438,view,2026-07-28 22:06:26
I0004641,U00692,P00443,click,2026-07-09 22:06:26
I0004642,U00825,P00144,view,2026-05-22 22:06:26
I0004643,U00816,P00434,wishlist,2026-06-12 22:06:26
I0004644,U00065,P00238,view,2026-06-11 22:06:26
I0004645,U00043,P00241,view,2026-07-02 22:06:26
I0004646,U00287,P00475,cart,2026-07-08 22:06:26
I0004647,U00173,P00064,click,2026-05-25 22:06:26
I0004648,U00952,P00226,view,2026-06-17 22:06:26
I0004649,U00348,P00014,cart,2026-07-01 22:06:26
I0004650,U00062,P00024,click,2026-07-16 22:06:26
I0004651,U00391,P00387,click,2026-08-08 22:06:26
I0004652,U00945,P00249,click,2026-08-07 22:06:26
I0004653,U00526,P00227,click,2026-06-13 22:06:26
I0004654,U00509,P00470,view,2026-06-20 22:06:26
I0004655,U00507,P00372,view,2026-08-11 22:06:26
I0004656,U00487,P00281,view,2026-08-06 22:06:26
I0004657,U00341,P00093,view,2026-06-14 22:06:26
I0004658,U00503,P00366,view,2026-07-11 22:06:26
I0004659,U00178,P00276,click,2026-06-19 22:06:26
I0004660,U00786,P00253,view,2026-06-30 22:06:26
I0004661,U00398,P00434,view,2026-07-30 22:06:26
I0004662,U00707,P00472,purchase,2026-07-23 22:06:26
I0004663,U00008,P00025,view,2026-07-31 22:06:26
I0004664,U00709,P00342,view,2026-07-27 22:06:26
I0004665,U00470,P00241,cart,2026-05-31 22:06:26
I0004666,U00270,P00254,view,2026-07-28 22:06:26
I0004667,U00510,P00263,view,2026-06-03 22:06:26
I0004668,U00200,P00318,click,2026-06-08 22:06:26
I0004669,U00331,P00330,click,2026-06-20 22:06:26
I0004670,U00150,P00418,click,2026-07-01 22:06:26
I0004671,U00851,P00221,view,2026-06-18 22:06:26
I0004672,U00988,P00095,view,2026-07-06 22:06:26
I0004673,U00254,P00138,wishlist,2026-07-27 22:06:26
I0004674,U00372,P00449,view,2026-07-16 22:06:26
I0004675,U00646,P00222,view,2026-05-20 22:06:26
I0004676,U00131,P00377,view,2026-06-27 22:06:26
I0004677,U00782,P00415,view,2026-08-02 22:06:26
I0004678,U00467,P00042,wishlist,2026-08-16 22:06:26
I0004679,U00726,P00039,cart,2026-05-23 22:06:26
I0004680,U00056,P00445,click,2026-07-19 22:06:26
I0004681,U00653,P00279,click,2026-07-12 22:06:26
I0004682,U00596,P00247,click,2026-08-11 22:06:26
I0004683,U00737,P00269,view,2026-07-15 22:06:26
I0004684,U00175,P00191,click,2026-08-16 22:06:26
I0004685,U00256,P00481,view,2026-06-25 22:06:26
I0004686,U00832,P00460,view,2026-06-01 22:06:26
I0004687,U00532,P00340,view,2026-07-13 22:06:26
I0004688,U00810,P00382,view,2026-08-10 22:06:26
I0004689,U00729,P00360,view,2026-07-09 22:06:26
I0004690,U00446,P00370,cart,2026-05-30 22:06:26
I0004691,U00222,P00151,view,2026-08-01 22:06:26
I0004692,U00397,P00239,wishlist,2026-05-31 22:06:26
I0004693,U00036,P00384,view,2026-06-13 22:06:26
I0004694,U00625,P00464,wishlist,2026-06-21 22:06:26
I0004695,U00386,P00408,click,2026-08-01 22:06:26
I0004696,U00769,P00146,view,2026-07-11 22:06:26
I0004697,U00256,P00483,view,2026-06-24 22:06:26
I0004698,U00662,P00200,view,2026-06-15 22:06:26
I0004699,U00273,P00050,click,2026-07-20 22:06:26
I0004700,U00703,P00248,view,2026-07-31 22:06:26
I0004701,U00811,P00372,view,2026-07-19 22:06:26
I0004702,U00969,P00205,view,2026-08-03 22:06:26
I0004703,U00787,P00093,view,2026-07-22 22:06:26
I0004704,U00881,P00201,purchase,2026-06-05 22:06:26
I0004705,U00129,P00104,click,2026-07-04 22:06:26
I0004706,U00539,P00472,view,2026-06-07 22:06:26
I0004707,U00232,P00071,view,2026-05-20 22:06:26
I0004708,U00227,P00029,view,2026-08-12 22:06:26
I0004709,U00659,P00332,view,2026-07-31 22:06:26
I0004710,U00355,P00349,cart,2026-07-21 22:06:26
I0004711,U00534,P00384,cart,2026-06-20 22:06:26
I0004712,U00590,P00191,view,2026-07-03 22:06:26
I0004713,U00015,P00376,click,2026-07-09 22:06:26
I0004714,U00509,P00491,click,2026-06-13 22:06:26
I0004715,U00595,P00420,view,2026-07-21 22:06:26
I0004716,U00879,P00026,view,2026-06-20 22:06:26
I0004717,U00765,P00061,view,2026-08-18 22:06:26
I0004718,U00988,P00102,view,2026-07-15 22:06:26
I0004719,U00325,P00168,click,2026-06-10 22:06:26
I0004720,U00403,P00004,cart,2026-06-01 22:06:26
I0004721,U00326,P00243,view,2026-06-02 22:06:26
I0004722,U00262,P00098,view,2026-07-04 22:06:26
I0004723,U00535,P00362,click,2026-08-06 22:06:26
I0004724,U00092,P00477,wishlist,2026-05-28 22:06:26
I0004725,U00134,P00400,click,2026-07-31 22:06:26
I0004726,U00587,P00358,purchase,2026-07-29 22:06:26
I0004727,U00717,P00457,view,2026-07-05 22:06:26
I0004728,U00545,P00268,view,2026-07-26 22:06:26
I0004729,U00022,P00222,view,2026-07-20 22:06:26
I0004730,U00914,P00123,cart,2026-06-27 22:06:26
I0004731,U00154,P00011,cart,2026-05-23 22:06:26
I0004732,U00518,P00131,click,2026-06-19 22:06:26
I0004733,U00525,P00234,view,2026-06-25 22:06:26
I0004734,U00286,P00132,view,2026-06-12 22:06:26
I0004735,U00514,P00453,click,2026-06-30 22:06:26
I0004736,U00351,P00149,purchase,2026-06-19 22:06:26
I0004737,U00253,P00450,view,2026-06-21 22:06:26
I0004738,U00877,P00056,view,2026-06-03 22:06:26
I0004739,U00508,P00326,view,2026-06-28 22:06:26
I0004740,U00122,P00227,click,2026-07-31 22:06:26
I0004741,U00681,P00371,click,2026-05-25 22:06:26
I0004742,U00547,P00262,wishlist,2026-07-15 22:06:26
I0004743,U00214,P00053,click,2026-08-13 22:06:26
I0004744,U00182,P00037,view,2026-07-24 22:06:26
I0004745,U00505,P00207,view,2026-07-03 22:06:26
I0004746,U00348,P00364,view,2026-06-08 22:06:26
I0004747,U00565,P00155,purchase,2026-05-26 22:06:26
I0004748,U00395,P00091,view,2026-07-07 22:06:26
I0004749,U00552,P00397,click,2026-07-27 22:06:26
I0004750,U00688,P00450,wishlist,2026-06-22 22:06:26
I0004751,U00395,P00291,view,2026-06-26 22:06:26
I0004752,U00191,P00331,view,2026-08-09 22:06:26
I0004753,U00780,P00340,click,2026-06-02 22:06:26
I0004754,U00608,P00297,click,2026-06-19 22:06:26
I0004755,U00328,P00288,view,2026-07-13 22:06:26
I0004756,U00404,P00036,wishlist,2026-06-16 22:06:26
I0004757,U00391,P00424,purchase,2026-07-21 22:06:26
I0004758,U00272,P00454,wishlist,2026-06-24 22:06:26
I0004759,U00501,P00087,click,2026-05-23 22:06:26
I0004760,U00546,P00212,wishlist,2026-07-16 22:06:26
I0004761,U00741,P00336,view,2026-06-21 22:06:26
I0004762,U00319,P00075,click,2026-05-23 22:06:26
I0004763,U00083,P00264,view,2026-06-25 22:06:26
I0004764,U00394,P00247,view,2026-06-25 22:06:26
I0004765,U00821,P00383,view,2026-06-06 22:06:26
I0004766,U00509,P00390,view,2026-06-05 22:06:26
I0004767,U00606,P00317,click,2026-07-28 22:06:26
I0004768,U00202,P00051,click,2026-08-16 22:06:26
I0004769,U00311,P00436,click,2026-06-07 22:06:26
I0004770,U00902,P00399,view,2026-06-08 22:06:26
I0004771,U00690,P00026,view,2026-06-20 22:06:26
I0004772,U00882,P00332,view,2026-06-19 22:06:26
I0004773,U00956,P00011,cart,2026-07-03 22:06:26
I0004774,U00492,P00127,click,2026-07-21 22:06:26
I0004775,U00631,P00455,purchase,2026-05-20 22:06:26
I0004776,U00673,P00300,cart,2026-08-05 22:06:26
I0004777,U00832,P00290,view,2026-06-30 22:06:26
I0004778,U00979,P00053,view,2026-07-12 22:06:26
I0004779,U00775,P00413,click,2026-07-26 22:06:26
I0004780,U00781,P00232,view,2026-08-09 22:06:26
I0004781,U00526,P00051,cart,2026-07-15 22:06:26
I0004782,U00305,P00171,view,2026-06-24 22:06:26
I0004783,U00669,P00079,click,2026-06-06 22:06:26
I0004784,U00952,P00425,view,2026-06-01 22:06:26
I0004785,U00093,P00176,view,2026-06-21 22:06:26
I0004786,U00959,P00059,view,2026-07-14 22:06:26
I0004787,U00291,P00436,purchase,2026-06-05 22:06:26
I0004788,U00836,P00204,click,2026-08-04 22:06:26
I0004789,U00485,P00101,view,2026-06-29 22:06:26
I0004790,U00206,P00270,view,2026-05-25 22:06:26
I0004791,U00074,P00165,view,2026-08-14 22:06:26
I0004792,U00439,P00190,view,2026-06-05 22:06:26
I0004793,U00876,P00364,wishlist,2026-08-13 22:06:26
I0004794,U00111,P00446,click,2026-06-28 22:06:26
I0004795,U00790,P00024,click,2026-05-21 22:06:26
I0004796,U00524,P00106,view,2026-07-31 22:06:26
I0004797,U00720,P00201,click,2026-05-24 22:06:26
I0004798,U00613,P00076,cart,2026-06-15 22:06:26
I0004799,U00715,P00314,wishlist,2026-08-04 22:06:26
I0004800,U00959,P00014,view,2026-08-11 22:06:26
I0004801,U00367,P00068,view,2026-06-20 22:06:26
I0004802,U00046,P00030,click,2026-06-08 22:06:26
I0004803,U00095,P00041,view,2026-05-23 22:06:26
I0004804,U00923,P00162,click,2026-05-26 22:06:26
I0004805,U00034,P00138,purchase,2026-06-19 22:06:26
I0004806,U00958,P00112,view,2026-07-13 22:06:26
I0004807,U00082,P00229,click,2026-05-30 22:06:26
I0004808,U00624,P00040,view,2026-06-03 22:06:26
I0004809,U00329,P00027,cart,2026-05-27 22:06:26
I0004810,U00544,P00187,cart,2026-05-26 22:06:26
I0004811,U00670,P00136,wishlist,2026-06-10 22:06:26
I0004812,U00315,P00262,view,2026-08-04 22:06:26
I0004813,U00803,P00383,purchase,2026-06-02 22:06:26
I0004814,U00666,P00063,wishlist,2026-07-28 22:06:26
I0004815,U00860,P00384,view,2026-06-04 22:06:26
I0004816,U00864,P00079,purchase,2026-07-29 22:06:26
I0004817,U00217,P00153,view,2026-05-26 22:06:26
I0004818,U00329,P00405,view,2026-06-12 22:06:26
I0004819,U00153,P00260,cart,2026-05-23 22:06:26
I0004820,U00612,P00255,click,2026-05-27 22:06:26
I0004821,U00180,P00029,cart,2026-06-06 22:06:26
I0004822,U00682,P00178,view,2026-06-26 22:06:26
I0004823,U00704,P00290,click,2026-06-19 22:06:26
I0004824,U00139,P00102,view,2026-06-25 22:06:26
I0004825,U00435,P00246,cart,2026-07-22 22:06:26
I0004826,U00371,P00038,cart,2026-06-14 22:06:26
I0004827,U00505,P00062,view,2026-07-22 22:06:26
I0004828,U00791,P00141,wishlist,2026-07-12 22:06:26
I0004829,U00623,P00015,view,2026-08-05 22:06:26
I0004830,U00714,P00403,cart,2026-06-17 22:06:26
I0004831,U00655,P00180,view,2026-06-18 22:06:26
I0004832,U00754,P00360,view,2026-07-14 22:06:26
I0004833,U00201,P00319,click,2026-08-08 22:06:26
I0004834,U00882,P00092,cart,2026-06-08 22:06:26
I0004835,U00267,P00364,cart,2026-06-17 22:06:26
I0004836,U00479,P00181,view,2026-07-08 22:06:26
I0004837,U00140,P00329,wishlist,2026-06-18 22:06:26
I0004838,U00786,P00284,click,2026-08-14 22:06:26
I0004839,U00014,P00120,purchase,2026-07-15 22:06:26
I0004840,U00600,P00354,view,2026-05-25 22:06:26
I0004841,U00815,P00253,click,2026-06-14 22:06:26
I0004842,U00294,P00480,view,2026-07-05 22:06:26
I0004843,U00655,P00268,view,2026-07-28 22:06:26
I0004844,U00018,P00405,click,2026-07-28 22:06:26
I0004845,U00659,P00296,wishlist,2026-07-22 22:06:26
I0004846,U00477,P00314,view,2026-07-16 22:06:26
I0004847,U00706,P00152,view,2026-05-27 22:06:26
I0004848,U00616,P00189,view,2026-07-16 22:06:26
I0004849,U00785,P00065,view,2026-05-24 22:06:26
I0004850,U00771,P00165,click,2026-06-29 22:06:26
I0004851,U00167,P00423,cart,2026-06-20 22:06:26
I0004852,U00753,P00084,view,2026-05-29 22:06:26
I0004853,U00781,P00131,click,2026-07-23 22:06:26
I0004854,U00487,P00154,view,2026-07-30 22:06:26
I0004855,U00305,P00282,view,2026-06-12 22:06:26
I0004856,U00602,P00117,cart,2026-06-28 22:06:26
I0004857,U00042,P00177,view,2026-06-22 22:06:26
I0004858,U00350,P00094,view,2026-07-17 22:06:26
I0004859,U00478,P00424,wishlist,2026-08-06 22:06:26
I0004860,U00432,P00331,click,2026-06-02 22:06:26
I0004861,U00629,P00176,view,2026-06-22 22:06:26
I0004862,U00487,P00452,purchase,2026-07-05 22:06:26
I0004863,U00117,P00041,view,2026-05-30 22:06:26
I0004864,U00267,P00131,cart,2026-07-15 22:06:26
I0004865,U00744,P00310,view,2026-06-17 22:06:26
I0004866,U00488,P00040,click,2026-07-16 22:06:26
I0004867,U00423,P00430,view,2026-05-20 22:06:26
I0004868,U00203,P00229,click,2026-05-27 22:06:26
I0004869,U00738,P00106,cart,2026-07-19 22:06:26
I0004870,U00995,P00041,click,2026-08-14 22:06:26
I0004871,U00567,P00002,click,2026-08-17 22:06:26
I0004872,U00216,P00295,click,2026-08-09 22:06:26
I0004873,U00068,P00306,view,2026-07-09 22:06:26
I0004874,U00702,P00147,view,2026-07-28 22:06:26
I0004875,U00193,P00362,click,2026-06-28 22:06:26
I0004876,U00108,P00496,click,2026-07-06 22:06:26
I0004877,U00498,P00150,wishlist,2026-06-30 22:06:26
I0004878,U00122,P00442,view,2026-07-17 22:06:26
I0004879,U00844,P00195,view,2026-06-16 22:06:26
I0004880,U00070,P00286,purchase,2026-06-26 22:06:26
I0004881,U00519,P00327,click,2026-08-12 22:06:26
I0004882,U00529,P00458,click,2026-06-20 22:06:26
I0004883,U00365,P00208,click,2026-08-16 22:06:26
I0004884,U00430,P00082,view,2026-08-08 22:06:26
I0004885,U00911,P00041,purchase,2026-07-01 22:06:26
I0004886,U00375,P00474,cart,2026-07-02 22:06:26
I0004887,U00910,P00454,cart,2026-06-11 22:06:26
I0004888,U00903,P00302,click,2026-06-22 22:06:26
I0004889,U00994,P00222,view,2026-07-29 22:06:26
I0004890,U00646,P00065,click,2026-05-21 22:06:26
I0004891,U00545,P00187,click,2026-06-22 22:06:26
I0004892,U00081,P00363,click,2026-06-10 22:06:26
I0004893,U00115,P00233,wishlist,2026-07-21 22:06:26
I0004894,U00090,P00482,view,2026-05-26 22:06:26
I0004895,U00274,P00016,click,2026-06-01 22:06:26
I0004896,U00177,P00298,wishlist,2026-08-07 22:06:26
I0004897,U00848,P00031,click,2026-07-05 22:06:26
I0004898,U00550,P00258,click,2026-06-13 22:06:26
I0004899,U00921,P00248,view,2026-05-22 22:06:26
I0004900,U00759,P00082,cart,2026-07-18 22:06:26
I0004901,U00627,P00346,wishlist,2026-06-26 22:06:26
I0004902,U00813,P00246,click,2026-07-02 22:06:26
I0004903,U00195,P00130,view,2026-07-28 22:06:26
I0004904,U00098,P00245,click,2026-06-30 22:06:26
I0004905,U00904,P00104,click,2026-05-30 22:06:26
I0004906,U00086,P00442,wishlist,2026-07-12 22:06:26
I0004907,U00883,P00239,view,2026-07-01 22:06:26
I0004908,U00537,P00409,click,2026-06-21 22:06:26
I0004909,U00166,P00197,click,2026-07-14 22:06:26
I0004910,U00635,P00322,click,2026-06-22 22:06:26
I0004911,U00624,P00389,purchase,2026-07-06 22:06:26
I0004912,U00877,P00076,click,2026-06-20 22:06:26
I0004913,U00093,P00354,click,2026-07-25 22:06:26
I0004914,U00704,P00278,click,2026-06-02 22:06:26
I0004915,U00668,P00020,view,2026-08-05 22:06:26
I0004916,U00882,P00333,view,2026-06-12 22:06:26
I0004917,U00619,P00472,view,2026-07-10 22:06:26
I0004918,U00464,P00133,click,2026-08-16 22:06:26
I0004919,U00674,P00240,view,2026-05-21 22:06:26
I0004920,U00191,P00253,view,2026-06-06 22:06:26
I0004921,U00028,P00457,view,2026-05-27 22:06:26
I0004922,U00322,P00050,click,2026-06-06 22:06:26
I0004923,U00547,P00111,view,2026-07-09 22:06:26
I0004924,U00208,P00320,cart,2026-05-22 22:06:26
I0004925,U00393,P00398,click,2026-07-28 22:06:26
I0004926,U00571,P00193,click,2026-06-01 22:06:26
I0004927,U00048,P00458,view,2026-08-07 22:06:26
I0004928,U00296,P00347,click,2026-08-14 22:06:26
I0004929,U00346,P00175,view,2026-06-20 22:06:26
I0004930,U00268,P00078,click,2026-07-03 22:06:26
I0004931,U00435,P00120,purchase,2026-06-18 22:06:26
I0004932,U00644,P00004,view,2026-07-01 22:06:26
I0004933,U00278,P00346,view,2026-08-03 22:06:26
I0004934,U00320,P00261,click,2026-05-22 22:06:26
I0004935,U00122,P00217,click,2026-07-31 22:06:26
I0004936,U00507,P00251,click,2026-06-15 22:06:26
I0004937,U00610,P00084,click,2026-07-27 22:06:26
I0004938,U00706,P00109,view,2026-06-21 22:06:26
I0004939,U00556,P00007,cart,2026-06-27 22:06:26
I0004940,U00421,P00315,purchase,2026-08-11 22:06:26
I0004941,U00737,P00351,wishlist,2026-07-06 22:06:26
I0004942,U00030,P00055,view,2026-06-08 22:06:26
I0004943,U00923,P00206,view,2026-07-07 22:06:26
I0004944,U00807,P00401,cart,2026-08-06 22:06:26
I0004945,U00139,P00032,view,2026-07-28 22:06:26
I0004946,U00475,P00049,purchase,2026-07-11 22:06:26
I0004947,U00306,P00138,cart,2026-08-17 22:06:26
I0004948,U00066,P00261,view,2026-08-07 22:06:26
I0004949,U00887,P00425,view,2026-05-29 22:06:26
I0004950,U00837,P00451,view,2026-06-03 22:06:26
I0004951,U00004,P00448,view,2026-05-22 22:06:26
I0004952,U00951,P00003,click,2026-08-08 22:06:26
I0004953,U00289,P00129,purchase,2026-05-20 22:06:26
I0004954,U00505,P00373,click,2026-06-06 22:06:26
I0004955,U00144,P00227,wishlist,2026-06-04 22:06:26
I0004956,U00635,P00276,view,2026-08-17 22:06:26
I0004957,U00062,P00492,cart,2026-06-16 22:06:26
I0004958,U00709,P00222,view,2026-05-20 22:06:26
I0004959,U00846,P00231,wishlist,2026-06-27 22:06:26
I0004960,U00001,P00167,click,2026-06-19 22:06:26
I0004961,U00284,P00339,view,2026-08-05 22:06:26
I0004962,U00075,P00327,cart,2026-07-22 22:06:26
I0004963,U00535,P00143,view,2026-07-07 22:06:26
I0004964,U00009,P00268,cart,2026-07-16 22:06:26
I0004965,U00602,P00125,view,2026-06-15 22:06:26
I0004966,U00863,P00290,purchase,2026-06-19 22:06:26
I0004967,U00468,P00084,view,2026-07-13 22:06:26
I0004968,U00227,P00200,click,2026-07-10 22:06:26
I0004969,U00039,P00180,click,2026-06-24 22:06:26
I0004970,U00420,P00035,view,2026-07-10 22:06:26
I0004971,U00680,P00114,cart,2026-08-01 22:06:26
I0004972,U00577,P00260,cart,2026-07-05 22:06:26
I0004973,U00620,P00436,click,2026-05-22 22:06:26
I0004974,U00883,P00041,view,2026-08-10 22:06:26
I0004975,U00779,P00424,view,2026-07-10 22:06:26
I0004976,U00077,P00129,wishlist,2026-07-15 22:06:26
I0004977,U00480,P00079,view,2026-07-29 22:06:26
I0004978,U00645,P00064,view,2026-07-30 22:06:26
I0004979,U00535,P00089,click,2026-06-21 22:06:26
I0004980,U00957,P00456,view,2026-07-01 22:06:26
I0004981,U00508,P00130,view,2026-07-11 22:06:26
I0004982,U00716,P00127,click,2026-08-09 22:06:26
I0004983,U00217,P00227,click,2026-06-09 22:06:26
I0004984,U00607,P00120,view,2026-07-11 22:06:26
I0004985,U00574,P00078,click,2026-06-28 22:06:26
I0004986,U00736,P00296,purchase,2026-07-18 22:06:26
I0004987,U00980,P00400,view,2026-07-14 22:06:26
I0004988,U00166,P00256,click,2026-07-09 22:06:26
I0004989,U00569,P00096,click,2026-08-06 22:06:26
I0004990,U00127,P00379,click,2026-06-08 22:06:26
I0004991,U00333,P00258,view,2026-05-29 22:06:26
I0004992,U00215,P00177,view,2026-06-25 22:06:26
I0004993,U00925,P00382,view,2026-07-01 22:06:26
I0004994,U00257,P00112,view,2026-06-28 22:06:26
I0004995,U00173,P00456,wishlist,2026-07-31 22:06:26
I0004996,U00417,P00039,view,2026-05-23 22:06:26
I0004997,U00918,P00185,click,2026-06-23 22:06:26
I0004998,U00689,P00367,wishlist,2026-06-30 22:06:26
I0004999,U00807,P00312,wishlist,2026-06-14 22:06:26
I0005000,U00547,P00261,click,2026-06-14 22:06:26
I0005001,U00549,P00490,view,2026-08-02 22:06:26
I0005002,U00864,P00314,view,2026-07-21 22:06:26
I0005003,U00595,P00081,click,2026-05-26 22:06:26
I0005004,U00779,P00354,view,2026-08-10 22:06:26
I0005005,U00705,P00446,click,2026-08-12 22:06:26
I0005006,U00886,P00500,view,2026-08-11 22:06:26
I0005007,U00642,P00486,view,2026-07-23 22:06:26
I0005008,U00197,P00001,view,2026-07-28 22:06:26
I0005009,U00122,P00216,purchase,2026-06-12 22:06:26
I0005010,U00082,P00016,click,2026-06-04 22:06:26
I0005011,U00045,P00069,view,2026-07-15 22:06:26
I0005012,U00650,P00488,purchase,2026-05-28 22:06:26
I0005013,U00492,P00111,purchase,2026-07-18 22:06:26
I0005014,U00401,P00154,view,2026-06-22 22:06:26
I0005015,U00174,P00169,wishlist,2026-06-29 22:06:26
I0005016,U00019,P00460,view,2026-07-27 22:06:26
I0005017,U00974,P00164,purchase,2026-07-07 22:06:26
I0005018,U00280,P00344,view,2026-07-29 22:06:26
I0005019,U00866,P00037,click,2026-08-15 22:06:26
I0005020,U00266,P00342,view,2026-07-17 22:06:26
I0005021,U00841,P00496,view,2026-07-07 22:06:26
I0005022,U00809,P00174,click,2026-08-01 22:06:26
I0005023,U00840,P00153,view,2026-06-03 22:06:26
I0005024,U00492,P00206,view,2026-07-08 22:06:26
I0005025,U00924,P00329,cart,2026-05-24 22:06:26
I0005026,U00969,P00421,wishlist,2026-07-30 22:06:26
I0005027,U00481,P00344,click,2026-06-24 22:06:26
I0005028,U00850,P00440,view,2026-06-03 22:06:26
I0005029,U00176,P00057,view,2026-05-27 22:06:26
I0005030,U00714,P00245,click,2026-07-11 22:06:26
I0005031,U00136,P00219,view,2026-06-13 22:06:26
I0005032,U00417,P00032,click,2026-06-14 22:06:26
I0005033,U00802,P00005,view,2026-06-17 22:06:26
I0005034,U00461,P00071,wishlist,2026-07-12 22:06:26
I0005035,U00722,P00176,click,2026-05-26 22:06:26
I0005036,U00710,P00124,wishlist,2026-07-15 22:06:26
I0005037,U00011,P00367,view,2026-08-15 22:06:26
I0005038,U00554,P00474,view,2026-06-02 22:06:26
I0005039,U00551,P00046,cart,2026-07-03 22:06:26
I0005040,U00477,P00413,view,2026-08-17 22:06:26
I0005041,U00870,P00056,view,2026-07-04 22:06:26
I0005042,U00639,P00007,view,2026-07-04 22:06:26
I0005043,U00911,P00021,click,2026-07-06 22:06:26
I0005044,U00493,P00149,view,2026-06-29 22:06:26
I0005045,U00220,P00186,view,2026-07-06 22:06:26
I0005046,U00165,P00067,view,2026-06-02 22:06:26
I0005047,U00371,P00104,view,2026-08-16 22:06:26
I0005048,U00612,P00344,click,2026-07-09 22:06:26
I0005049,U00072,P00482,wishlist,2026-07-15 22:06:26
I0005050,U00962,P00290,view,2026-05-28 22:06:26
I0005051,U00131,P00201,view,2026-08-15 22:06:26
I0005052,U00961,P00362,click,2026-08-17 22:06:26
I0005053,U00242,P00114,click,2026-06-14 22:06:26
I0005054,U00814,P00107,click,2026-08-01 22:06:26
I0005055,U00687,P00249,view,2026-08-16 22:06:26
I0005056,U00424,P00485,view,2026-08-17 22:06:26
I0005057,U00018,P00311,view,2026-06-22 22:06:26
I0005058,U00819,P00221,view,2026-07-11 22:06:26
I0005059,U00922,P00017,click,2026-08-03 22:06:26
I0005060,U00545,P00087,view,2026-07-09 22:06:26
I0005061,U00878,P00176,view,2026-07-09 22:06:26
I0005062,U00147,P00076,click,2026-06-30 22:06:26
I0005063,U00835,P00194,view,2026-07-02 22:06:26
I0005064,U00300,P00031,view,2026-07-05 22:06:26
I0005065,U00852,P00394,view,2026-07-07 22:06:26
I0005066,U00087,P00063,view,2026-07-27 22:06:26
I0005067,U00079,P00012,click,2026-06-23 22:06:26
I0005068,U00244,P00493,view,2026-05-28 22:06:26
I0005069,U00991,P00147,view,2026-08-11 22:06:26
I0005070,U00531,P00196,cart,2026-07-30 22:06:26
I0005071,U00464,P00055,view,2026-05-21 22:06:26
I0005072,U00489,P00138,click,2026-07-24 22:06:26
I0005073,U00343,P00474,click,2026-06-01 22:06:26
I0005074,U00196,P00194,view,2026-08-01 22:06:26
I0005075,U00914,P00457,view,2026-07-15 22:06:26
I0005076,U00878,P00485,view,2026-06-18 22:06:26
I0005077,U00521,P00434,wishlist,2026-07-27 22:06:26
I0005078,U00548,P00377,view,2026-06-04 22:06:26
I0005079,U00430,P00333,click,2026-06-18 22:06:26
I0005080,U00642,P00164,click,2026-08-06 22:06:26
I0005081,U00876,P00324,view,2026-06-28 22:06:26
I0005082,U00325,P00146,view,2026-07-26 22:06:26
I0005083,U00434,P00359,click,2026-05-22 22:06:26
I0005084,U00639,P00057,view,2026-08-06 22:06:26
I0005085,U00724,P00127,view,2026-06-09 22:06:26
I0005086,U00652,P00268,click,2026-07-31 22:06:26
I0005087,U00260,P00186,click,2026-07-10 22:06:26
I0005088,U00502,P00213,click,2026-07-07 22:06:26
I0005089,U00762,P00080,view,2026-05-31 22:06:26
I0005090,U00807,P00378,view,2026-06-15 22:06:26
I0005091,U00014,P00364,click,2026-05-21 22:06:26
I0005092,U00919,P00043,click,2026-05-21 22:06:26
I0005093,U00889,P00161,view,2026-07-17 22:06:26
I0005094,U00572,P00091,wishlist,2026-08-10 22:06:26
I0005095,U00854,P00326,view,2026-08-10 22:06:26
I0005096,U00727,P00096,view,2026-05-30 22:06:26
I0005097,U00810,P00388,purchase,2026-06-24 22:06:26
I0005098,U00199,P00028,view,2026-05-31 22:06:26
I0005099,U00808,P00349,view,2026-06-09 22:06:26
I0005100,U00643,P00494,view,2026-05-23 22:06:26
I0005101,U00862,P00020,click,2026-08-05 22:06:26
I0005102,U00817,P00279,click,2026-05-26 22:06:26
I0005103,U00949,P00137,click,2026-08-06 22:06:26
I0005104,U00836,P00135,wishlist,2026-08-16 22:06:26
I0005105,U00172,P00391,view,2026-07-07 22:06:26
I0005106,U00450,P00067,view,2026-08-14 22:06:26
I0005107,U00468,P00275,view,2026-07-09 22:06:26
I0005108,U00747,P00390,purchase,2026-07-09 22:06:26
I0005109,U00350,P00277,wishlist,2026-05-20 22:06:26
I0005110,U00989,P00237,wishlist,2026-08-03 22:06:26
I0005111,U00994,P00075,click,2026-07-19 22:06:26
I0005112,U00951,P00073,view,2026-08-17 22:06:26
I0005113,U00223,P00404,view,2026-07-15 22:06:26
I0005114,U00287,P00028,click,2026-07-05 22:06:26
I0005115,U00250,P00245,click,2026-07-13 22:06:26
I0005116,U00117,P00080,view,2026-06-08 22:06:26
I0005117,U00295,P00466,view,2026-07-14 22:06:26
I0005118,U00159,P00136,click,2026-06-13 22:06:26
I0005119,U00861,P00143,purchase,2026-06-29 22:06:26
I0005120,U00469,P00065,view,2026-08-07 22:06:26
I0005121,U00852,P00077,view,2026-07-13 22:06:26
I0005122,U00548,P00238,view,2026-07-30 22:06:26
I0005123,U00980,P00053,view,2026-05-25 22:06:26
I0005124,U00495,P00287,click,2026-05-30 22:06:26
I0005125,U00921,P00347,cart,2026-07-14 22:06:26
I0005126,U00271,P00302,click,2026-08-09 22:06:26
I0005127,U00251,P00212,click,2026-06-21 22:06:26
I0005128,U00620,P00148,purchase,2026-06-03 22:06:26
I0005129,U00348,P00040,cart,2026-05-26 22:06:26
I0005130,U00591,P00319,click,2026-07-31 22:06:26
I0005131,U00809,P00251,click,2026-06-30 22:06:26
I0005132,U00176,P00011,wishlist,2026-06-22 22:06:26
I0005133,U00136,P00084,view,2026-06-24 22:06:26
I0005134,U00744,P00078,view,2026-07-26 22:06:26
I0005135,U00112,P00037,click,2026-06-11 22:06:26
I0005136,U00437,P00165,view,2026-06-28 22:06:26
I0005137,U00407,P00384,view,2026-08-01 22:06:26
I0005138,U00921,P00412,wishlist,2026-08-02 22:06:26
I0005139,U00544,P00269,click,2026-07-07 22:06:26
I0005140,U00346,P00290,wishlist,2026-07-29 22:06:26
I0005141,U00369,P00073,view,2026-06-19 22:06:26
I0005142,U00466,P00410,view,2026-06-20 22:06:26
I0005143,U00759,P00286,purchase,2026-07-19 22:06:26
I0005144,U00443,P00184,view,2026-07-14 22:06:26
I0005145,U00288,P00260,view,2026-07-10 22:06:26
I0005146,U00237,P00479,view,2026-05-21 22:06:26
I0005147,U00955,P00410,view,2026-06-03 22:06:26
I0005148,U00090,P00180,click,2026-06-15 22:06:26
I0005149,U00972,P00142,view,2026-08-09 22:06:26
I0005150,U00640,P00492,view,2026-06-26 22:06:26
I0005151,U00665,P00290,click,2026-06-29 22:06:26
I0005152,U00932,P00062,view,2026-08-08 22:06:26
I0005153,U00606,P00443,purchase,2026-05-22 22:06:26
I0005154,U00927,P00018,view,2026-05-31 22:06:26
I0005155,U00794,P00448,view,2026-05-21 22:06:26
I0005156,U00415,P00093,view,2026-06-11 22:06:26
I0005157,U00201,P00141,view,2026-07-26 22:06:26
I0005158,U00865,P00065,click,2026-05-21 22:06:26
I0005159,U00632,P00397,click,2026-06-25 22:06:26
I0005160,U00610,P00367,view,2026-07-24 22:06:26
I0005161,U00979,P00188,click,2026-06-18 22:06:26
I0005162,U00822,P00306,click,2026-07-07 22:06:26
I0005163,U00173,P00371,view,2026-06-14 22:06:26
I0005164,U00177,P00142,wishlist,2026-05-28 22:06:26
I0005165,U00773,P00302,cart,2026-07-07 22:06:26
I0005166,U00443,P00214,view,2026-05-20 22:06:26
I0005167,U00023,P00289,purchase,2026-07-22 22:06:26
I0005168,U00153,P00457,click,2026-05-29 22:06:26
I0005169,U00321,P00218,view,2026-06-21 22:06:26
I0005170,U00618,P00441,view,2026-07-28 22:06:26
I0005171,U00113,P00250,click,2026-05-20 22:06:26
I0005172,U00553,P00144,view,2026-05-25 22:06:26
I0005173,U00775,P00297,view,2026-08-13 22:06:26
I0005174,U00974,P00181,click,2026-06-21 22:06:26
I0005175,U00639,P00374,view,2026-08-17 22:06:26
I0005176,U00872,P00399,view,2026-07-19 22:06:26
I0005177,U00043,P00314,view,2026-08-05 22:06:26
I0005178,U00810,P00467,view,2026-05-28 22:06:26
I0005179,U00206,P00110,view,2026-08-11 22:06:26
I0005180,U00056,P00258,view,2026-08-06 22:06:26
I0005181,U00349,P00012,wishlist,2026-07-26 22:06:26
I0005182,U00528,P00391,click,2026-06-30 22:06:26
I0005183,U00970,P00486,purchase,2026-06-28 22:06:26
I0005184,U00405,P00489,view,2026-07-16 22:06:26
I0005185,U00450,P00083,wishlist,2026-07-12 22:06:26
I0005186,U00863,P00135,click,2026-08-16 22:06:26
I0005187,U00251,P00185,wishlist,2026-07-17 22:06:26
I0005188,U00084,P00038,cart,2026-06-28 22:06:26
I0005189,U00148,P00447,view,2026-07-12 22:06:26
I0005190,U00789,P00225,click,2026-06-04 22:06:26
I0005191,U00879,P00048,purchase,2026-08-08 22:06:26
I0005192,U00894,P00144,click,2026-08-15 22:06:26
I0005193,U00991,P00109,wishlist,2026-08-07 22:06:26
I0005194,U00128,P00205,view,2026-05-30 22:06:26
I0005195,U00740,P00486,view,2026-08-05 22:06:26
I0005196,U00383,P00289,click,2026-06-25 22:06:26
I0005197,U00378,P00395,view,2026-08-01 22:06:26
I0005198,U00940,P00140,view,2026-06-09 22:06:26
I0005199,U00406,P00405,click,2026-07-06 22:06:26
I0005200,U00045,P00429,view,2026-07-09 22:06:26
I0005201,U00431,P00206,purchase,2026-08-14 22:06:26
I0005202,U00568,P00172,wishlist,2026-07-28 22:06:26
I0005203,U00983,P00337,wishlist,2026-07-21 22:06:26
I0005204,U00669,P00392,cart,2026-06-19 22:06:26
I0005205,U00242,P00076,cart,2026-05-30 22:06:26
I0005206,U00820,P00048,view,2026-07-11 22:06:26
I0005207,U00861,P00336,view,2026-08-18 22:06:26
I0005208,U00376,P00452,view,2026-06-21 22:06:26
I0005209,U00037,P00125,view,2026-06-03 22:06:26
I0005210,U00557,P00478,purchase,2026-06-28 22:06:26
I0005211,U00314,P00234,click,2026-07-25 22:06:26
I0005212,U00065,P00067,cart,2026-06-12 22:06:26
I0005213,U00121,P00434,view,2026-06-23 22:06:26
I0005214,U00887,P00131,view,2026-07-01 22:06:26
I0005215,U00513,P00283,view,2026-06-30 22:06:26
I0005216,U00855,P00237,view,2026-06-28 22:06:26
I0005217,U00089,P00500,wishlist,2026-06-20 22:06:26
I0005218,U00974,P00328,view,2026-06-12 22:06:26
I0005219,U00215,P00184,view,2026-06-01 22:06:26
I0005220,U00680,P00020,view,2026-06-13 22:06:26
I0005221,U00146,P00150,view,2026-06-02 22:06:26
I0005222,U00903,P00058,view,2026-07-22 22:06:26
I0005223,U00263,P00110,wishlist,2026-06-15 22:06:26
I0005224,U00109,P00453,wishlist,2026-06-26 22:06:26
I0005225,U00745,P00119,purchase,2026-06-13 22:06:26
I0005226,U00545,P00070,view,2026-05-29 22:06:26
I0005227,U00769,P00012,view,2026-07-12 22:06:26
I0005228,U00465,P00388,click,2026-05-20 22:06:26
I0005229,U00205,P00232,view,2026-07-11 22:06:26
I0005230,U00078,P00447,view,2026-08-14 22:06:26
I0005231,U00276,P00474,click,2026-06-18 22:06:26
I0005232,U00315,P00001,view,2026-07-02 22:06:26
I0005233,U00264,P00241,cart,2026-06-02 22:06:26
I0005234,U00235,P00428,view,2026-06-19 22:06:26
I0005235,U00588,P00404,click,2026-05-30 22:06:26
I0005236,U00811,P00020,click,2026-07-14 22:06:26
I0005237,U00107,P00239,click,2026-06-25 22:06:26
I0005238,U00885,P00180,view,2026-07-18 22:06:26
I0005239,U00406,P00007,purchase,2026-07-11 22:06:26
I0005240,U00729,P00234,wishlist,2026-07-29 22:06:26
I0005241,U00546,P00381,view,2026-08-05 22:06:26
I0005242,U00746,P00348,view,2026-08-06 22:06:26
I0005243,U00526,P00300,click,2026-07-12 22:06:26
I0005244,U00488,P00135,purchase,2026-06-03 22:06:26
I0005245,U00576,P00038,click,2026-05-28 22:06:26
I0005246,U00279,P00072,wishlist,2026-06-18 22:06:26
I0005247,U00509,P00423,click,2026-07-15 22:06:26
I0005248,U00311,P00176,view,2026-08-09 22:06:26
I0005249,U00203,P00393,cart,2026-07-20 22:06:26
I0005250,U00488,P00366,click,2026-07-28 22:06:26
I0005251,U00470,P00085,view,2026-07-03 22:06:26
I0005252,U00123,P00179,view,2026-07-21 22:06:26
I0005253,U00331,P00194,click,2026-06-29 22:06:26
I0005254,U00158,P00129,cart,2026-07-26 22:06:26
I0005255,U00123,P00348,cart,2026-08-11 22:06:26
I0005256,U00899,P00111,click,2026-07-28 22:06:26
I0005257,U00920,P00382,wishlist,2026-07-31 22:06:26
I0005258,U00264,P00253,view,2026-08-01 22:06:26
I0005259,U00636,P00457,view,2026-07-19 22:06:26
I0005260,U00427,P00217,view,2026-07-12 22:06:26
I0005261,U00223,P00393,view,2026-06-17 22:06:26
I0005262,U00011,P00003,view,2026-05-25 22:06:26
I0005263,U00087,P00477,view,2026-08-16 22:06:26
I0005264,U00768,P00073,view,2026-06-19 22:06:26
I0005265,U00819,P00096,wishlist,2026-08-17 22:06:26
I0005266,U00526,P00275,view,2026-05-20 22:06:26
I0005267,U00855,P00318,view,2026-07-15 22:06:26
I0005268,U00826,P00126,click,2026-07-22 22:06:26
I0005269,U00272,P00194,view,2026-08-10 22:06:26
I0005270,U00108,P00481,view,2026-08-04 22:06:26
I0005271,U00567,P00367,view,2026-08-03 22:06:26
I0005272,U00161,P00377,view,2026-07-24 22:06:26
I0005273,U00632,P00238,view,2026-07-14 22:06:26
I0005274,U00415,P00209,view,2026-08-03 22:06:26
I0005275,U00539,P00311,view,2026-05-28 22:06:26
I0005276,U00634,P00468,view,2026-07-20 22:06:26
I0005277,U00489,P00462,click,2026-06-14 22:06:26
I0005278,U00613,P00160,cart,2026-08-14 22:06:26
I0005279,U00927,P00200,click,2026-07-10 22:06:26
I0005280,U00943,P00488,view,2026-06-16 22:06:26
I0005281,U00078,P00483,view,2026-06-30 22:06:26
I0005282,U00389,P00071,view,2026-07-07 22:06:26
I0005283,U00604,P00486,click,2026-08-15 22:06:26
I0005284,U00616,P00407,click,2026-07-19 22:06:26
I0005285,U00469,P00232,purchase,2026-08-04 22:06:26
I0005286,U00170,P00172,click,2026-07-26 22:06:26
I0005287,U00577,P00027,cart,2026-07-09 22:06:26
I0005288,U00796,P00101,click,2026-08-07 22:06:26
I0005289,U00057,P00106,view,2026-06-28 22:06:26
I0005290,U00884,P00026,cart,2026-06-04 22:06:26
I0005291,U00337,P00264,view,2026-08-15 22:06:26
I0005292,U00388,P00319,view,2026-05-28 22:06:26
I0005293,U00613,P00325,view,2026-07-24 22:06:26
I0005294,U00704,P00433,view,2026-07-03 22:06:26
I0005295,U00019,P00140,view,2026-05-20 22:06:26
I0005296,U00447,P00263,view,2026-07-04 22:06:26
I0005297,U00462,P00141,view,2026-08-05 22:06:26
I0005298,U00857,P00039,view,2026-08-12 22:06:26
I0005299,U00618,P00084,view,2026-05-23 22:06:26
I0005300,U00186,P00282,purchase,2026-07-29 22:06:26
I0005301,U00434,P00286,view,2026-05-30 22:06:26
I0005302,U00681,P00304,view,2026-07-03 22:06:26
I0005303,U00345,P00407,view,2026-08-16 22:06:26
I0005304,U00279,P00446,click,2026-06-24 22:06:26
I0005305,U00044,P00001,wishlist,2026-06-25 22:06:26
I0005306,U00381,P00233,click,2026-08-07 22:06:26
I0005307,U00748,P00161,purchase,2026-05-31 22:06:26
I0005308,U00205,P00369,click,2026-08-11 22:06:26
I0005309,U00727,P00108,purchase,2026-06-09 22:06:26
I0005310,U00887,P00140,purchase,2026-07-06 22:06:26
I0005311,U00585,P00039,view,2026-07-15 22:06:26
I0005312,U00107,P00410,view,2026-05-30 22:06:26
I0005313,U00487,P00420,wishlist,2026-06-26 22:06:26
I0005314,U00409,P00407,view,2026-05-30 22:06:26
I0005315,U00438,P00020,view,2026-07-20 22:06:26
I0005316,U00908,P00184,view,2026-05-20 22:06:26
I0005317,U00229,P00114,click,2026-08-16 22:06:26
I0005318,U00431,P00036,wishlist,2026-08-14 22:06:26
I0005319,U00498,P00166,view,2026-07-24 22:06:26
I0005320,U00085,P00377,cart,2026-08-09 22:06:26
I0005321,U00838,P00371,cart,2026-08-10 22:06:26
I0005322,U00784,P00160,click,2026-06-24 22:06:26
I0005323,U00684,P00336,view,2026-08-03 22:06:26
I0005324,U00878,P00457,view,2026-08-06 22:06:26
I0005325,U00361,P00320,view,2026-05-30 22:06:26
I0005326,U00581,P00487,view,2026-08-01 22:06:26
I0005327,U00215,P00120,view,2026-06-11 22:06:26
I0005328,U00620,P00446,purchase,2026-07-31 22:06:26
I0005329,U00884,P00416,click,2026-06-16 22:06:26
I0005330,U00483,P00074,view,2026-08-07 22:06:26
I0005331,U00454,P00446,purchase,2026-07-04 22:06:26
I0005332,U00544,P00312,click,2026-05-30 22:06:26
I0005333,U00258,P00277,click,2026-06-26 22:06:26
I0005334,U00362,P00333,view,2026-08-13 22:06:26
I0005335,U00084,P00449,click,2026-07-09 22:06:26
I0005336,U00977,P00434,wishlist,2026-05-25 22:06:26
I0005337,U00627,P00251,click,2026-06-26 22:06:26
I0005338,U00807,P00421,click,2026-07-06 22:06:26
I0005339,U00285,P00013,cart,2026-07-11 22:06:26
I0005340,U00767,P00175,view,2026-07-18 22:06:26
I0005341,U00245,P00098,view,2026-06-18 22:06:26
I0005342,U00763,P00338,click,2026-08-07 22:06:26
I0005343,U00919,P00050,view,2026-07-26 22:06:26
I0005344,U00903,P00269,wishlist,2026-07-23 22:06:26
I0005345,U00899,P00122,click,2026-05-24 22:06:26
I0005346,U00267,P00096,cart,2026-07-27 22:06:26
I0005347,U00925,P00193,wishlist,2026-08-09 22:06:26
I0005348,U00438,P00440,view,2026-06-24 22:06:26
I0005349,U00542,P00339,cart,2026-07-06 22:06:26
I0005350,U00846,P00218,cart,2026-06-29 22:06:26
I0005351,U00024,P00262,cart,2026-08-09 22:06:26
I0005352,U00261,P00157,view,2026-06-27 22:06:26
I0005353,U00928,P00446,view,2026-05-25 22:06:26
I0005354,U00951,P00001,cart,2026-06-17 22:06:26
I0005355,U00673,P00139,view,2026-07-19 22:06:26
I0005356,U00633,P00494,view,2026-08-05 22:06:26
I0005357,U00652,P00480,view,2026-06-16 22:06:26
I0005358,U00138,P00065,wishlist,2026-06-30 22:06:26
I0005359,U00761,P00056,click,2026-07-12 22:06:26
I0005360,U00547,P00476,view,2026-07-07 22:06:26
I0005361,U00583,P00189,view,2026-05-29 22:06:26
I0005362,U00860,P00493,cart,2026-07-17 22:06:26
I0005363,U00065,P00151,view,2026-07-04 22:06:26
I0005364,U00151,P00176,cart,2026-07-15 22:06:26
I0005365,U00142,P00481,view,2026-07-12 22:06:26
I0005366,U00910,P00320,view,2026-06-23 22:06:26
I0005367,U00174,P00039,cart,2026-08-05 22:06:26
I0005368,U00369,P00061,click,2026-06-02 22:06:26
I0005369,U00167,P00494,wishlist,2026-05-20 22:06:26
I0005370,U00164,P00371,view,2026-08-14 22:06:26
I0005371,U00691,P00360,click,2026-08-06 22:06:26
I0005372,U00800,P00242,view,2026-06-20 22:06:26
I0005373,U00516,P00050,wishlist,2026-06-15 22:06:26
I0005374,U00601,P00414,wishlist,2026-07-21 22:06:26
I0005375,U00271,P00175,view,2026-07-31 22:06:26
I0005376,U00358,P00186,click,2026-06-02 22:06:26
I0005377,U00490,P00196,view,2026-07-31 22:06:26
I0005378,U00819,P00367,wishlist,2026-06-29 22:06:26
I0005379,U00765,P00181,click,2026-06-08 22:06:26
I0005380,U00813,P00395,cart,2026-07-17 22:06:26
I0005381,U00557,P00151,view,2026-07-03 22:06:26
I0005382,U00886,P00248,view,2026-07-02 22:06:26
I0005383,U00493,P00049,cart,2026-08-13 22:06:26
I0005384,U00740,P00009,cart,2026-06-20 22:06:26
I0005385,U00048,P00096,click,2026-06-23 22:06:26
I0005386,U00047,P00322,view,2026-06-05 22:06:26
I0005387,U00975,P00371,cart,2026-06-21 22:06:26
I0005388,U00365,P00480,click,2026-06-06 22:06:26
I0005389,U00961,P00450,cart,2026-07-14 22:06:26
I0005390,U00821,P00354,view,2026-07-30 22:06:26
I0005391,U00046,P00365,wishlist,2026-07-19 22:06:26
I0005392,U00923,P00055,view,2026-08-10 22:06:26
I0005393,U00525,P00225,view,2026-06-30 22:06:26
I0005394,U00691,P00471,click,2026-07-09 22:06:26
I0005395,U00782,P00422,view,2026-08-04 22:06:26
I0005396,U00998,P00100,view,2026-07-23 22:06:26
I0005397,U00569,P00497,view,2026-08-02 22:06:26
I0005398,U00047,P00012,wishlist,2026-07-23 22:06:26
I0005399,U00366,P00068,view,2026-08-14 22:06:26
I0005400,U00524,P00430,view,2026-05-28 22:06:26
I0005401,U00853,P00295,click,2026-07-28 22:06:26
I0005402,U00493,P00087,view,2026-06-15 22:06:26
I0005403,U00216,P00440,purchase,2026-06-22 22:06:26
I0005404,U00372,P00375,view,2026-07-22 22:06:26
I0005405,U00679,P00148,click,2026-07-04 22:06:26
I0005406,U00476,P00243,purchase,2026-05-27 22:06:26
I0005407,U00647,P00429,view,2026-07-30 22:06:26
I0005408,U00332,P00202,click,2026-08-03 22:06:26
I0005409,U00185,P00375,wishlist,2026-06-23 22:06:26
I0005410,U00024,P00187,view,2026-06-08 22:06:26
I0005411,U00588,P00051,view,2026-08-09 22:06:26
I0005412,U00111,P00500,view,2026-06-11 22:06:26
I0005413,U00751,P00198,cart,2026-08-05 22:06:26
I0005414,U00862,P00321,wishlist,2026-06-08 22:06:26
I0005415,U00045,P00410,view,2026-08-02 22:06:26
I0005416,U00500,P00450,view,2026-08-16 22:06:26
I0005417,U00222,P00112,view,2026-08-06 22:06:26
I0005418,U00291,P00281,view,2026-06-05 22:06:26
I0005419,U00228,P00378,view,2026-06-14 22:06:26
I0005420,U00257,P00051,view,2026-08-02 22:06:26
I0005421,U00857,P00149,view,2026-08-15 22:06:26
I0005422,U00213,P00117,view,2026-07-05 22:06:26
I0005423,U00654,P00380,view,2026-07-02 22:06:26
I0005424,U00539,P00367,view,2026-06-26 22:06:26
I0005425,U00689,P00485,click,2026-07-27 22:06:26
I0005426,U00981,P00319,view,2026-08-04 22:06:26
I0005427,U00560,P00387,view,2026-06-02 22:06:26
I0005428,U00228,P00151,view,2026-08-02 22:06:26
I0005429,U00998,P00128,view,2026-05-24 22:06:26
I0005430,U00464,P00013,purchase,2026-06-07 22:06:26
I0005431,U00035,P00449,view,2026-06-24 22:06:26
I0005432,U00105,P00219,view,2026-06-28 22:06:26
I0005433,U00456,P00201,view,2026-08-06 22:06:26
I0005434,U00489,P00165,wishlist,2026-07-25 22:06:26
I0005435,U00336,P00228,purchase,2026-06-24 22:06:26
I0005436,U00775,P00015,view,2026-08-11 22:06:26
I0005437,U00396,P00358,view,2026-06-14 22:06:26
I0005438,U00719,P00052,view,2026-06-18 22:06:26
I0005439,U00584,P00132,purchase,2026-07-20 22:06:26
I0005440,U00574,P00249,click,2026-07-21 22:06:26
I0005441,U00957,P00494,click,2026-08-16 22:06:26
I0005442,U00302,P00102,cart,2026-07-22 22:06:26
I0005443,U00893,P00143,click,2026-06-05 22:06:26
I0005444,U00090,P00097,view,2026-06-29 22:06:26
I0005445,U00073,P00209,wishlist,2026-08-04 22:06:26
I0005446,U00234,P00309,view,2026-08-03 22:06:26
I0005447,U00888,P00426,view,2026-07-04 22:06:26
I0005448,U00098,P00149,click,2026-06-11 22:06:26
I0005449,U00637,P00487,click,2026-05-25 22:06:26
I0005450,U00738,P00402,click,2026-07-07 22:06:26
I0005451,U00920,P00171,view,2026-06-29 22:06:26
I0005452,U00825,P00242,purchase,2026-06-16 22:06:26
I0005453,U00058,P00106,view,2026-06-12 22:06:26
I0005454,U00497,P00063,click,2026-07-20 22:06:26
I0005455,U00525,P00332,view,2026-08-10 22:06:26
I0005456,U00429,P00005,view,2026-06-02 22:06:26
I0005457,U00604,P00002,cart,2026-06-20 22:06:26
I0005458,U00740,P00058,click,2026-06-20 22:06:26
I0005459,U00667,P00298,view,2026-08-02 22:06:26
I0005460,U00808,P00027,wishlist,2026-06-07 22:06:26
I0005461,U00096,P00151,view,2026-08-10 22:06:26
I0005462,U00414,P00154,click,2026-07-17 22:06:26
I0005463,U00639,P00328,view,2026-06-03 22:06:26
I0005464,U00662,P00287,purchase,2026-07-11 22:06:26
I0005465,U00027,P00191,purchase,2026-06-20 22:06:26
I0005466,U00793,P00275,view,2026-05-28 22:06:26
I0005467,U00080,P00252,view,2026-08-10 22:06:26
I0005468,U00545,P00080,click,2026-08-16 22:06:26
I0005469,U00369,P00125,view,2026-07-28 22:06:26
I0005470,U00833,P00019,click,2026-07-13 22:06:26
I0005471,U00995,P00074,view,2026-08-01 22:06:26
I0005472,U00845,P00306,cart,2026-05-21 22:06:26
I0005473,U00085,P00377,wishlist,2026-08-18 22:06:26
I0005474,U00216,P00467,view,2026-06-08 22:06:26
I0005475,U00374,P00469,wishlist,2026-06-27 22:06:26
I0005476,U00898,P00446,view,2026-08-03 22:06:26
I0005477,U00996,P00281,cart,2026-07-31 22:06:26
I0005478,U00334,P00204,view,2026-07-19 22:06:26
I0005479,U00316,P00466,click,2026-08-17 22:06:26
I0005480,U00998,P00382,view,2026-06-24 22:06:26
I0005481,U00993,P00229,click,2026-07-22 22:06:26
I0005482,U00273,P00461,view,2026-08-07 22:06:26
I0005483,U00685,P00263,click,2026-05-27 22:06:26
I0005484,U00704,P00403,view,2026-07-15 22:06:26
I0005485,U00588,P00438,view,2026-06-01 22:06:26
I0005486,U00283,P00283,view,2026-05-26 22:06:26
I0005487,U00083,P00226,view,2026-07-07 22:06:26
I0005488,U00269,P00391,click,2026-07-05 22:06:26
I0005489,U00055,P00465,view,2026-08-14 22:06:26
I0005490,U00444,P00428,wishlist,2026-07-17 22:06:26
I0005491,U00266,P00397,wishlist,2026-06-05 22:06:26
I0005492,U00969,P00414,view,2026-06-03 22:06:26
I0005493,U00838,P00035,purchase,2026-06-19 22:06:26
I0005494,U00856,P00338,click,2026-06-16 22:06:26
I0005495,U00147,P00462,view,2026-06-12 22:06:26
I0005496,U00557,P00214,view,2026-06-15 22:06:26
I0005497,U00039,P00067,click,2026-05-20 22:06:26
I0005498,U00505,P00155,cart,2026-08-01 22:06:26
I0005499,U00401,P00429,view,2026-05-30 22:06:26
I0005500,U00341,P00050,cart,2026-07-09 22:06:26
I0005501,U00112,P00497,view,2026-08-07 22:06:26
I0005502,U00859,P00453,click,2026-06-10 22:06:26
I0005503,U00660,P00261,view,2026-06-11 22:06:26
I0005504,U00721,P00402,purchase,2026-07-27 22:06:26
I0005505,U00911,P00498,view,2026-07-12 22:06:26
I0005506,U00956,P00188,click,2026-06-14 22:06:26
I0005507,U00573,P00428,view,2026-06-07 22:06:26
I0005508,U00326,P00041,view,2026-07-11 22:06:26
I0005509,U00057,P00139,view,2026-08-05 22:06:26
I0005510,U00689,P00173,click,2026-07-07 22:06:26
I0005511,U00290,P00273,view,2026-07-25 22:06:26
I0005512,U00151,P00210,click,2026-06-04 22:06:26
I0005513,U00072,P00246,click,2026-06-14 22:06:26
I0005514,U00807,P00338,click,2026-06-18 22:06:26
I0005515,U00063,P00323,view,2026-07-13 22:06:26
I0005516,U00128,P00260,view,2026-08-01 22:06:26
I0005517,U00001,P00210,view,2026-05-27 22:06:26
I0005518,U00340,P00154,view,2026-06-03 22:06:26
I0005519,U00297,P00273,wishlist,2026-08-11 22:06:26
I0005520,U00100,P00316,view,2026-06-28 22:06:26
I0005521,U00219,P00249,click,2026-05-26 22:06:26
I0005522,U00229,P00350,view,2026-07-22 22:06:26
I0005523,U00147,P00218,view,2026-05-28 22:06:26
I0005524,U00777,P00222,view,2026-07-14 22:06:26
I0005525,U00643,P00219,purchase,2026-07-09 22:06:26
I0005526,U00364,P00308,view,2026-05-31 22:06:26
I0005527,U00307,P00393,view,2026-07-08 22:06:26
I0005528,U00295,P00084,click,2026-06-05 22:06:26
I0005529,U00085,P00274,view,2026-08-07 22:06:26
I0005530,U00868,P00087,view,2026-07-05 22:06:26
I0005531,U00970,P00239,cart,2026-07-28 22:06:26
I0005532,U00512,P00279,view,2026-06-14 22:06:26
I0005533,U00751,P00496,wishlist,2026-08-01 22:06:26
I0005534,U00416,P00209,view,2026-07-23 22:06:26
I0005535,U00199,P00319,click,2026-05-22 22:06:26
I0005536,U00474,P00251,view,2026-06-11 22:06:26
I0005537,U00897,P00303,click,2026-06-03 22:06:26
I0005538,U00834,P00427,cart,2026-07-25 22:06:26
I0005539,U00554,P00383,click,2026-06-01 22:06:26
I0005540,U00141,P00282,click,2026-08-18 22:06:26
I0005541,U00966,P00340,click,2026-06-02 22:06:26
I0005542,U00034,P00299,view,2026-07-24 22:06:26
I0005543,U00686,P00215,cart,2026-06-05 22:06:26
I0005544,U00278,P00346,view,2026-07-13 22:06:26
I0005545,U00425,P00179,view,2026-06-03 22:06:26
I0005546,U00855,P00444,view,2026-06-06 22:06:26
I0005547,U00988,P00264,view,2026-08-14 22:06:26
I0005548,U00916,P00130,view,2026-06-11 22:06:26
I0005549,U00502,P00214,wishlist,2026-07-05 22:06:26
I0005550,U00642,P00015,view,2026-08-13 22:06:26
I0005551,U00378,P00173,view,2026-06-08 22:06:26
I0005552,U00703,P00343,cart,2026-08-13 22:06:26
I0005553,U00753,P00443,cart,2026-08-01 22:06:26
I0005554,U00930,P00043,view,2026-05-22 22:06:26
I0005555,U00088,P00151,view,2026-07-10 22:06:26
I0005556,U00410,P00127,wishlist,2026-06-22 22:06:26
I0005557,U00535,P00213,view,2026-08-11 22:06:26
I0005558,U00090,P00493,view,2026-06-30 22:06:26
I0005559,U00207,P00295,click,2026-07-02 22:06:26
I0005560,U00896,P00180,view,2026-06-17 22:06:26
I0005561,U00465,P00336,view,2026-08-04 22:06:26
I0005562,U00614,P00443,view,2026-07-04 22:06:26
I0005563,U00563,P00179,view,2026-06-29 22:06:26
I0005564,U00309,P00127,view,2026-06-15 22:06:26
I0005565,U00470,P00140,wishlist,2026-07-24 22:06:26
I0005566,U00763,P00075,view,2026-07-20 22:06:26
I0005567,U00804,P00258,view,2026-06-30 22:06:26
I0005568,U00010,P00111,cart,2026-07-27 22:06:26
I0005569,U00513,P00463,wishlist,2026-08-04 22:06:26
I0005570,U00139,P00176,view,2026-07-30 22:06:26
I0005571,U00403,P00148,view,2026-07-13 22:06:26
I0005572,U00796,P00426,view,2026-06-16 22:06:26
I0005573,U00168,P00279,purchase,2026-08-08 22:06:26
I0005574,U00930,P00107,view,2026-07-03 22:06:26
I0005575,U00078,P00417,wishlist,2026-07-17 22:06:26
I0005576,U00970,P00340,view,2026-06-20 22:06:26
I0005577,U00395,P00493,click,2026-06-28 22:06:26
I0005578,U00451,P00457,click,2026-05-31 22:06:26
I0005579,U00539,P00150,click,2026-07-25 22:06:26
I0005580,U00158,P00068,view,2026-08-13 22:06:26
I0005581,U00825,P00112,view,2026-05-22 22:06:26
I0005582,U00113,P00266,view,2026-07-03 22:06:26
I0005583,U00600,P00064,cart,2026-07-04 22:06:26
I0005584,U00679,P00410,cart,2026-06-15 22:06:26
I0005585,U00689,P00032,view,2026-07-12 22:06:26
I0005586,U00110,P00013,wishlist,2026-07-03 22:06:26
I0005587,U00228,P00257,view,2026-07-18 22:06:26
I0005588,U00790,P00184,click,2026-06-29 22:06:26
I0005589,U00594,P00014,click,2026-06-15 22:06:26
I0005590,U00837,P00374,cart,2026-08-18 22:06:26
I0005591,U00556,P00497,view,2026-07-04 22:06:26
I0005592,U00032,P00334,view,2026-07-14 22:06:26
I0005593,U00409,P00413,cart,2026-06-18 22:06:26
I0005594,U00248,P00258,view,2026-07-13 22:06:26
I0005595,U00610,P00093,view,2026-08-03 22:06:26
I0005596,U00892,P00331,click,2026-05-28 22:06:26
I0005597,U00889,P00335,click,2026-06-06 22:06:26
I0005598,U00337,P00500,click,2026-06-22 22:06:26
I0005599,U00238,P00095,purchase,2026-06-08 22:06:26
I0005600,U00811,P00211,view,2026-07-21 22:06:26
I0005601,U00259,P00085,cart,2026-07-02 22:06:26
I0005602,U00812,P00237,view,2026-08-18 22:06:26
I0005603,U00883,P00426,click,2026-08-13 22:06:26
I0005604,U00281,P00163,cart,2026-07-23 22:06:26
I0005605,U00596,P00113,click,2026-07-09 22:06:26
I0005606,U00721,P00102,cart,2026-08-18 22:06:26
I0005607,U00008,P00440,view,2026-06-05 22:06:26
I0005608,U00131,P00224,click,2026-07-13 22:06:26
I0005609,U00172,P00357,wishlist,2026-06-29 22:06:26
I0005610,U00458,P00146,view,2026-08-01 22:06:26
I0005611,U00622,P00447,wishlist,2026-06-03 22:06:26
I0005612,U00459,P00231,cart,2026-07-11 22:06:26
I0005613,U00546,P00115,click,2026-07-29 22:06:26
I0005614,U00367,P00451,cart,2026-07-23 22:06:26
I0005615,U00963,P00378,view,2026-05-24 22:06:26
I0005616,U00595,P00291,wishlist,2026-07-27 22:06:26
I0005617,U00066,P00466,click,2026-06-04 22:06:26
I0005618,U00082,P00076,view,2026-06-14 22:06:26
I0005619,U00698,P00221,cart,2026-07-26 22:06:26
I0005620,U00476,P00092,wishlist,2026-06-23 22:06:26
I0005621,U00927,P00077,view,2026-08-06 22:06:26
I0005622,U00507,P00110,view,2026-06-09 22:06:26
I0005623,U00254,P00133,cart,2026-06-29 22:06:26
I0005624,U00813,P00310,purchase,2026-07-16 22:06:26
I0005625,U00801,P00116,click,2026-05-21 22:06:26
I0005626,U00876,P00449,view,2026-07-12 22:06:26
I0005627,U00575,P00069,cart,2026-07-13 22:06:26
I0005628,U00037,P00062,view,2026-06-27 22:06:26
I0005629,U00627,P00246,view,2026-08-17 22:06:26
I0005630,U00564,P00275,click,2026-05-30 22:06:26
I0005631,U00108,P00196,click,2026-08-01 22:06:26
I0005632,U00041,P00104,view,2026-07-03 22:06:26
I0005633,U00501,P00490,view,2026-06-04 22:06:26
I0005634,U00623,P00132,click,2026-08-14 22:06:26
I0005635,U00045,P00384,purchase,2026-06-10 22:06:26
I0005636,U00466,P00417,view,2026-07-10 22:06:26
I0005637,U00345,P00166,view,2026-06-09 22:06:26
I0005638,U00943,P00021,view,2026-06-22 22:06:26
I0005639,U00404,P00460,view,2026-05-27 22:06:26
I0005640,U00999,P00113,view,2026-06-16 22:06:26
I0005641,U00153,P00391,wishlist,2026-07-23 22:06:26
I0005642,U00914,P00466,view,2026-07-16 22:06:26
I0005643,U00128,P00365,view,2026-08-11 22:06:26
I0005644,U00613,P00465,view,2026-07-06 22:06:26
I0005645,U00432,P00409,view,2026-07-30 22:06:26
I0005646,U00832,P00425,wishlist,2026-08-14 22:06:26
I0005647,U00449,P00420,wishlist,2026-05-27 22:06:26
I0005648,U00296,P00350,wishlist,2026-05-25 22:06:26
I0005649,U00266,P00187,view,2026-07-08 22:06:26
I0005650,U00007,P00317,view,2026-07-15 22:06:26
I0005651,U00180,P00321,view,2026-06-26 22:06:26
I0005652,U00518,P00007,view,2026-06-19 22:06:26
I0005653,U00589,P00474,view,2026-08-11 22:06:26
I0005654,U00615,P00350,view,2026-07-27 22:06:26
I0005655,U00015,P00145,click,2026-06-24 22:06:26
I0005656,U00307,P00485,view,2026-06-01 22:06:26
I0005657,U00358,P00231,cart,2026-08-08 22:06:26
I0005658,U00548,P00276,purchase,2026-06-04 22:06:26
I0005659,U00595,P00066,cart,2026-07-19 22:06:26
I0005660,U00483,P00235,purchase,2026-07-19 22:06:26
I0005661,U00293,P00258,view,2026-06-21 22:06:26
I0005662,U00965,P00267,wishlist,2026-06-05 22:06:26
I0005663,U00438,P00413,click,2026-07-06 22:06:26
I0005664,U00381,P00055,cart,2026-06-14 22:06:26
I0005665,U00807,P00476,view,2026-05-23 22:06:26
I0005666,U00082,P00466,view,2026-08-16 22:06:26
I0005667,U00501,P00049,view,2026-08-06 22:06:26
I0005668,U00922,P00366,click,2026-07-02 22:06:26
I0005669,U00004,P00076,view,2026-07-12 22:06:26
I0005670,U00955,P00002,view,2026-07-12 22:06:26
I0005671,U00585,P00401,wishlist,2026-07-15 22:06:26
I0005672,U00652,P00411,view,2026-07-09 22:06:26
I0005673,U00281,P00402,view,2026-07-22 22:06:26
I0005674,U00046,P00204,view,2026-06-24 22:06:26
I0005675,U00628,P00151,view,2026-05-20 22:06:26
I0005676,U00112,P00050,view,2026-08-16 22:06:26
I0005677,U00284,P00199,view,2026-08-01 22:06:26
I0005678,U00563,P00397,wishlist,2026-05-21 22:06:26
I0005679,U00312,P00329,view,2026-08-04 22:06:26
I0005680,U00131,P00070,click,2026-06-16 22:06:26
I0005681,U00992,P00401,view,2026-06-26 22:06:26
I0005682,U00870,P00314,view,2026-08-03 22:06:26
I0005683,U00128,P00009,cart,2026-07-17 22:06:26
I0005684,U00443,P00407,view,2026-07-04 22:06:26
I0005685,U00791,P00381,click,2026-06-10 22:06:26
I0005686,U00086,P00117,cart,2026-08-10 22:06:26
I0005687,U00261,P00413,view,2026-06-21 22:06:26
I0005688,U00519,P00150,view,2026-08-05 22:06:26
I0005689,U00895,P00032,cart,2026-05-21 22:06:26
I0005690,U00458,P00250,view,2026-08-04 22:06:26
I0005691,U00293,P00144,click,2026-08-10 22:06:26
I0005692,U00696,P00347,click,2026-06-22 22:06:26
I0005693,U00810,P00178,view,2026-07-16 22:06:26
I0005694,U00413,P00268,wishlist,2026-06-11 22:06:26
I0005695,U00815,P00054,click,2026-07-06 22:06:26
I0005696,U00162,P00246,click,2026-08-06 22:06:26
I0005697,U00278,P00021,view,2026-06-15 22:06:26
I0005698,U00963,P00278,click,2026-08-16 22:06:26
I0005699,U00635,P00297,click,2026-05-24 22:06:26
I0005700,U00601,P00372,view,2026-05-23 22:06:26
I0005701,U00526,P00391,cart,2026-06-13 22:06:26
I0005702,U00002,P00462,view,2026-08-01 22:06:26
I0005703,U00851,P00036,view,2026-07-08 22:06:26
I0005704,U00414,P00008,view,2026-06-07 22:06:26
I0005705,U00945,P00197,cart,2026-05-28 22:06:26
I0005706,U00193,P00044,view,2026-08-08 22:06:26
I0005707,U00805,P00363,view,2026-08-16 22:06:26
I0005708,U00800,P00001,view,2026-06-27 22:06:26
I0005709,U00667,P00405,cart,2026-06-30 22:06:26
I0005710,U00975,P00284,wishlist,2026-08-04 22:06:26
I0005711,U00150,P00167,click,2026-08-17 22:06:26
I0005712,U00174,P00041,click,2026-07-10 22:06:26
I0005713,U00046,P00292,view,2026-06-24 22:06:26
I0005714,U00049,P00108,view,2026-07-01 22:06:26
I0005715,U00078,P00151,view,2026-06-13 22:06:26
I0005716,U00161,P00035,click,2026-06-24 22:06:26
I0005717,U00896,P00460,view,2026-07-12 22:06:26
I0005718,U00867,P00374,click,2026-06-08 22:06:26
I0005719,U00510,P00156,wishlist,2026-08-11 22:06:26
I0005720,U00987,P00326,wishlist,2026-07-23 22:06:26
I0005721,U00719,P00349,wishlist,2026-07-18 22:06:26
I0005722,U00794,P00479,view,2026-08-05 22:06:26
I0005723,U00380,P00425,view,2026-07-22 22:06:26
I0005724,U00422,P00212,wishlist,2026-07-13 22:06:26
I0005725,U00623,P00036,view,2026-06-26 22:06:26
I0005726,U00487,P00153,view,2026-07-06 22:06:26
I0005727,U00802,P00380,view,2026-05-30 22:06:26
I0005728,U00110,P00369,view,2026-06-11 22:06:26
I0005729,U00471,P00167,click,2026-07-18 22:06:26
I0005730,U00994,P00360,view,2026-06-06 22:06:26
I0005731,U00592,P00336,purchase,2026-08-09 22:06:26
I0005732,U00666,P00088,view,2026-06-04 22:06:26
I0005733,U00828,P00253,cart,2026-06-24 22:06:26
I0005734,U00602,P00360,purchase,2026-07-02 22:06:26
I0005735,U00187,P00245,click,2026-05-26 22:06:26
I0005736,U00849,P00011,view,2026-06-24 22:06:26
I0005737,U00747,P00047,view,2026-06-02 22:06:26
I0005738,U00955,P00286,wishlist,2026-06-22 22:06:26
I0005739,U00828,P00446,purchase,2026-07-05 22:06:26
I0005740,U00057,P00032,purchase,2026-07-28 22:06:26
I0005741,U00017,P00118,view,2026-06-24 22:06:26
I0005742,U00582,P00127,view,2026-08-12 22:06:26
I0005743,U00653,P00042,view,2026-06-20 22:06:26
I0005744,U00736,P00429,cart,2026-07-29 22:06:26
I0005745,U00532,P00266,purchase,2026-07-05 22:06:26
I0005746,U00504,P00357,wishlist,2026-08-13 22:06:26
I0005747,U00830,P00393,view,2026-07-01 22:06:26
I0005748,U00431,P00267,view,2026-06-27 22:06:26
I0005749,U00530,P00259,view,2026-05-22 22:06:26
I0005750,U00880,P00386,wishlist,2026-06-10 22:06:26
I0005751,U00205,P00095,view,2026-08-06 22:06:26
I0005752,U00684,P00189,view,2026-07-10 22:06:26
I0005753,U00314,P00485,view,2026-06-18 22:06:26
I0005754,U00681,P00146,click,2026-06-08 22:06:26
I0005755,U00326,P00128,view,2026-07-05 22:06:26
I0005756,U00369,P00141,cart,2026-07-25 22:06:26
I0005757,U00453,P00277,view,2026-06-17 22:06:26
I0005758,U00853,P00498,view,2026-06-08 22:06:26
I0005759,U00428,P00160,view,2026-08-13 22:06:26
I0005760,U00585,P00174,wishlist,2026-06-19 22:06:26
I0005761,U00801,P00290,view,2026-07-30 22:06:26
I0005762,U00200,P00100,view,2026-08-07 22:06:26
I0005763,U00899,P00168,view,2026-06-11 22:06:26
I0005764,U00636,P00064,view,2026-07-26 22:06:26
I0005765,U00483,P00101,view,2026-05-31 22:06:26
I0005766,U00213,P00020,view,2026-08-17 22:06:26
I0005767,U00627,P00453,click,2026-07-21 22:06:26
I0005768,U00291,P00183,view,2026-08-03 22:06:26
I0005769,U00015,P00182,view,2026-07-16 22:06:26
I0005770,U00931,P00115,view,2026-07-04 22:06:26
I0005771,U00505,P00178,view,2026-07-21 22:06:26
I0005772,U00974,P00109,cart,2026-05-21 22:06:26
I0005773,U00215,P00053,click,2026-05-25 22:06:26
I0005774,U00659,P00375,cart,2026-06-24 22:06:26
I0005775,U00002,P00454,click,2026-05-28 22:06:26
I0005776,U00610,P00073,view,2026-07-09 22:06:26
I0005777,U00729,P00226,click,2026-07-31 22:06:26
I0005778,U00509,P00247,click,2026-07-30 22:06:26
I0005779,U00347,P00317,wishlist,2026-05-20 22:06:26
I0005780,U00722,P00172,view,2026-07-25 22:06:26
I0005781,U00132,P00275,view,2026-07-21 22:06:26
I0005782,U00130,P00138,wishlist,2026-07-27 22:06:26
I0005783,U00646,P00485,click,2026-06-29 22:06:26
I0005784,U00739,P00157,wishlist,2026-05-26 22:06:26
I0005785,U00822,P00348,click,2026-08-12 22:06:26
I0005786,U00737,P00019,click,2026-05-30 22:06:26
I0005787,U00334,P00425,view,2026-06-11 22:06:26
I0005788,U00012,P00227,click,2026-06-05 22:06:26
I0005789,U00605,P00177,wishlist,2026-07-05 22:06:26
I0005790,U00729,P00054,view,2026-06-06 22:06:26
I0005791,U00029,P00197,click,2026-07-08 22:06:26
I0005792,U00846,P00053,click,2026-05-20 22:06:26
I0005793,U00021,P00476,click,2026-05-30 22:06:26
I0005794,U00754,P00411,view,2026-08-14 22:06:26
I0005795,U00095,P00397,click,2026-08-02 22:06:26
I0005796,U00772,P00264,view,2026-07-04 22:06:26
I0005797,U00365,P00019,view,2026-07-17 22:06:26
I0005798,U00476,P00121,click,2026-05-31 22:06:26
I0005799,U00475,P00489,cart,2026-05-25 22:06:26
I0005800,U00542,P00087,click,2026-08-07 22:06:26
I0005801,U00084,P00402,cart,2026-08-11 22:06:26
I0005802,U00714,P00209,view,2026-06-27 22:06:26
I0005803,U00430,P00433,view,2026-05-22 22:06:26
I0005804,U00173,P00238,cart,2026-06-18 22:06:26
I0005805,U00726,P00493,click,2026-06-18 22:06:26
I0005806,U00768,P00039,view,2026-06-20 22:06:26
I0005807,U00021,P00483,click,2026-07-05 22:06:26
I0005808,U00223,P00243,click,2026-08-08 22:06:26
I0005809,U00063,P00011,view,2026-05-23 22:06:26
I0005810,U00229,P00390,view,2026-07-28 22:06:26
I0005811,U00882,P00068,view,2026-06-18 22:06:26
I0005812,U00246,P00112,wishlist,2026-07-08 22:06:26
I0005813,U00230,P00003,view,2026-08-10 22:06:26
I0005814,U00987,P00489,cart,2026-08-03 22:06:26
I0005815,U00831,P00201,wishlist,2026-08-15 22:06:26
I0005816,U00010,P00264,wishlist,2026-08-14 22:06:26
I0005817,U00181,P00367,view,2026-06-03 22:06:26
I0005818,U00758,P00209,view,2026-07-06 22:06:26
I0005819,U00859,P00328,click,2026-07-24 22:06:26
I0005820,U00181,P00199,view,2026-06-17 22:06:26
I0005821,U00193,P00401,wishlist,2026-07-17 22:06:26
I0005822,U00248,P00442,view,2026-06-09 22:06:26
I0005823,U00830,P00032,wishlist,2026-08-07 22:06:26
I0005824,U00547,P00272,click,2026-07-07 22:06:26
I0005825,U00474,P00016,wishlist,2026-08-15 22:06:26
I0005826,U00428,P00361,view,2026-07-30 22:06:26
I0005827,U00668,P00324,view,2026-08-10 22:06:26
I0005828,U00412,P00023,view,2026-07-17 22:06:26
I0005829,U00123,P00109,click,2026-07-20 22:06:26
I0005830,U00909,P00357,wishlist,2026-08-12 22:06:26
I0005831,U00501,P00403,click,2026-06-12 22:06:26
I0005832,U00711,P00307,purchase,2026-05-20 22:06:26
I0005833,U00815,P00406,view,2026-07-21 22:06:26
I0005834,U00268,P00175,click,2026-07-09 22:06:26
I0005835,U00439,P00227,click,2026-07-07 22:06:26
I0005836,U00454,P00004,purchase,2026-05-21 22:06:26
I0005837,U00111,P00333,wishlist,2026-08-09 22:06:26
I0005838,U00445,P00032,view,2026-08-15 22:06:26
I0005839,U00467,P00210,view,2026-06-03 22:06:26
I0005840,U00567,P00129,view,2026-06-17 22:06:26
I0005841,U00015,P00085,wishlist,2026-06-01 22:06:26
I0005842,U00676,P00272,purchase,2026-06-26 22:06:26
I0005843,U00199,P00336,click,2026-05-25 22:06:26
I0005844,U00199,P00200,view,2026-08-18 22:06:26
I0005845,U00514,P00256,view,2026-08-03 22:06:26
I0005846,U00776,P00325,view,2026-08-01 22:06:26
I0005847,U00637,P00356,cart,2026-05-26 22:06:26
I0005848,U00940,P00395,cart,2026-06-27 22:06:26
I0005849,U00753,P00397,view,2026-08-10 22:06:26
I0005850,U00513,P00083,click,2026-06-12 22:06:26
I0005851,U00673,P00146,wishlist,2026-07-20 22:06:26
I0005852,U00602,P00219,view,2026-08-11 22:06:26
I0005853,U00972,P00050,view,2026-07-22 22:06:26
I0005854,U00813,P00071,click,2026-06-13 22:06:26
I0005855,U00779,P00312,wishlist,2026-08-11 22:06:26
I0005856,U00392,P00282,view,2026-06-11 22:06:26
I0005857,U00561,P00027,view,2026-08-06 22:06:26
I0005858,U00137,P00139,click,2026-07-10 22:06:26
I0005859,U00991,P00009,click,2026-07-21 22:06:26
I0005860,U00764,P00008,click,2026-08-03 22:06:26
I0005861,U00799,P00183,view,2026-06-21 22:06:26
I0005862,U00781,P00105,click,2026-06-24 22:06:26
I0005863,U00835,P00109,view,2026-06-27 22:06:26
I0005864,U00637,P00439,view,2026-06-08 22:06:26
I0005865,U00241,P00418,click,2026-07-07 22:06:26
I0005866,U00576,P00309,click,2026-05-30 22:06:26
I0005867,U00431,P00325,view,2026-07-31 22:06:26
I0005868,U00609,P00176,wishlist,2026-08-01 22:06:26
I0005869,U00354,P00160,cart,2026-05-30 22:06:26
I0005870,U00935,P00120,view,2026-06-24 22:06:26
I0005871,U00215,P00314,click,2026-07-29 22:06:26
I0005872,U00846,P00442,purchase,2026-05-31 22:06:26
I0005873,U00250,P00473,view,2026-08-02 22:06:26
I0005874,U00192,P00333,click,2026-05-31 22:06:26
I0005875,U00260,P00358,wishlist,2026-07-14 22:06:26
I0005876,U00861,P00309,wishlist,2026-06-25 22:06:26
I0005877,U00184,P00261,view,2026-08-03 22:06:26
I0005878,U00238,P00045,view,2026-06-25 22:06:26
I0005879,U00039,P00364,view,2026-06-16 22:06:26
I0005880,U00941,P00079,view,2026-08-15 22:06:26
I0005881,U00399,P00212,cart,2026-05-24 22:06:26
I0005882,U00097,P00427,click,2026-05-22 22:06:26
I0005883,U00725,P00314,cart,2026-08-04 22:06:26
I0005884,U00738,P00256,view,2026-06-25 22:06:26
I0005885,U00254,P00408,click,2026-06-23 22:06:26
I0005886,U00583,P00075,wishlist,2026-06-11 22:06:26
I0005887,U00676,P00498,view,2026-07-11 22:06:26
I0005888,U00387,P00207,click,2026-06-23 22:06:26
I0005889,U00870,P00479,click,2026-06-22 22:06:26
I0005890,U00947,P00245,view,2026-05-31 22:06:26
I0005891,U00518,P00075,click,2026-06-21 22:06:26
I0005892,U00655,P00146,purchase,2026-07-02 22:06:26
I0005893,U00330,P00097,view,2026-06-06 22:06:26
I0005894,U00455,P00237,view,2026-07-04 22:06:26
I0005895,U01000,P00412,purchase,2026-06-14 22:06:26
I0005896,U00320,P00207,view,2026-07-07 22:06:26
I0005897,U00421,P00158,view,2026-06-03 22:06:26
I0005898,U00821,P00401,view,2026-06-08 22:06:26
I0005899,U00135,P00098,click,2026-07-12 22:06:26
I0005900,U00264,P00219,click,2026-05-27 22:06:26
I0005901,U00833,P00099,view,2026-06-22 22:06:26
I0005902,U00316,P00095,cart,2026-07-02 22:06:26
I0005903,U00123,P00197,view,2026-07-26 22:06:26
I0005904,U00244,P00204,click,2026-06-06 22:06:26
I0005905,U00680,P00192,view,2026-06-05 22:06:26
I0005906,U00627,P00299,click,2026-06-19 22:06:26
I0005907,U00476,P00178,wishlist,2026-05-24 22:06:26
I0005908,U00917,P00165,view,2026-08-17 22:06:26
I0005909,U00775,P00298,view,2026-07-15 22:06:26
I0005910,U00232,P00471,view,2026-05-29 22:06:26
I0005911,U00893,P00155,wishlist,2026-05-20 22:06:26
I0005912,U00467,P00463,wishlist,2026-07-19 22:06:26
I0005913,U00129,P00303,click,2026-07-15 22:06:26
I0005914,U00854,P00007,view,2026-06-08 22:06:26
I0005915,U00996,P00152,cart,2026-06-13 22:06:26
I0005916,U00945,P00135,click,2026-05-29 22:06:26
I0005917,U00983,P00336,view,2026-05-25 22:06:26
I0005918,U00462,P00050,click,2026-08-07 22:06:26
I0005919,U00115,P00211,wishlist,2026-08-14 22:06:26
I0005920,U00781,P00011,view,2026-08-03 22:06:26
I0005921,U00315,P00154,view,2026-08-03 22:06:26
I0005922,U00496,P00257,purchase,2026-05-22 22:06:26
I0005923,U00322,P00476,view,2026-06-13 22:06:26
I0005924,U00983,P00152,view,2026-08-17 22:06:26
I0005925,U00849,P00290,click,2026-06-06 22:06:26
I0005926,U00784,P00132,view,2026-08-16 22:06:26
I0005927,U00730,P00047,wishlist,2026-08-09 22:06:26
I0005928,U00846,P00188,click,2026-06-03 22:06:26
I0005929,U00206,P00042,cart,2026-06-08 22:06:26
I0005930,U00567,P00122,click,2026-06-27 22:06:26
I0005931,U00082,P00084,view,2026-08-04 22:06:26
I0005932,U00183,P00375,view,2026-06-26 22:06:26
I0005933,U00539,P00102,cart,2026-07-13 22:06:26
I0005934,U00506,P00254,view,2026-05-27 22:06:26
I0005935,U00568,P00147,view,2026-07-30 22:06:26
I0005936,U00100,P00044,view,2026-08-12 22:06:26
I0005937,U00892,P00023,click,2026-07-28 22:06:26
I0005938,U00532,P00481,click,2026-05-30 22:06:26
I0005939,U00058,P00263,cart,2026-07-25 22:06:26
I0005940,U00343,P00454,view,2026-08-04 22:06:26
I0005941,U00659,P00145,view,2026-06-19 22:06:26
I0005942,U00313,P00320,wishlist,2026-07-24 22:06:26
I0005943,U00445,P00354,view,2026-07-04 22:06:26
I0005944,U00782,P00114,view,2026-07-21 22:06:26
I0005945,U00382,P00201,view,2026-08-17 22:06:26
I0005946,U00015,P00017,view,2026-08-10 22:06:26
I0005947,U00824,P00158,view,2026-07-12 22:06:26
I0005948,U00168,P00115,view,2026-07-11 22:06:26
I0005949,U00414,P00253,click,2026-06-01 22:06:26
I0005950,U00029,P00220,view,2026-08-05 22:06:26
I0005951,U00225,P00200,cart,2026-06-08 22:06:26
I0005952,U00145,P00246,view,2026-05-26 22:06:26
I0005953,U00360,P00168,click,2026-07-23 22:06:26
I0005954,U00891,P00284,view,2026-06-18 22:06:26
I0005955,U00052,P00084,view,2026-05-25 22:06:26
I0005956,U00951,P00476,view,2026-06-15 22:06:26
I0005957,U00608,P00019,click,2026-06-03 22:06:26
I0005958,U00313,P00336,view,2026-06-20 22:06:26
I0005959,U00716,P00286,click,2026-06-16 22:06:26
I0005960,U00842,P00275,view,2026-07-20 22:06:26
I0005961,U00480,P00057,view,2026-08-04 22:06:26
I0005962,U00425,P00435,view,2026-07-30 22:06:26
I0005963,U00511,P00302,click,2026-07-07 22:06:26
I0005964,U00453,P00298,click,2026-05-27 22:06:26
I0005965,U00570,P00366,click,2026-06-27 22:06:26
I0005966,U00218,P00151,click,2026-06-23 22:06:26
I0005967,U00232,P00474,wishlist,2026-07-26 22:06:26
I0005968,U00226,P00316,view,2026-06-11 22:06:26
I0005969,U00794,P00141,wishlist,2026-07-11 22:06:26
I0005970,U00077,P00203,view,2026-07-25 22:06:26
I0005971,U00582,P00391,click,2026-08-18 22:06:26
I0005972,U00238,P00337,view,2026-06-23 22:06:26
I0005973,U00288,P00062,view,2026-06-13 22:06:26
I0005974,U00684,P00430,view,2026-07-14 22:06:26
I0005975,U00885,P00392,view,2026-07-31 22:06:26
I0005976,U00259,P00090,click,2026-07-12 22:06:26
I0005977,U00752,P00324,view,2026-08-05 22:06:26
I0005978,U00047,P00468,view,2026-05-29 22:06:26
I0005979,U00777,P00062,view,2026-05-25 22:06:26
I0005980,U00713,P00454,view,2026-07-07 22:06:26
I0005981,U00725,P00047,view,2026-06-04 22:06:26
I0005982,U00949,P00124,cart,2026-06-01 22:06:26
I0005983,U00993,P00244,view,2026-07-14 22:06:26
I0005984,U00809,P00391,click,2026-05-28 22:06:26
I0005985,U00470,P00363,click,2026-05-22 22:06:26
I0005986,U00484,P00393,view,2026-07-15 22:06:26
I0005987,U00670,P00209,view,2026-06-28 22:06:26
I0005988,U00235,P00093,view,2026-08-13 22:06:26
I0005989,U00533,P00442,view,2026-06-28 22:06:26
I0005990,U00997,P00261,click,2026-07-11 22:06:26
I0005991,U00536,P00291,click,2026-06-07 22:06:26
I0005992,U00625,P00469,purchase,2026-07-22 22:06:26
I0005993,U00597,P00271,click,2026-07-20 22:06:26
I0005994,U00499,P00179,view,2026-07-21 22:06:26
I0005995,U00503,P00291,view,2026-07-10 22:06:26
I0005996,U00715,P00130,view,2026-05-23 22:06:26
I0005997,U00886,P00212,view,2026-06-12 22:06:26
I0005998,U00640,P00488,click,2026-06-23 22:06:26
I0005999,U00870,P00021,cart,2026-06-22 22:06:26
I0006000,U00778,P00408,click,2026-07-07 22:06:26
I0006001,U00014,P00004,click,2026-05-23 22:06:26
I0006002,U00385,P00319,click,2026-06-24 22:06:26
I0006003,U00945,P00396,view,2026-08-07 22:06:26
I0006004,U00115,P00147,view,2026-05-30 22:06:26
I0006005,U00728,P00303,cart,2026-06-09 22:06:26
I0006006,U00502,P00425,view,2026-07-13 22:06:26
I0006007,U00590,P00341,click,2026-06-05 22:06:26
I0006008,U00454,P00233,view,2026-08-01 22:06:26
I0006009,U00502,P00282,view,2026-07-13 22:06:26
I0006010,U00847,P00383,cart,2026-06-17 22:06:26
I0006011,U00250,P00460,view,2026-06-04 22:06:26
I0006012,U00421,P00099,view,2026-06-24 22:06:26
I0006013,U00696,P00395,view,2026-07-03 22:06:26
I0006014,U00603,P00138,wishlist,2026-06-14 22:06:26
I0006015,U00406,P00360,cart,2026-07-21 22:06:26
I0006016,U00454,P00176,view,2026-05-23 22:06:26
I0006017,U00123,P00002,view,2026-08-10 22:06:26
I0006018,U00531,P00096,view,2026-08-18 22:06:26
I0006019,U00581,P00014,view,2026-06-12 22:06:26
I0006020,U00727,P00322,view,2026-07-17 22:06:26
I0006021,U00566,P00146,wishlist,2026-06-24 22:06:26
I0006022,U00102,P00350,view,2026-08-02 22:06:26
I0006023,U00325,P00473,click,2026-05-20 22:06:26
I0006024,U00512,P00469,view,2026-05-21 22:06:26
I0006025,U00638,P00384,cart,2026-07-24 22:06:26
I0006026,U00443,P00051,click,2026-08-05 22:06:26
I0006027,U00528,P00256,click,2026-08-10 22:06:26
I0006028,U00299,P00173,view,2026-06-12 22:06:26
I0006029,U00980,P00137,view,2026-07-18 22:06:26
I0006030,U00765,P00457,view,2026-05-20 22:06:26
I0006031,U00965,P00242,cart,2026-05-30 22:06:26
I0006032,U00785,P00084,click,2026-08-15 22:06:26
I0006033,U00102,P00076,view,2026-07-08 22:06:26
I0006034,U00057,P00207,cart,2026-07-08 22:06:26
I0006035,U00607,P00012,view,2026-06-09 22:06:26
I0006036,U00265,P00217,view,2026-08-13 22:06:26
I0006037,U00973,P00215,view,2026-06-07 22:06:26
I0006038,U00812,P00153,view,2026-08-05 22:06:26
I0006039,U00554,P00136,click,2026-07-24 22:06:26
I0006040,U00761,P00024,view,2026-07-23 22:06:26
I0006041,U00387,P00139,view,2026-08-11 22:06:26
I0006042,U00444,P00062,click,2026-07-19 22:06:26
I0006043,U00705,P00386,view,2026-06-25 22:06:26
I0006044,U00980,P00392,click,2026-06-21 22:06:26
I0006045,U00672,P00005,view,2026-07-19 22:06:26
I0006046,U00215,P00265,click,2026-06-30 22:06:26
I0006047,U00081,P00055,view,2026-06-05 22:06:26
I0006048,U00772,P00391,click,2026-06-06 22:06:26
I0006049,U00526,P00470,view,2026-06-25 22:06:26
I0006050,U00239,P00474,wishlist,2026-05-31 22:06:26
I0006051,U00613,P00415,view,2026-06-27 22:06:26
I0006052,U00622,P00037,view,2026-07-31 22:06:26
I0006053,U00475,P00392,click,2026-06-30 22:06:26
I0006054,U00106,P00136,view,2026-05-25 22:06:26
I0006055,U00756,P00406,click,2026-07-30 22:06:26
I0006056,U00042,P00051,view,2026-07-14 22:06:26
I0006057,U00582,P00069,click,2026-06-21 22:06:26
I0006058,U00599,P00012,view,2026-07-18 22:06:26
I0006059,U00344,P00004,view,2026-05-25 22:06:26
I0006060,U00135,P00320,view,2026-05-20 22:06:26
I0006061,U00154,P00268,view,2026-07-11 22:06:26
I0006062,U00544,P00145,click,2026-05-26 22:06:26
I0006063,U00334,P00278,view,2026-07-20 22:06:26
I0006064,U00661,P00143,wishlist,2026-06-14 22:06:26
I0006065,U00968,P00215,view,2026-07-17 22:06:26
I0006066,U00782,P00399,click,2026-06-12 22:06:26
I0006067,U00335,P00464,view,2026-06-26 22:06:26
I0006068,U00497,P00010,click,2026-08-05 22:06:26
I0006069,U00169,P00357,view,2026-07-27 22:06:26
I0006070,U00256,P00427,view,2026-06-11 22:06:26
I0006071,U00873,P00280,view,2026-05-23 22:06:26
I0006072,U00271,P00008,cart,2026-07-26 22:06:26
I0006073,U00353,P00166,view,2026-05-22 22:06:26
I0006074,U00720,P00071,view,2026-07-12 22:06:26
I0006075,U00863,P00161,view,2026-08-06 22:06:26
I0006076,U00559,P00286,click,2026-06-12 22:06:26
I0006077,U00729,P00103,view,2026-07-24 22:06:26
I0006078,U00856,P00336,click,2026-07-20 22:06:26
I0006079,U00416,P00053,cart,2026-08-17 22:06:26
I0006080,U00288,P00474,cart,2026-06-29 22:06:26
I0006081,U00708,P00383,click,2026-06-18 22:06:26
I0006082,U00945,P00076,click,2026-06-27 22:06:26
I0006083,U00528,P00314,view,2026-06-07 22:06:26
I0006084,U00350,P00076,view,2026-08-03 22:06:26
I0006085,U00132,P00180,view,2026-06-16 22:06:26
I0006086,U00235,P00046,click,2026-07-06 22:06:26
I0006087,U00011,P00358,click,2026-06-10 22:06:26
I0006088,U00649,P00316,purchase,2026-06-10 22:06:26
I0006089,U00472,P00043,cart,2026-06-25 22:06:26
I0006090,U00097,P00118,click,2026-06-14 22:06:26
I0006091,U00407,P00227,click,2026-05-21 22:06:26
I0006092,U00958,P00479,view,2026-05-21 22:06:26
I0006093,U00240,P00430,wishlist,2026-07-22 22:06:26
I0006094,U00913,P00495,view,2026-06-20 22:06:26
I0006095,U00368,P00109,click,2026-07-09 22:06:26
I0006096,U00323,P00237,view,2026-08-18 22:06:26
I0006097,U00705,P00085,view,2026-07-25 22:06:26
I0006098,U00155,P00211,view,2026-07-22 22:06:26
I0006099,U00123,P00176,view,2026-07-20 22:06:26
I0006100,U00578,P00073,cart,2026-06-23 22:06:26
I0006101,U00141,P00085,view,2026-07-16 22:06:26
I0006102,U00316,P00369,cart,2026-06-09 22:06:26
I0006103,U00417,P00315,click,2026-05-23 22:06:26
I0006104,U00848,P00023,view,2026-07-23 22:06:26
I0006105,U00419,P00400,view,2026-05-27 22:06:26
I0006106,U00844,P00272,view,2026-07-18 22:06:26
I0006107,U00121,P00087,view,2026-08-06 22:06:26
I0006108,U00282,P00432,view,2026-05-21 22:06:26
I0006109,U00537,P00002,click,2026-08-04 22:06:26
I0006110,U00092,P00198,wishlist,2026-07-20 22:06:26
I0006111,U00874,P00160,view,2026-07-22 22:06:26
I0006112,U00804,P00375,wishlist,2026-07-27 22:06:26
I0006113,U00167,P00467,view,2026-07-02 22:06:26
I0006114,U00718,P00311,click,2026-06-17 22:06:26
I0006115,U00849,P00385,view,2026-08-13 22:06:26
I0006116,U00089,P00347,view,2026-06-01 22:06:26
I0006117,U00609,P00433,click,2026-07-18 22:06:26
I0006118,U00944,P00036,view,2026-06-04 22:06:26
I0006119,U00155,P00370,view,2026-05-22 22:06:26
I0006120,U00415,P00118,click,2026-07-10 22:06:26
I0006121,U00307,P00471,view,2026-08-09 22:06:26
I0006122,U00841,P00313,view,2026-06-08 22:06:26
I0006123,U00615,P00240,view,2026-07-06 22:06:26
I0006124,U00317,P00369,wishlist,2026-06-15 22:06:26
I0006125,U00499,P00176,cart,2026-07-31 22:06:26
I0006126,U00183,P00061,click,2026-07-04 22:06:26
I0006127,U00856,P00351,click,2026-07-26 22:06:26
I0006128,U00817,P00453,view,2026-08-14 22:06:26
I0006129,U00563,P00216,click,2026-07-24 22:06:26
I0006130,U00105,P00144,wishlist,2026-05-31 22:06:26
I0006131,U00717,P00431,view,2026-05-30 22:06:26
I0006132,U00277,P00423,click,2026-07-04 22:06:26
I0006133,U00422,P00151,view,2026-07-08 22:06:26
I0006134,U00554,P00319,click,2026-06-14 22:06:26
I0006135,U00764,P00251,click,2026-06-18 22:06:26
I0006136,U00810,P00473,click,2026-05-26 22:06:26
I0006137,U00163,P00019,view,2026-07-23 22:06:26
I0006138,U00159,P00308,view,2026-06-14 22:06:26
I0006139,U00975,P00025,click,2026-08-18 22:06:26
I0006140,U00047,P00001,view,2026-07-19 22:06:26
I0006141,U00606,P00330,purchase,2026-07-15 22:06:26
I0006142,U00401,P00379,view,2026-07-12 22:06:26
I0006143,U00812,P00054,cart,2026-05-24 22:06:26
I0006144,U00046,P00430,click,2026-07-11 22:06:26
I0006145,U00351,P00016,view,2026-06-29 22:06:26
I0006146,U00994,P00397,click,2026-07-28 22:06:26
I0006147,U00363,P00432,view,2026-06-04 22:06:26
I0006148,U00788,P00304,cart,2026-07-02 22:06:26
I0006149,U00737,P00254,view,2026-07-25 22:06:26
I0006150,U00280,P00021,view,2026-06-07 22:06:26
I0006151,U00595,P00435,view,2026-05-24 22:06:26
I0006152,U00866,P00128,purchase,2026-07-25 22:06:26
I0006153,U00910,P00225,view,2026-08-05 22:06:26
I0006154,U00928,P00061,view,2026-05-24 22:06:26
I0006155,U00400,P00021,view,2026-05-26 22:06:26
I0006156,U00207,P00331,view,2026-06-08 22:06:26
I0006157,U00681,P00033,view,2026-05-23 22:06:26
I0006158,U00436,P00084,click,2026-07-04 22:06:26
I0006159,U00853,P00328,click,2026-07-28 22:06:26
I0006160,U00511,P00312,click,2026-05-30 22:06:26
I0006161,U00478,P00423,view,2026-07-13 22:06:26
I0006162,U00647,P00448,view,2026-07-08 22:06:26
I0006163,U00767,P00048,view,2026-07-27 22:06:26
I0006164,U00825,P00346,purchase,2026-05-25 22:06:26
I0006165,U00082,P00496,view,2026-05-27 22:06:26
I0006166,U00193,P00376,purchase,2026-06-26 22:06:26
I0006167,U00211,P00113,click,2026-07-03 22:06:26
I0006168,U00061,P00001,view,2026-07-23 22:06:26
I0006169,U00401,P00116,click,2026-07-16 22:06:26
I0006170,U00165,P00360,wishlist,2026-06-08 22:06:26
I0006171,U00038,P00409,view,2026-05-25 22:06:26
I0006172,U00537,P00295,click,2026-08-08 22:06:26
I0006173,U00591,P00298,view,2026-07-26 22:06:26
I0006174,U00280,P00084,click,2026-06-21 22:06:26
I0006175,U00802,P00194,click,2026-06-14 22:06:26
I0006176,U00596,P00095,wishlist,2026-06-24 22:06:26
I0006177,U00484,P00244,wishlist,2026-07-17 22:06:26
I0006178,U00922,P00205,cart,2026-07-26 22:06:26
I0006179,U00078,P00415,cart,2026-06-09 22:06:26
I0006180,U00402,P00157,view,2026-06-19 22:06:26
I0006181,U00225,P00486,cart,2026-07-10 22:06:26
I0006182,U00975,P00031,click,2026-05-26 22:06:26
I0006183,U00776,P00481,view,2026-07-08 22:06:26
I0006184,U00620,P00258,view,2026-08-17 22:06:26
I0006185,U00095,P00106,view,2026-06-29 22:06:26
I0006186,U00334,P00027,click,2026-07-28 22:06:26
I0006187,U00141,P00067,click,2026-08-17 22:06:26
I0006188,U00905,P00377,click,2026-06-01 22:06:26
I0006189,U00749,P00395,view,2026-06-06 22:06:26
I0006190,U00503,P00333,cart,2026-06-04 22:06:26
I0006191,U00669,P00037,click,2026-08-04 22:06:26
I0006192,U00593,P00335,purchase,2026-06-25 22:06:26
I0006193,U00111,P00301,cart,2026-06-21 22:06:26
I0006194,U00859,P00022,wishlist,2026-06-18 22:06:26
I0006195,U00269,P00372,click,2026-07-23 22:06:26
I0006196,U00313,P00240,wishlist,2026-06-10 22:06:26
I0006197,U00008,P00425,view,2026-06-04 22:06:26
I0006198,U00974,P00115,cart,2026-06-07 22:06:26
I0006199,U00095,P00359,view,2026-07-21 22:06:26
I0006200,U00100,P00062,view,2026-07-26 22:06:26
I0006201,U00407,P00123,wishlist,2026-07-12 22:06:26
I0006202,U00510,P00388,view,2026-05-27 22:06:26
I0006203,U00067,P00416,view,2026-06-25 22:06:26
I0006204,U00409,P00318,click,2026-08-09 22:06:26
I0006205,U00978,P00493,click,2026-05-31 22:06:26
I0006206,U00649,P00296,click,2026-07-09 22:06:26
I0006207,U00412,P00075,click,2026-07-25 22:06:26
I0006208,U00675,P00061,view,2026-06-05 22:06:26
I0006209,U00395,P00363,view,2026-06-02 22:06:26
I0006210,U00922,P00439,view,2026-07-08 22:06:26
I0006211,U00926,P00316,wishlist,2026-05-26 22:06:26
I0006212,U00639,P00128,view,2026-06-30 22:06:26
I0006213,U00431,P00005,click,2026-08-07 22:06:26
I0006214,U00001,P00230,view,2026-06-06 22:06:26
I0006215,U00644,P00211,cart,2026-07-18 22:06:26
I0006216,U00990,P00088,cart,2026-07-15 22:06:26
I0006217,U00998,P00274,click,2026-06-08 22:06:26
I0006218,U00953,P00007,view,2026-08-02 22:06:26
I0006219,U00412,P00331,cart,2026-05-28 22:06:26
I0006220,U00637,P00249,view,2026-07-21 22:06:26
I0006221,U00275,P00051,view,2026-08-13 22:06:26
I0006222,U00959,P00347,view,2026-07-23 22:06:26
I0006223,U00196,P00011,view,2026-08-03 22:06:26
I0006224,U00430,P00445,click,2026-05-21 22:06:26
I0006225,U00196,P00209,view,2026-07-15 22:06:26
I0006226,U00507,P00087,cart,2026-05-30 22:06:26
I0006227,U00555,P00313,view,2026-05-26 22:06:26
I0006228,U00484,P00331,purchase,2026-07-28 22:06:26
I0006229,U00333,P00244,view,2026-08-10 22:06:26
I0006230,U00914,P00402,click,2026-06-28 22:06:26
I0006231,U00250,P00007,view,2026-07-14 22:06:26
I0006232,U00656,P00454,cart,2026-06-23 22:06:26
I0006233,U00859,P00182,click,2026-06-04 22:06:26
I0006234,U00867,P00205,cart,2026-07-04 22:06:26
I0006235,U00788,P00147,view,2026-07-27 22:06:26
I0006236,U00107,P00118,click,2026-06-16 22:06:26
I0006237,U00678,P00074,view,2026-06-18 22:06:26
I0006238,U00782,P00194,view,2026-07-03 22:06:26
I0006239,U00060,P00078,view,2026-08-15 22:06:26
I0006240,U00504,P00247,click,2026-08-13 22:06:26
I0006241,U00369,P00163,view,2026-08-13 22:06:26
I0006242,U00961,P00028,click,2026-08-01 22:06:26
I0006243,U00415,P00104,view,2026-06-15 22:06:26
I0006244,U00621,P00179,wishlist,2026-08-10 22:06:26
I0006245,U00992,P00417,view,2026-08-16 22:06:26
I0006246,U00691,P00282,view,2026-06-19 22:06:26
I0006247,U00103,P00454,wishlist,2026-06-21 22:06:26
I0006248,U00572,P00413,view,2026-08-06 22:06:26
I0006249,U00767,P00279,view,2026-05-25 22:06:26
I0006250,U00290,P00041,view,2026-08-17 22:06:26
I0006251,U00259,P00458,view,2026-06-24 22:06:26
I0006252,U00889,P00016,view,2026-08-14 22:06:26
I0006253,U00870,P00480,cart,2026-07-01 22:06:26
I0006254,U00515,P00392,view,2026-08-11 22:06:26
I0006255,U00277,P00068,view,2026-06-05 22:06:26
I0006256,U00572,P00231,click,2026-07-04 22:06:26
I0006257,U00446,P00275,view,2026-05-20 22:06:26
I0006258,U00957,P00373,purchase,2026-06-20 22:06:26
I0006259,U00848,P00178,wishlist,2026-08-13 22:06:26
I0006260,U00687,P00411,view,2026-08-07 22:06:26
I0006261,U00075,P00285,view,2026-07-09 22:06:26
I0006262,U00635,P00356,view,2026-07-01 22:06:26
I0006263,U00103,P00166,view,2026-06-09 22:06:26
I0006264,U00758,P00201,view,2026-06-01 22:06:26
I0006265,U00035,P00251,click,2026-08-06 22:06:26
I0006266,U00248,P00063,click,2026-07-05 22:06:26
I0006267,U00907,P00313,view,2026-06-30 22:06:26
I0006268,U00563,P00393,cart,2026-08-06 22:06:26
I0006269,U00294,P00041,view,2026-08-18 22:06:26
I0006270,U00098,P00331,view,2026-08-12 22:06:26
I0006271,U00700,P00034,view,2026-06-24 22:06:26
I0006272,U00142,P00341,cart,2026-07-31 22:06:26
I0006273,U00939,P00491,purchase,2026-06-04 22:06:26
I0006274,U00472,P00430,view,2026-06-03 22:06:26
I0006275,U00324,P00213,click,2026-05-27 22:06:26
I0006276,U00500,P00065,wishlist,2026-07-14 22:06:26
I0006277,U00899,P00103,view,2026-06-05 22:06:26
I0006278,U00024,P00225,wishlist,2026-06-12 22:06:26
I0006279,U00389,P00153,purchase,2026-07-18 22:06:26
I0006280,U00619,P00266,view,2026-06-12 22:06:26
I0006281,U00365,P00039,view,2026-06-09 22:06:26
I0006282,U00436,P00364,click,2026-06-03 22:06:26
I0006283,U00286,P00403,cart,2026-08-14 22:06:26
I0006284,U00225,P00177,wishlist,2026-06-15 22:06:26
I0006285,U00940,P00348,purchase,2026-06-05 22:06:26
I0006286,U00344,P00499,view,2026-05-25 22:06:26
I0006287,U00058,P00060,view,2026-07-14 22:06:26
I0006288,U00054,P00212,view,2026-06-30 22:06:26
I0006289,U00767,P00215,view,2026-07-31 22:06:26
I0006290,U00780,P00441,click,2026-07-02 22:06:26
I0006291,U00888,P00347,purchase,2026-07-08 22:06:26
I0006292,U00688,P00008,view,2026-07-23 22:06:26
I0006293,U00433,P00308,purchase,2026-06-14 22:06:26
I0006294,U00840,P00341,click,2026-06-09 22:06:26
I0006295,U00821,P00482,view,2026-06-05 22:06:26
I0006296,U00348,P00162,cart,2026-06-21 22:06:26
I0006297,U00609,P00204,view,2026-06-28 22:06:26
I0006298,U00217,P00329,click,2026-08-16 22:06:26
I0006299,U00404,P00451,view,2026-05-25 22:06:26
I0006300,U00864,P00075,view,2026-05-24 22:06:26
I0006301,U00458,P00117,view,2026-06-14 22:06:26
I0006302,U00737,P00243,view,2026-07-27 22:06:26
I0006303,U00285,P00312,cart,2026-06-28 22:06:26
I0006304,U00881,P00486,view,2026-07-20 22:06:26
I0006305,U00032,P00016,click,2026-07-02 22:06:26
I0006306,U00982,P00491,wishlist,2026-07-05 22:06:26
I0006307,U00113,P00464,view,2026-05-25 22:06:26
I0006308,U00344,P00401,view,2026-07-20 22:06:26
I0006309,U00512,P00323,click,2026-07-19 22:06:26
I0006310,U00315,P00269,view,2026-06-01 22:06:26
I0006311,U00877,P00194,click,2026-06-27 22:06:26
I0006312,U00324,P00359,view,2026-06-06 22:06:26
I0006313,U00205,P00377,purchase,2026-07-09 22:06:26
I0006314,U00013,P00156,click,2026-06-30 22:06:26
I0006315,U00507,P00026,view,2026-06-12 22:06:26
I0006316,U00849,P00386,view,2026-07-28 22:06:26
I0006317,U00518,P00351,view,2026-07-07 22:06:26
I0006318,U00401,P00102,view,2026-08-18 22:06:26
I0006319,U00292,P00388,click,2026-08-15 22:06:26
I0006320,U00253,P00236,purchase,2026-05-31 22:06:26
I0006321,U00223,P00092,view,2026-07-26 22:06:26
I0006322,U00601,P00255,click,2026-06-16 22:06:26
I0006323,U00576,P00209,view,2026-08-14 22:06:26
I0006324,U00437,P00420,purchase,2026-06-25 22:06:26
I0006325,U00997,P00052,view,2026-08-08 22:06:26
I0006326,U00185,P00136,view,2026-07-14 22:06:26
I0006327,U00780,P00411,click,2026-08-07 22:06:26
I0006328,U00688,P00458,click,2026-05-26 22:06:26
I0006329,U00597,P00105,purchase,2026-08-12 22:06:26
I0006330,U00372,P00098,view,2026-06-22 22:06:26
I0006331,U00336,P00476,click,2026-05-23 22:06:26
I0006332,U00812,P00238,view,2026-08-06 22:06:26
I0006333,U00942,P00441,wishlist,2026-05-26 22:06:26
I0006334,U00592,P00220,view,2026-06-30 22:06:26
I0006335,U00277,P00132,view,2026-06-04 22:06:26
I0006336,U00172,P00280,view,2026-07-23 22:06:26
I0006337,U00728,P00257,wishlist,2026-07-06 22:06:26
I0006338,U00433,P00023,cart,2026-07-10 22:06:26
I0006339,U00370,P00112,click,2026-08-01 22:06:26
I0006340,U00395,P00062,view,2026-07-09 22:06:26
I0006341,U00429,P00046,click,2026-07-02 22:06:26
I0006342,U00143,P00066,click,2026-06-15 22:06:26
I0006343,U00087,P00395,purchase,2026-07-29 22:06:26
I0006344,U00170,P00332,click,2026-07-21 22:06:26
I0006345,U00737,P00079,view,2026-07-02 22:06:26
I0006346,U00668,P00317,click,2026-07-14 22:06:26
I0006347,U00915,P00456,view,2026-06-26 22:06:26
I0006348,U00503,P00441,click,2026-06-20 22:06:26
I0006349,U00360,P00412,view,2026-07-27 22:06:26
I0006350,U00938,P00119,cart,2026-07-30 22:06:26
I0006351,U00989,P00204,view,2026-06-03 22:06:26
I0006352,U00835,P00116,view,2026-06-20 22:06:26
I0006353,U00073,P00319,view,2026-06-17 22:06:26
I0006354,U00650,P00008,view,2026-08-17 22:06:26
I0006355,U00618,P00004,click,2026-06-20 22:06:26
I0006356,U00396,P00500,click,2026-06-13 22:06:26
I0006357,U00558,P00336,wishlist,2026-07-22 22:06:26
I0006358,U00578,P00235,click,2026-07-24 22:06:26
I0006359,U00023,P00229,view,2026-06-17 22:06:26
I0006360,U00051,P00389,view,2026-07-26 22:06:26
I0006361,U00459,P00068,view,2026-07-16 22:06:26
I0006362,U00939,P00149,view,2026-08-07 22:06:26
I0006363,U00045,P00391,click,2026-08-08 22:06:26
I0006364,U00402,P00030,view,2026-08-11 22:06:26
I0006365,U00088,P00281,cart,2026-05-27 22:06:26
I0006366,U00355,P00368,view,2026-08-07 22:06:26
I0006367,U00351,P00453,wishlist,2026-06-26 22:06:26
I0006368,U00808,P00390,view,2026-08-16 22:06:26
I0006369,U00049,P00335,view,2026-07-11 22:06:26
I0006370,U00516,P00414,wishlist,2026-06-04 22:06:26
I0006371,U00556,P00020,view,2026-07-17 22:06:26
I0006372,U00462,P00288,view,2026-07-15 22:06:26
I0006373,U00737,P00180,click,2026-06-24 22:06:26
I0006374,U00971,P00195,click,2026-06-08 22:06:26
I0006375,U00990,P00181,view,2026-07-08 22:06:26
I0006376,U00994,P00482,wishlist,2026-08-14 22:06:26
I0006377,U00906,P00050,wishlist,2026-06-10 22:06:26
I0006378,U00137,P00310,click,2026-07-25 22:06:26
I0006379,U00836,P00289,view,2026-05-23 22:06:26
I0006380,U00565,P00182,view,2026-05-31 22:06:26
I0006381,U00754,P00203,view,2026-08-17 22:06:26
I0006382,U00070,P00107,view,2026-07-01 22:06:26
I0006383,U00709,P00176,view,2026-06-11 22:06:26
I0006384,U00433,P00362,cart,2026-08-07 22:06:26
I0006385,U00266,P00439,view,2026-06-12 22:06:26
I0006386,U00216,P00003,cart,2026-06-07 22:06:26
I0006387,U00999,P00111,view,2026-08-13 22:06:26
I0006388,U00241,P00270,click,2026-07-05 22:06:26
I0006389,U00517,P00355,wishlist,2026-05-31 22:06:26
I0006390,U00267,P00401,view,2026-07-27 22:06:26
I0006391,U00120,P00017,click,2026-07-12 22:06:26
I0006392,U00831,P00382,click,2026-08-02 22:06:26
I0006393,U00135,P00180,click,2026-07-10 22:06:26
I0006394,U00186,P00206,view,2026-06-20 22:06:26
I0006395,U00306,P00489,view,2026-05-25 22:06:26
I0006396,U00165,P00270,view,2026-07-19 22:06:26
I0006397,U00503,P00091,view,2026-07-08 22:06:26
I0006398,U00666,P00452,click,2026-07-10 22:06:26
I0006399,U00785,P00377,purchase,2026-07-08 22:06:26
I0006400,U00870,P00376,view,2026-06-23 22:06:26
I0006401,U00879,P00423,click,2026-07-29 22:06:26
I0006402,U00503,P00453,view,2026-06-13 22:06:26
I0006403,U00068,P00157,view,2026-07-22 22:06:26
I0006404,U00895,P00132,view,2026-05-21 22:06:26
I0006405,U00980,P00339,view,2026-07-02 22:06:26
I0006406,U00243,P00200,click,2026-07-31 22:06:26
I0006407,U00200,P00146,view,2026-08-15 22:06:26
I0006408,U00787,P00374,wishlist,2026-07-14 22:06:26
I0006409,U00587,P00341,view,2026-05-22 22:06:26
I0006410,U00611,P00465,view,2026-06-30 22:06:26
I0006411,U00412,P00278,view,2026-06-02 22:06:26
I0006412,U00670,P00395,view,2026-07-30 22:06:26
I0006413,U00130,P00400,cart,2026-08-09 22:06:26
I0006414,U00410,P00453,click,2026-06-20 22:06:26
I0006415,U00324,P00237,view,2026-07-06 22:06:26
I0006416,U00351,P00462,cart,2026-07-29 22:06:26
I0006417,U00024,P00423,view,2026-07-19 22:06:26
I0006418,U00244,P00317,view,2026-07-25 22:06:26
I0006419,U00839,P00209,view,2026-07-03 22:06:26
I0006420,U00048,P00089,click,2026-06-04 22:06:26
I0006421,U00715,P00031,click,2026-08-16 22:06:26
I0006422,U00234,P00186,click,2026-07-04 22:06:26
I0006423,U00148,P00223,view,2026-07-19 22:06:26
I0006424,U00472,P00031,wishlist,2026-05-30 22:06:26
I0006425,U00396,P00053,view,2026-05-24 22:06:26
I0006426,U00650,P00340,view,2026-08-05 22:06:26
I0006427,U00259,P00125,wishlist,2026-07-02 22:06:26
I0006428,U00580,P00370,wishlist,2026-06-24 22:06:26
I0006429,U00664,P00484,view,2026-08-12 22:06:26
I0006430,U00268,P00498,cart,2026-08-16 22:06:26
I0006431,U00064,P00288,view,2026-06-06 22:06:26
I0006432,U00947,P00382,view,2026-06-10 22:06:26
I0006433,U00327,P00040,wishlist,2026-08-12 22:06:26
I0006434,U00849,P00500,click,2026-07-25 22:06:26
I0006435,U00563,P00210,view,2026-08-16 22:06:26
I0006436,U00147,P00175,cart,2026-07-01 22:06:26
I0006437,U00897,P00303,view,2026-06-04 22:06:26
I0006438,U00359,P00486,view,2026-06-30 22:06:26
I0006439,U00944,P00428,click,2026-07-26 22:06:26
I0006440,U00184,P00307,view,2026-07-22 22:06:26
I0006441,U00190,P00275,purchase,2026-06-17 22:06:26
I0006442,U00664,P00184,view,2026-06-18 22:06:26
I0006443,U00665,P00318,view,2026-05-22 22:06:26
I0006444,U00247,P00452,wishlist,2026-08-11 22:06:26
I0006445,U00587,P00415,cart,2026-07-05 22:06:26
I0006446,U00387,P00223,wishlist,2026-06-05 22:06:26
I0006447,U00555,P00214,wishlist,2026-07-21 22:06:26
I0006448,U00776,P00150,view,2026-07-05 22:06:26
I0006449,U00351,P00357,click,2026-07-17 22:06:26
I0006450,U00152,P00188,view,2026-06-06 22:06:26
I0006451,U00043,P00398,view,2026-06-11 22:06:26
I0006452,U00655,P00105,click,2026-06-13 22:06:26
I0006453,U00738,P00076,view,2026-07-24 22:06:26
I0006454,U00967,P00151,wishlist,2026-07-05 22:06:26
I0006455,U00316,P00157,view,2026-07-30 22:06:26
I0006456,U00375,P00491,cart,2026-05-23 22:06:26
I0006457,U00358,P00422,view,2026-08-14 22:06:26
I0006458,U00257,P00300,click,2026-05-22 22:06:26
I0006459,U00873,P00080,cart,2026-06-11 22:06:26
I0006460,U00695,P00412,view,2026-07-11 22:06:26
I0006461,U00394,P00399,click,2026-06-04 22:06:26
I0006462,U00693,P00109,click,2026-06-17 22:06:26
I0006463,U00301,P00475,click,2026-07-17 22:06:26
I0006464,U00325,P00152,view,2026-06-03 22:06:26
I0006465,U00909,P00460,view,2026-07-04 22:06:26
I0006466,U00280,P00043,view,2026-06-07 22:06:26
I0006467,U00558,P00275,click,2026-05-20 22:06:26
I0006468,U00561,P00208,view,2026-06-05 22:06:26
I0006469,U00284,P00066,purchase,2026-06-04 22:06:26
I0006470,U00059,P00207,view,2026-06-20 22:06:26
I0006471,U00861,P00417,click,2026-05-24 22:06:26
I0006472,U00661,P00335,view,2026-07-03 22:06:26
I0006473,U00418,P00340,cart,2026-06-08 22:06:26
I0006474,U00646,P00106,view,2026-07-17 22:06:26
I0006475,U00658,P00135,view,2026-08-03 22:06:26
I0006476,U00214,P00120,view,2026-06-25 22:06:26
I0006477,U00834,P00041,view,2026-06-17 22:06:26
I0006478,U00465,P00196,view,2026-06-22 22:06:26
I0006479,U00663,P00288,view,2026-07-10 22:06:26
I0006480,U00424,P00339,cart,2026-07-08 22:06:26
I0006481,U00112,P00369,click,2026-07-31 22:06:26
I0006482,U00134,P00441,view,2026-06-28 22:06:26
I0006483,U00446,P00242,click,2026-07-23 22:06:26
I0006484,U00608,P00077,cart,2026-07-25 22:06:26
I0006485,U00198,P00431,click,2026-06-06 22:06:26
I0006486,U00105,P00183,view,2026-05-26 22:06:26
I0006487,U00504,P00135,view,2026-07-09 22:06:26
I0006488,U00969,P00226,view,2026-06-18 22:06:26
I0006489,U00890,P00426,cart,2026-06-14 22:06:26
I0006490,U00834,P00281,purchase,2026-08-13 22:06:26
I0006491,U00133,P00228,view,2026-06-14 22:06:26
I0006492,U00357,P00139,view,2026-07-08 22:06:26
I0006493,U00297,P00419,view,2026-06-15 22:06:26
I0006494,U00067,P00230,wishlist,2026-07-17 22:06:26
I0006495,U00595,P00169,wishlist,2026-07-05 22:06:26
I0006496,U00704,P00235,click,2026-07-22 22:06:26
I0006497,U00161,P00065,wishlist,2026-06-06 22:06:26
I0006498,U00299,P00025,view,2026-06-01 22:06:26
I0006499,U00012,P00445,click,2026-06-29 22:06:26
I0006500,U00351,P00485,click,2026-07-20 22:06:26
I0006501,U00760,P00127,cart,2026-08-17 22:06:26
I0006502,U00204,P00176,view,2026-07-09 22:06:26
I0006503,U00949,P00203,view,2026-06-04 22:06:26
I0006504,U00519,P00030,view,2026-06-18 22:06:26
I0006505,U00322,P00165,view,2026-06-07 22:06:26
I0006506,U00800,P00063,click,2026-06-20 22:06:26
I0006507,U00493,P00304,view,2026-08-15 22:06:26
I0006508,U00938,P00223,click,2026-07-21 22:06:26
I0006509,U00187,P00336,view,2026-08-07 22:06:26
I0006510,U00881,P00440,view,2026-06-18 22:06:26
I0006511,U00808,P00028,click,2026-07-21 22:06:26
I0006512,U00609,P00452,click,2026-07-25 22:06:26
I0006513,U00868,P00057,view,2026-06-27 22:06:26
I0006514,U00177,P00312,view,2026-08-15 22:06:26
I0006515,U00224,P00204,cart,2026-05-29 22:06:26
I0006516,U00066,P00309,view,2026-05-27 22:06:26
I0006517,U00088,P00208,view,2026-08-08 22:06:26
I0006518,U00058,P00499,click,2026-06-20 22:06:26
I0006519,U00758,P00159,click,2026-07-31 22:06:26
I0006520,U00953,P00282,click,2026-07-20 22:06:26
I0006521,U00305,P00204,click,2026-06-01 22:06:26
I0006522,U00077,P00303,view,2026-06-08 22:06:26
I0006523,U00520,P00119,click,2026-08-16 22:06:26
I0006524,U00209,P00355,view,2026-06-29 22:06:26
I0006525,U00421,P00339,click,2026-08-15 22:06:26
I0006526,U00828,P00056,view,2026-07-15 22:06:26
I0006527,U00595,P00075,click,2026-08-14 22:06:26
I0006528,U00041,P00362,view,2026-05-20 22:06:26
I0006529,U00342,P00042,view,2026-06-23 22:06:26
I0006530,U00291,P00479,view,2026-08-08 22:06:26
I0006531,U00250,P00011,view,2026-08-01 22:06:26
I0006532,U00758,P00113,view,2026-06-06 22:06:26
I0006533,U00048,P00156,wishlist,2026-05-29 22:06:26
I0006534,U00241,P00112,click,2026-05-22 22:06:26
I0006535,U00587,P00289,click,2026-07-31 22:06:26
I0006536,U00420,P00088,purchase,2026-07-31 22:06:26
I0006537,U00910,P00034,click,2026-06-02 22:06:26
I0006538,U00442,P00176,view,2026-07-09 22:06:26
I0006539,U00780,P00364,view,2026-07-10 22:06:26
I0006540,U00986,P00158,view,2026-08-07 22:06:26
I0006541,U00011,P00264,wishlist,2026-06-24 22:06:26
I0006542,U00647,P00371,cart,2026-08-09 22:06:26
I0006543,U00662,P00146,click,2026-07-02 22:06:26
I0006544,U00280,P00368,cart,2026-08-02 22:06:26
I0006545,U00694,P00232,purchase,2026-08-15 22:06:26
I0006546,U00182,P00293,view,2026-07-29 22:06:26
I0006547,U00302,P00211,view,2026-05-26 22:06:26
I0006548,U00033,P00347,purchase,2026-06-04 22:06:26
I0006549,U00297,P00102,view,2026-08-18 22:06:26
I0006550,U00920,P00003,cart,2026-07-15 22:06:26
I0006551,U00938,P00194,click,2026-07-09 22:06:26
I0006552,U00229,P00173,view,2026-07-14 22:06:26
I0006553,U00039,P00285,view,2026-08-05 22:06:26
I0006554,U00674,P00188,click,2026-07-11 22:06:26
I0006555,U00919,P00291,cart,2026-06-27 22:06:26
I0006556,U00163,P00387,view,2026-06-20 22:06:26
I0006557,U00408,P00478,cart,2026-07-05 22:06:26
I0006558,U00903,P00207,wishlist,2026-07-22 22:06:26
I0006559,U00056,P00050,view,2026-07-18 22:06:26
I0006560,U00055,P00158,view,2026-06-05 22:06:26
I0006561,U00669,P00290,view,2026-07-01 22:06:26
I0006562,U00614,P00461,cart,2026-06-20 22:06:26
I0006563,U00879,P00208,view,2026-07-28 22:06:26
I0006564,U00394,P00358,purchase,2026-08-15 22:06:26
I0006565,U00011,P00048,cart,2026-05-31 22:06:26
I0006566,U00210,P00068,cart,2026-06-20 22:06:26
I0006567,U00187,P00070,click,2026-06-09 22:06:26
I0006568,U00327,P00138,wishlist,2026-06-22 22:06:26
I0006569,U00003,P00267,view,2026-06-12 22:06:26
I0006570,U00371,P00055,click,2026-06-04 22:06:26
I0006571,U00047,P00321,click,2026-07-09 22:06:26
I0006572,U00194,P00124,view,2026-08-09 22:06:26
I0006573,U00467,P00207,view,2026-06-22 22:06:26
I0006574,U00679,P00326,view,2026-08-10 22:06:26
I0006575,U00108,P00316,cart,2026-07-17 22:06:26
I0006576,U00102,P00388,view,2026-06-13 22:06:26
I0006577,U00965,P00076,wishlist,2026-08-10 22:06:26
I0006578,U00848,P00316,view,2026-06-25 22:06:26
I0006579,U00928,P00056,view,2026-06-07 22:06:26
I0006580,U00832,P00441,view,2026-07-15 22:06:26
I0006581,U00081,P00407,click,2026-06-29 22:06:26
I0006582,U00364,P00440,view,2026-07-23 22:06:26
I0006583,U00045,P00305,view,2026-07-02 22:06:26
I0006584,U00663,P00399,view,2026-07-30 22:06:26
I0006585,U00122,P00075,wishlist,2026-08-11 22:06:26
I0006586,U00399,P00015,view,2026-07-21 22:06:26
I0006587,U00738,P00211,view,2026-07-09 22:06:26
I0006588,U00500,P00278,view,2026-07-09 22:06:26
I0006589,U00041,P00484,click,2026-08-15 22:06:26
I0006590,U00930,P00090,wishlist,2026-07-15 22:06:26
I0006591,U00580,P00416,click,2026-07-28 22:06:26
I0006592,U00485,P00340,view,2026-05-31 22:06:26
I0006593,U00559,P00162,click,2026-06-02 22:06:26
I0006594,U00854,P00406,view,2026-08-03 22:06:26
I0006595,U00719,P00113,click,2026-07-26 22:06:26
I0006596,U00600,P00278,click,2026-05-25 22:06:26
I0006597,U00096,P00063,view,2026-05-25 22:06:26
I0006598,U00026,P00362,wishlist,2026-07-07 22:06:26
I0006599,U00935,P00487,purchase,2026-08-12 22:06:26
I0006600,U00503,P00085,click,2026-06-18 22:06:26
I0006601,U00816,P00473,cart,2026-07-27 22:06:26
I0006602,U00513,P00126,cart,2026-05-27 22:06:26
I0006603,U00344,P00447,click,2026-07-15 22:06:26
I0006604,U00282,P00118,view,2026-05-27 22:06:26
I0006605,U00382,P00460,view,2026-08-03 22:06:26
I0006606,U00415,P00182,view,2026-06-01 22:06:26
I0006607,U00183,P00329,view,2026-06-23 22:06:26
I0006608,U00052,P00143,view,2026-05-28 22:06:26
I0006609,U00496,P00262,view,2026-07-21 22:06:26
I0006610,U00193,P00270,click,2026-08-13 22:06:26
I0006611,U00852,P00029,view,2026-05-23 22:06:26
I0006612,U00850,P00101,view,2026-07-25 22:06:26
I0006613,U00286,P00140,view,2026-07-04 22:06:26
I0006614,U00007,P00145,view,2026-08-11 22:06:26
I0006615,U00622,P00156,view,2026-08-14 22:06:26
I0006616,U00116,P00139,purchase,2026-07-20 22:06:26
I0006617,U00726,P00498,view,2026-08-01 22:06:26
I0006618,U00813,P00164,view,2026-07-10 22:06:26
I0006619,U00756,P00333,view,2026-08-18 22:06:26
I0006620,U00852,P00048,view,2026-06-24 22:06:26
I0006621,U00006,P00255,cart,2026-07-07 22:06:26
I0006622,U00062,P00442,view,2026-07-18 22:06:26
I0006623,U00648,P00154,cart,2026-06-01 22:06:26
I0006624,U00675,P00068,click,2026-08-03 22:06:26
I0006625,U00629,P00446,cart,2026-07-05 22:06:26
I0006626,U00296,P00186,click,2026-08-10 22:06:26
I0006627,U00795,P00252,view,2026-06-21 22:06:26
I0006628,U00586,P00044,wishlist,2026-06-27 22:06:26
I0006629,U00065,P00361,wishlist,2026-05-20 22:06:26
I0006630,U00908,P00075,wishlist,2026-05-22 22:06:26
I0006631,U00892,P00133,view,2026-06-20 22:06:26
I0006632,U00413,P00063,click,2026-07-20 22:06:26
I0006633,U00208,P00438,view,2026-07-14 22:06:26
I0006634,U00990,P00059,purchase,2026-07-19 22:06:26
I0006635,U00634,P00485,wishlist,2026-06-17 22:06:26
I0006636,U00417,P00279,view,2026-07-09 22:06:26
I0006637,U00856,P00069,view,2026-06-01 22:06:26
I0006638,U00054,P00078,view,2026-06-30 22:06:26
I0006639,U00681,P00308,view,2026-08-01 22:06:26
I0006640,U00881,P00413,view,2026-06-04 22:06:26
I0006641,U00353,P00330,view,2026-06-02 22:06:26
I0006642,U00095,P00309,view,2026-08-06 22:06:26
I0006643,U00652,P00441,click,2026-07-12 22:06:26
I0006644,U00006,P00476,cart,2026-08-10 22:06:26
I0006645,U00291,P00058,cart,2026-06-15 22:06:26
I0006646,U00916,P00005,cart,2026-07-23 22:06:26
I0006647,U00372,P00263,view,2026-06-21 22:06:26
I0006648,U00649,P00274,wishlist,2026-07-17 22:06:26
I0006649,U00093,P00359,wishlist,2026-06-28 22:06:26
I0006650,U00691,P00388,wishlist,2026-08-14 22:06:26
I0006651,U00719,P00302,click,2026-07-10 22:06:26
I0006652,U00420,P00052,view,2026-06-15 22:06:26
I0006653,U00125,P00018,view,2026-08-08 22:06:26
I0006654,U00634,P00181,click,2026-06-22 22:06:26
I0006655,U00726,P00309,view,2026-06-26 22:06:26
I0006656,U00640,P00125,cart,2026-07-21 22:06:26
I0006657,U00124,P00270,cart,2026-06-17 22:06:26
I0006658,U00453,P00360,click,2026-07-18 22:06:26
I0006659,U00651,P00451,view,2026-07-20 22:06:26
I0006660,U00726,P00212,view,2026-06-17 22:06:26
I0006661,U00879,P00159,view,2026-05-24 22:06:26
I0006662,U00924,P00300,view,2026-07-16 22:06:26
I0006663,U00099,P00445,view,2026-05-21 22:06:26
I0006664,U00831,P00473,click,2026-07-13 22:06:26
I0006665,U00944,P00263,view,2026-08-07 22:06:26
I0006666,U00345,P00487,view,2026-06-18 22:06:26
I0006667,U00045,P00463,cart,2026-06-12 22:06:26
I0006668,U00135,P00470,view,2026-06-28 22:06:26
I0006669,U00766,P00085,cart,2026-07-27 22:06:26
I0006670,U00723,P00060,view,2026-07-26 22:06:26
I0006671,U00058,P00368,view,2026-06-22 22:06:26
I0006672,U00495,P00063,view,2026-07-15 22:06:26
I0006673,U00705,P00396,view,2026-07-02 22:06:26
I0006674,U00887,P00227,view,2026-07-31 22:06:26
I0006675,U00323,P00077,click,2026-07-31 22:06:26
I0006676,U00626,P00306,click,2026-07-14 22:06:26
I0006677,U00475,P00471,view,2026-08-15 22:06:26
I0006678,U00023,P00128,click,2026-07-29 22:06:26
I0006679,U00247,P00311,view,2026-05-24 22:06:26
I0006680,U00473,P00435,view,2026-08-18 22:06:26
I0006681,U00024,P00157,wishlist,2026-08-02 22:06:26
I0006682,U00526,P00216,view,2026-08-07 22:06:26
I0006683,U00884,P00156,view,2026-07-13 22:06:26
I0006684,U00721,P00130,view,2026-05-31 22:06:26
I0006685,U00417,P00218,view,2026-06-22 22:06:26
I0006686,U00865,P00381,view,2026-06-22 22:06:26
I0006687,U00327,P00313,view,2026-06-21 22:06:26
I0006688,U00409,P00406,view,2026-07-10 22:06:26
I0006689,U00348,P00003,click,2026-07-13 22:06:26
I0006690,U00489,P00481,click,2026-08-07 22:06:26
I0006691,U00865,P00052,click,2026-06-03 22:06:26
I0006692,U00270,P00281,view,2026-06-11 22:06:26
I0006693,U00494,P00149,click,2026-07-28 22:06:26
I0006694,U00708,P00298,purchase,2026-07-31 22:06:26
I0006695,U00411,P00342,cart,2026-06-03 22:06:26
I0006696,U00979,P00426,view,2026-07-12 22:06:26
I0006697,U00432,P00203,view,2026-05-21 22:06:26
I0006698,U00479,P00131,click,2026-07-13 22:06:26
I0006699,U00307,P00355,view,2026-08-07 22:06:26
I0006700,U00752,P00417,view,2026-08-09 22:06:26
I0006701,U00351,P00407,view,2026-06-30 22:06:26
I0006702,U00670,P00392,view,2026-07-27 22:06:26
I0006703,U00174,P00130,view,2026-07-25 22:06:26
I0006704,U00737,P00261,view,2026-07-13 22:06:26
I0006705,U00662,P00037,cart,2026-08-16 22:06:26
I0006706,U00262,P00389,wishlist,2026-05-23 22:06:26
I0006707,U00620,P00114,click,2026-06-28 22:06:26
I0006708,U00166,P00457,view,2026-05-25 22:06:26
I0006709,U00410,P00477,click,2026-06-14 22:06:26
I0006710,U00440,P00072,cart,2026-06-21 22:06:26
I0006711,U00306,P00396,view,2026-05-27 22:06:26
I0006712,U00169,P00123,view,2026-07-16 22:06:26
I0006713,U00047,P00257,click,2026-06-06 22:06:26
I0006714,U00441,P00011,view,2026-07-11 22:06:26
I0006715,U00991,P00496,click,2026-06-04 22:06:26
I0006716,U00021,P00331,click,2026-06-18 22:06:26
I0006717,U00903,P00342,click,2026-07-08 22:06:26
I0006718,U00841,P00372,view,2026-06-28 22:06:26
I0006719,U00530,P00364,wishlist,2026-07-22 22:06:26
I0006720,U00921,P00415,view,2026-07-01 22:06:26
I0006721,U00134,P00026,view,2026-08-05 22:06:26
I0006722,U00278,P00262,view,2026-08-14 22:06:26
I0006723,U00239,P00487,view,2026-07-12 22:06:26
I0006724,U00637,P00265,click,2026-08-10 22:06:26
I0006725,U00732,P00260,view,2026-07-25 22:06:26
I0006726,U00794,P00487,click,2026-08-09 22:06:26
I0006727,U00851,P00366,view,2026-08-04 22:06:26
I0006728,U00365,P00223,view,2026-06-22 22:06:26
I0006729,U00671,P00487,cart,2026-07-23 22:06:26
I0006730,U00470,P00096,wishlist,2026-07-03 22:06:26
I0006731,U00008,P00288,view,2026-06-04 22:06:26
I0006732,U00636,P00252,cart,2026-05-31 22:06:26
I0006733,U00232,P00424,click,2026-07-09 22:06:26
I0006734,U00177,P00002,click,2026-06-20 22:06:26
I0006735,U00919,P00425,view,2026-08-08 22:06:26
I0006736,U00676,P00173,view,2026-05-25 22:06:26
I0006737,U00750,P00176,view,2026-07-24 22:06:26
I0006738,U00812,P00244,view,2026-08-18 22:06:26
I0006739,U00135,P00406,click,2026-05-30 22:06:26
I0006740,U00079,P00451,wishlist,2026-05-29 22:06:26
I0006741,U00811,P00431,view,2026-07-11 22:06:26
I0006742,U00021,P00346,view,2026-06-09 22:06:26
I0006743,U00885,P00090,click,2026-06-23 22:06:26
I0006744,U00952,P00067,view,2026-07-01 22:06:26
I0006745,U00540,P00479,view,2026-07-01 22:06:26
I0006746,U00655,P00221,click,2026-07-25 22:06:26
I0006747,U00868,P00101,click,2026-06-23 22:06:26
I0006748,U00316,P00439,view,2026-07-11 22:06:26
I0006749,U00925,P00028,view,2026-05-25 22:06:26
I0006750,U00931,P00210,wishlist,2026-07-02 22:06:26
I0006751,U00481,P00405,view,2026-08-01 22:06:26
I0006752,U00865,P00117,click,2026-06-14 22:06:26
I0006753,U00708,P00135,cart,2026-06-14 22:06:26
I0006754,U00562,P00445,click,2026-05-22 22:06:26
I0006755,U00399,P00273,click,2026-07-29 22:06:26
I0006756,U00864,P00011,purchase,2026-06-09 22:06:26
I0006757,U00824,P00300,purchase,2026-06-12 22:06:26
I0006758,U00812,P00445,view,2026-07-03 22:06:26
I0006759,U00123,P00191,click,2026-07-05 22:06:26
I0006760,U00985,P00210,view,2026-06-07 22:06:26
I0006761,U00069,P00396,view,2026-08-17 22:06:26
I0006762,U00042,P00284,view,2026-06-05 22:06:26
I0006763,U00813,P00148,click,2026-06-30 22:06:26
I0006764,U00560,P00154,view,2026-08-18 22:06:26
I0006765,U00768,P00374,view,2026-06-18 22:06:26
I0006766,U00705,P00361,view,2026-08-03 22:06:26
I0006767,U00778,P00006,view,2026-07-30 22:06:26
I0006768,U00110,P00477,view,2026-06-23 22:06:26
I0006769,U00236,P00272,view,2026-06-10 22:06:26
I0006770,U00449,P00336,purchase,2026-07-22 22:06:26
I0006771,U00940,P00396,view,2026-07-12 22:06:26
I0006772,U00286,P00453,view,2026-08-11 22:06:26
I0006773,U00628,P00145,view,2026-06-18 22:06:26
I0006774,U00090,P00314,click,2026-06-03 22:06:26
I0006775,U00455,P00462,wishlist,2026-06-05 22:06:26
I0006776,U00897,P00326,click,2026-08-12 22:06:26
I0006777,U00965,P00266,cart,2026-06-15 22:06:26
I0006778,U00942,P00341,click,2026-08-13 22:06:26
I0006779,U00917,P00499,wishlist,2026-08-14 22:06:26
I0006780,U00759,P00131,wishlist,2026-08-12 22:06:26
I0006781,U00573,P00022,view,2026-07-07 22:06:26
I0006782,U00151,P00367,view,2026-06-11 22:06:26
I0006783,U00954,P00066,view,2026-06-14 22:06:26
I0006784,U00712,P00226,click,2026-06-01 22:06:26
I0006785,U00296,P00331,wishlist,2026-08-02 22:06:26
I0006786,U00657,P00300,view,2026-07-26 22:06:26
I0006787,U01000,P00040,wishlist,2026-06-27 22:06:26
I0006788,U00025,P00452,click,2026-06-29 22:06:26
I0006789,U00112,P00099,click,2026-07-10 22:06:26
I0006790,U00318,P00305,view,2026-07-01 22:06:26
I0006791,U00136,P00225,click,2026-07-21 22:06:26
I0006792,U00378,P00290,view,2026-08-18 22:06:26
I0006793,U00405,P00364,view,2026-07-20 22:06:26
I0006794,U00218,P00497,view,2026-07-23 22:06:26
I0006795,U00862,P00451,view,2026-07-08 22:06:26
I0006796,U00723,P00037,view,2026-06-09 22:06:26
I0006797,U00064,P00028,view,2026-07-31 22:06:26
I0006798,U00404,P00113,view,2026-06-07 22:06:26
I0006799,U00972,P00314,view,2026-08-16 22:06:26
I0006800,U00188,P00428,view,2026-06-16 22:06:26
I0006801,U00608,P00038,view,2026-07-21 22:06:26
I0006802,U00377,P00338,click,2026-05-29 22:06:26
I0006803,U00512,P00378,click,2026-07-01 22:06:26
I0006804,U00959,P00060,click,2026-06-26 22:06:26
I0006805,U00955,P00060,view,2026-05-28 22:06:26
I0006806,U00273,P00001,view,2026-07-09 22:06:26
I0006807,U00085,P00248,view,2026-06-06 22:06:26
I0006808,U00302,P00334,view,2026-06-05 22:06:26
I0006809,U00286,P00357,click,2026-07-23 22:06:26
I0006810,U00588,P00409,view,2026-07-05 22:06:26
I0006811,U00872,P00428,view,2026-08-18 22:06:26
I0006812,U00457,P00378,click,2026-06-24 22:06:26
I0006813,U00181,P00304,click,2026-07-21 22:06:26
I0006814,U00008,P00291,click,2026-08-13 22:06:26
I0006815,U00921,P00012,view,2026-06-12 22:06:26
I0006816,U00973,P00335,wishlist,2026-06-03 22:06:26
I0006817,U00670,P00217,click,2026-06-15 22:06:26
I0006818,U00396,P00102,purchase,2026-07-14 22:06:26
I0006819,U00628,P00320,view,2026-06-06 22:06:26
I0006820,U00465,P00219,view,2026-07-27 22:06:26
I0006821,U00732,P00026,view,2026-07-08 22:06:26
I0006822,U00335,P00267,click,2026-07-28 22:06:26
I0006823,U00564,P00149,view,2026-06-06 22:06:26
I0006824,U00627,P00047,cart,2026-06-30 22:06:26
I0006825,U00060,P00457,click,2026-07-26 22:06:26
I0006826,U00011,P00074,view,2026-06-08 22:06:26
I0006827,U00723,P00255,view,2026-05-29 22:06:26
I0006828,U00977,P00342,cart,2026-05-25 22:06:26
I0006829,U00207,P00243,cart,2026-07-15 22:06:26
I0006830,U00882,P00406,view,2026-06-07 22:06:26
I0006831,U00207,P00013,cart,2026-08-13 22:06:26
I0006832,U00271,P00234,view,2026-07-10 22:06:26
I0006833,U00741,P00356,click,2026-06-17 22:06:26
I0006834,U00037,P00012,view,2026-06-16 22:06:26
I0006835,U00174,P00410,click,2026-05-21 22:06:26
I0006836,U00641,P00241,click,2026-07-01 22:06:26
I0006837,U00828,P00098,click,2026-06-22 22:06:26
I0006838,U00278,P00025,purchase,2026-06-27 22:06:26
I0006839,U00621,P00084,click,2026-06-22 22:06:26
I0006840,U00469,P00100,cart,2026-05-22 22:06:26
I0006841,U00805,P00241,view,2026-06-11 22:06:26
I0006842,U00495,P00355,view,2026-06-23 22:06:26
I0006843,U00751,P00452,cart,2026-05-29 22:06:26
I0006844,U00934,P00082,view,2026-08-07 22:06:26
I0006845,U00734,P00179,view,2026-07-23 22:06:26
I0006846,U00594,P00032,view,2026-06-12 22:06:26
I0006847,U00802,P00495,view,2026-05-21 22:06:26
I0006848,U00079,P00198,click,2026-07-16 22:06:26
I0006849,U00294,P00070,view,2026-07-11 22:06:26
I0006850,U00917,P00464,wishlist,2026-06-02 22:06:26
I0006851,U00678,P00472,click,2026-07-30 22:06:26
I0006852,U00008,P00474,view,2026-08-16 22:06:26
I0006853,U00985,P00016,view,2026-08-14 22:06:26
I0006854,U00269,P00245,click,2026-06-26 22:06:26
I0006855,U00504,P00273,view,2026-06-12 22:06:26
I0006856,U00022,P00341,view,2026-05-20 22:06:26
I0006857,U00434,P00055,view,2026-07-29 22:06:26
I0006858,U00336,P00115,view,2026-06-28 22:06:26
I0006859,U00349,P00264,wishlist,2026-06-28 22:06:26
I0006860,U00428,P00334,cart,2026-07-19 22:06:26
I0006861,U00630,P00317,click,2026-08-17 22:06:26
I0006862,U00124,P00298,view,2026-08-18 22:06:26
I0006863,U00517,P00320,click,2026-08-16 22:06:26
I0006864,U00374,P00086,view,2026-06-02 22:06:26
I0006865,U00477,P00254,view,2026-07-20 22:06:26
I0006866,U00454,P00297,click,2026-06-02 22:06:26
I0006867,U00512,P00387,wishlist,2026-07-22 22:06:26
I0006868,U00595,P00152,view,2026-07-30 22:06:26
I0006869,U00638,P00275,cart,2026-06-08 22:06:26
I0006870,U00296,P00084,view,2026-05-27 22:06:26
I0006871,U00246,P00301,purchase,2026-08-08 22:06:26
I0006872,U00471,P00141,view,2026-08-14 22:06:26
I0006873,U00390,P00402,view,2026-06-28 22:06:26
I0006874,U00600,P00231,cart,2026-07-17 22:06:26
I0006875,U00145,P00313,click,2026-07-03 22:06:26
I0006876,U00748,P00234,view,2026-07-31 22:06:26
I0006877,U00380,P00099,click,2026-06-03 22:06:26
I0006878,U00479,P00295,view,2026-05-23 22:06:26
I0006879,U00487,P00313,cart,2026-06-01 22:06:26
I0006880,U00688,P00271,purchase,2026-05-24 22:06:26
I0006881,U00225,P00237,cart,2026-07-13 22:06:26
I0006882,U00332,P00029,view,2026-08-11 22:06:26
I0006883,U00290,P00333,wishlist,2026-07-01 22:06:26
I0006884,U00601,P00354,view,2026-06-20 22:06:26
I0006885,U00220,P00183,wishlist,2026-06-29 22:06:26
I0006886,U00277,P00043,view,2026-07-29 22:06:26
I0006887,U00568,P00402,view,2026-07-29 22:06:26
I0006888,U00077,P00081,click,2026-06-27 22:06:26
I0006889,U00773,P00037,view,2026-07-01 22:06:26
I0006890,U00529,P00469,click,2026-07-27 22:06:26
I0006891,U00588,P00386,view,2026-06-28 22:06:26
I0006892,U00184,P00216,view,2026-06-01 22:06:26
I0006893,U00444,P00453,view,2026-06-22 22:06:26
I0006894,U00640,P00019,click,2026-07-21 22:06:26
I0006895,U00472,P00451,click,2026-07-29 22:06:26
I0006896,U00341,P00076,click,2026-07-03 22:06:26
I0006897,U00341,P00161,view,2026-06-21 22:06:26
I0006898,U00918,P00149,view,2026-07-29 22:06:26
I0006899,U00903,P00209,view,2026-07-12 22:06:26
I0006900,U00764,P00382,view,2026-08-15 22:06:26
I0006901,U00852,P00048,wishlist,2026-06-14 22:06:26
I0006902,U00014,P00351,purchase,2026-08-16 22:06:26
I0006903,U00162,P00296,view,2026-07-24 22:06:26
I0006904,U00335,P00362,wishlist,2026-05-25 22:06:26
I0006905,U00371,P00299,view,2026-07-04 22:06:26
I0006906,U00539,P00205,purchase,2026-07-17 22:06:26
I0006907,U00168,P00348,view,2026-08-05 22:06:26
I0006908,U00552,P00024,view,2026-07-17 22:06:26
I0006909,U00577,P00268,view,2026-07-11 22:06:26
I0006910,U00134,P00368,view,2026-06-18 22:06:26
I0006911,U00821,P00023,purchase,2026-06-11 22:06:26
I0006912,U00227,P00156,purchase,2026-08-12 22:06:26
I0006913,U00990,P00205,view,2026-07-23 22:06:26
I0006914,U00690,P00058,wishlist,2026-07-07 22:06:26
I0006915,U00632,P00235,view,2026-07-30 22:06:26
I0006916,U00472,P00452,purchase,2026-08-08 22:06:26
I0006917,U00240,P00385,click,2026-07-12 22:06:26
I0006918,U00840,P00318,view,2026-06-03 22:06:26
I0006919,U00906,P00171,view,2026-08-04 22:06:26
I0006920,U00028,P00431,view,2026-06-09 22:06:26
I0006921,U00523,P00251,view,2026-08-14 22:06:26
I0006922,U00192,P00145,cart,2026-07-17 22:06:26
I0006923,U00123,P00156,view,2026-07-04 22:06:26
I0006924,U00023,P00425,view,2026-06-01 22:06:26
I0006925,U00914,P00439,view,2026-08-12 22:06:26
I0006926,U00900,P00415,wishlist,2026-08-18 22:06:26
I0006927,U00428,P00379,click,2026-05-23 22:06:26
I0006928,U00892,P00314,purchase,2026-07-11 22:06:26
I0006929,U00249,P00081,view,2026-08-12 22:06:26
I0006930,U00191,P00102,view,2026-07-06 22:06:26
I0006931,U00555,P00399,purchase,2026-05-25 22:06:26
I0006932,U00691,P00181,click,2026-06-08 22:06:26
I0006933,U00487,P00380,wishlist,2026-07-08 22:06:26
I0006934,U00914,P00479,wishlist,2026-08-05 22:06:26
I0006935,U00946,P00402,click,2026-07-28 22:06:26
I0006936,U00102,P00407,wishlist,2026-07-23 22:06:26
I0006937,U00408,P00414,click,2026-06-29 22:06:26
I0006938,U00387,P00438,click,2026-07-24 22:06:26
I0006939,U00571,P00499,wishlist,2026-06-04 22:06:26
I0006940,U00436,P00064,view,2026-08-17 22:06:26
I0006941,U00973,P00103,wishlist,2026-07-21 22:06:26
I0006942,U00556,P00059,view,2026-07-14 22:06:26
I0006943,U00605,P00262,cart,2026-07-25 22:06:26
I0006944,U00699,P00121,view,2026-07-12 22:06:26
I0006945,U00761,P00423,view,2026-06-24 22:06:26
I0006946,U00675,P00028,click,2026-07-12 22:06:26
I0006947,U00903,P00424,click,2026-07-31 22:06:26
I0006948,U00306,P00265,view,2026-06-01 22:06:26
I0006949,U00285,P00284,click,2026-05-25 22:06:26
I0006950,U00370,P00482,wishlist,2026-05-26 22:06:26
I0006951,U00219,P00206,view,2026-08-08 22:06:26
I0006952,U00691,P00128,wishlist,2026-06-28 22:06:26
I0006953,U00122,P00062,view,2026-07-10 22:06:26
I0006954,U00164,P00221,view,2026-08-12 22:06:26
I0006955,U00930,P00441,click,2026-08-13 22:06:26
I0006956,U00850,P00264,view,2026-07-15 22:06:26
I0006957,U00736,P00243,wishlist,2026-06-19 22:06:26
I0006958,U00183,P00342,cart,2026-06-27 22:06:26
I0006959,U00516,P00092,view,2026-06-14 22:06:26
I0006960,U00446,P00065,click,2026-07-24 22:06:26
I0006961,U00068,P00307,click,2026-08-12 22:06:26
I0006962,U00593,P00496,wishlist,2026-06-27 22:06:26
I0006963,U00048,P00114,view,2026-07-09 22:06:26
I0006964,U00533,P00116,click,2026-06-21 22:06:26
I0006965,U00054,P00275,click,2026-07-04 22:06:26
I0006966,U00676,P00027,wishlist,2026-06-16 22:06:26
I0006967,U00638,P00405,view,2026-06-09 22:06:26
I0006968,U00841,P00494,click,2026-06-18 22:06:26
I0006969,U00760,P00457,view,2026-06-27 22:06:26
I0006970,U00596,P00171,view,2026-06-09 22:06:26
I0006971,U00244,P00414,view,2026-06-22 22:06:26
I0006972,U00287,P00001,view,2026-06-18 22:06:26
I0006973,U00436,P00350,view,2026-07-06 22:06:26
I0006974,U00788,P00164,view,2026-07-12 22:06:26
I0006975,U00841,P00095,wishlist,2026-07-04 22:06:26
I0006976,U00657,P00339,purchase,2026-08-12 22:06:26
I0006977,U00371,P00053,view,2026-07-05 22:06:26
I0006978,U00385,P00404,view,2026-06-05 22:06:26
I0006979,U00243,P00315,purchase,2026-08-03 22:06:26
I0006980,U00733,P00221,cart,2026-06-08 22:06:26
I0006981,U00099,P00240,cart,2026-07-22 22:06:26
I0006982,U00657,P00459,click,2026-07-17 22:06:26
I0006983,U00032,P00036,view,2026-07-30 22:06:26
I0006984,U00334,P00390,view,2026-08-04 22:06:26
I0006985,U00698,P00099,purchase,2026-07-09 22:06:26
I0006986,U00478,P00462,wishlist,2026-08-06 22:06:26
I0006987,U00776,P00116,click,2026-06-24 22:06:26
I0006988,U00171,P00349,wishlist,2026-07-04 22:06:26
I0006989,U00206,P00185,view,2026-06-17 22:06:26
I0006990,U00257,P00194,view,2026-08-17 22:06:26
I0006991,U00942,P00322,view,2026-07-20 22:06:26
I0006992,U00252,P00016,view,2026-08-05 22:06:26
I0006993,U00843,P00444,cart,2026-08-15 22:06:26
I0006994,U00078,P00139,view,2026-07-02 22:06:26
I0006995,U00678,P00225,purchase,2026-06-11 22:06:26
I0006996,U00115,P00250,click,2026-06-06 22:06:26
I0006997,U00727,P00016,click,2026-08-09 22:06:26
I0006998,U00182,P00222,click,2026-06-17 22:06:26
I0006999,U00567,P00250,click,2026-07-14 22:06:26
I0007000,U00123,P00488,view,2026-07-31 22:06:26
I0007001,U00265,P00142,wishlist,2026-05-23 22:06:26
I0007002,U00167,P00102,cart,2026-07-16 22:06:26
I0007003,U00367,P00437,cart,2026-05-22 22:06:26
I0007004,U00455,P00428,click,2026-06-29 22:06:26
I0007005,U00993,P00224,click,2026-07-29 22:06:26
I0007006,U00659,P00379,cart,2026-07-27 22:06:26
I0007007,U00853,P00449,view,2026-05-24 22:06:26
I0007008,U00213,P00183,view,2026-06-02 22:06:26
I0007009,U00596,P00222,purchase,2026-07-21 22:06:26
I0007010,U00748,P00057,click,2026-08-05 22:06:26
I0007011,U00205,P00013,view,2026-05-23 22:06:26
I0007012,U00362,P00281,view,2026-07-12 22:06:26
I0007013,U00195,P00038,click,2026-06-17 22:06:26
I0007014,U00718,P00147,cart,2026-07-05 22:06:26
I0007015,U00988,P00237,view,2026-07-24 22:06:26
I0007016,U00699,P00033,wishlist,2026-06-21 22:06:26
I0007017,U00812,P00427,view,2026-07-03 22:06:26
I0007018,U00408,P00093,click,2026-07-18 22:06:26
I0007019,U00226,P00298,view,2026-05-27 22:06:26
I0007020,U00670,P00156,view,2026-06-14 22:06:26
I0007021,U00378,P00016,view,2026-05-29 22:06:26
I0007022,U00340,P00207,view,2026-08-13 22:06:26
I0007023,U00226,P00124,view,2026-06-12 22:06:26
I0007024,U00879,P00293,view,2026-06-19 22:06:26
I0007025,U00297,P00373,click,2026-07-11 22:06:26
I0007026,U00004,P00020,view,2026-06-08 22:06:26
I0007027,U00693,P00258,click,2026-05-25 22:06:26
I0007028,U00559,P00032,click,2026-06-22 22:06:26
I0007029,U00258,P00396,view,2026-06-28 22:06:26
I0007030,U00384,P00022,click,2026-08-11 22:06:26
I0007031,U00974,P00072,view,2026-05-21 22:06:26
I0007032,U00705,P00023,wishlist,2026-07-08 22:06:26
I0007033,U00257,P00338,cart,2026-07-25 22:06:26
I0007034,U00026,P00208,view,2026-06-22 22:06:26
I0007035,U00169,P00192,click,2026-06-28 22:06:26
I0007036,U00610,P00181,view,2026-05-24 22:06:26
I0007037,U00070,P00087,view,2026-06-26 22:06:26
I0007038,U00621,P00377,view,2026-05-25 22:06:26
I0007039,U00910,P00204,view,2026-08-17 22:06:26
I0007040,U00075,P00386,cart,2026-08-14 22:06:26
I0007041,U00946,P00142,click,2026-06-12 22:06:26
I0007042,U00420,P00393,view,2026-08-15 22:06:26
I0007043,U00824,P00279,view,2026-07-07 22:06:26
I0007044,U00921,P00494,view,2026-07-05 22:06:26
I0007045,U00653,P00085,view,2026-06-18 22:06:26
I0007046,U00380,P00277,view,2026-05-25 22:06:26
I0007047,U00074,P00271,view,2026-07-24 22:06:26
I0007048,U00963,P00052,view,2026-07-13 22:06:26
I0007049,U00398,P00423,view,2026-07-19 22:06:26
I0007050,U00844,P00341,click,2026-06-14 22:06:26
I0007051,U00082,P00342,wishlist,2026-07-24 22:06:26
I0007052,U00020,P00196,click,2026-08-08 22:06:26
I0007053,U00467,P00341,view,2026-07-20 22:06:26
I0007054,U00996,P00134,view,2026-07-29 22:06:26
I0007055,U00181,P00409,click,2026-06-30 22:06:26
I0007056,U00672,P00214,click,2026-05-30 22:06:26
I0007057,U00179,P00139,view,2026-07-22 22:06:26
I0007058,U00272,P00048,view,2026-08-07 22:06:26
I0007059,U00465,P00061,view,2026-08-09 22:06:26
I0007060,U00257,P00065,purchase,2026-06-07 22:06:26
I0007061,U00529,P00131,click,2026-08-03 22:06:26
I0007062,U00871,P00375,click,2026-08-16 22:06:26
I0007063,U00689,P00414,view,2026-07-12 22:06:26
I0007064,U00537,P00244,wishlist,2026-06-12 22:06:26
I0007065,U00469,P00330,cart,2026-07-14 22:06:26
I0007066,U00921,P00486,wishlist,2026-05-27 22:06:26
I0007067,U00420,P00245,click,2026-05-21 22:06:26
I0007068,U00374,P00435,cart,2026-08-18 22:06:26
I0007069,U00757,P00227,view,2026-06-27 22:06:26
I0007070,U00081,P00043,view,2026-06-12 22:06:26
I0007071,U00905,P00148,click,2026-08-03 22:06:26
I0007072,U00178,P00039,view,2026-06-23 22:06:26
I0007073,U00789,P00252,view,2026-08-07 22:06:26
I0007074,U00562,P00219,wishlist,2026-07-06 22:06:26
I0007075,U00008,P00180,view,2026-06-18 22:06:26
I0007076,U00662,P00347,click,2026-06-17 22:06:26
I0007077,U00805,P00365,click,2026-07-30 22:06:26
I0007078,U00852,P00334,click,2026-07-25 22:06:26
I0007079,U00127,P00096,view,2026-07-20 22:06:26
I0007080,U00628,P00396,view,2026-06-05 22:06:26
I0007081,U00143,P00353,view,2026-08-01 22:06:26
I0007082,U00107,P00125,view,2026-07-11 22:06:26
I0007083,U00082,P00346,purchase,2026-06-29 22:06:26
I0007084,U00351,P00181,wishlist,2026-08-02 22:06:26
I0007085,U00091,P00397,cart,2026-05-20 22:06:26
I0007086,U00721,P00253,click,2026-07-07 22:06:26
I0007087,U00252,P00485,view,2026-06-03 22:06:26
I0007088,U00941,P00357,view,2026-07-02 22:06:26
I0007089,U00516,P00186,purchase,2026-06-07 22:06:26
I0007090,U00741,P00173,view,2026-07-04 22:06:26
I0007091,U00161,P00014,cart,2026-05-20 22:06:26
I0007092,U00816,P00376,cart,2026-06-27 22:06:26
I0007093,U00588,P00231,click,2026-07-16 22:06:26
I0007094,U00642,P00484,view,2026-06-19 22:06:26
I0007095,U00455,P00307,view,2026-08-11 22:06:26
I0007096,U00380,P00104,click,2026-07-08 22:06:26
I0007097,U00684,P00483,click,2026-07-11 22:06:26
I0007098,U00314,P00324,click,2026-08-13 22:06:26
I0007099,U00134,P00194,view,2026-05-24 22:06:26
I0007100,U00266,P00123,click,2026-06-28 22:06:26
I0007101,U00859,P00269,click,2026-05-21 22:06:26
I0007102,U00387,P00311,view,2026-05-26 22:06:26
I0007103,U00510,P00038,wishlist,2026-07-07 22:06:26
I0007104,U00458,P00222,cart,2026-07-01 22:06:26
I0007105,U00151,P00001,view,2026-05-29 22:06:26
I0007106,U00986,P00197,cart,2026-06-14 22:06:26
I0007107,U00951,P00239,click,2026-07-05 22:06:26
I0007108,U00291,P00247,click,2026-06-10 22:06:26
I0007109,U00328,P00074,view,2026-06-07 22:06:26
I0007110,U00079,P00372,view,2026-07-02 22:06:26
I0007111,U00206,P00289,wishlist,2026-06-13 22:06:26
I0007112,U00944,P00111,click,2026-06-09 22:06:26
I0007113,U00588,P00315,wishlist,2026-05-23 22:06:26
I0007114,U00374,P00079,purchase,2026-07-26 22:06:26
I0007115,U00189,P00318,view,2026-08-16 22:06:26
I0007116,U00657,P00236,click,2026-07-16 22:06:26
I0007117,U00404,P00167,purchase,2026-05-27 22:06:26
I0007118,U00917,P00029,wishlist,2026-08-02 22:06:26
I0007119,U00922,P00180,view,2026-06-03 22:06:26
I0007120,U00194,P00484,click,2026-07-04 22:06:26
I0007121,U00480,P00484,purchase,2026-07-28 22:06:26
I0007122,U00884,P00384,view,2026-07-07 22:06:26
I0007123,U00448,P00282,view,2026-08-17 22:06:26
I0007124,U00510,P00064,wishlist,2026-06-29 22:06:26
I0007125,U00138,P00303,click,2026-07-22 22:06:26
I0007126,U00419,P00033,click,2026-07-25 22:06:26
I0007127,U00218,P00043,click,2026-06-07 22:06:26
I0007128,U00960,P00370,view,2026-07-19 22:06:26
I0007129,U00499,P00161,wishlist,2026-06-09 22:06:26
I0007130,U00990,P00043,click,2026-06-04 22:06:26
I0007131,U00067,P00036,view,2026-06-26 22:06:26
I0007132,U00877,P00418,cart,2026-05-30 22:06:26
I0007133,U00656,P00001,view,2026-08-18 22:06:26
I0007134,U00078,P00153,view,2026-07-31 22:06:26
I0007135,U00432,P00290,click,2026-06-13 22:06:26
I0007136,U00962,P00005,click,2026-08-02 22:06:26
I0007137,U00926,P00139,view,2026-05-20 22:06:26
I0007138,U00753,P00179,view,2026-05-24 22:06:26
I0007139,U00811,P00480,view,2026-07-21 22:06:26
I0007140,U00456,P00287,view,2026-07-15 22:06:26
I0007141,U00440,P00101,click,2026-08-18 22:06:26
I0007142,U00286,P00104,click,2026-08-02 22:06:26
I0007143,U00366,P00278,view,2026-07-07 22:06:26
I0007144,U00086,P00470,wishlist,2026-08-04 22:06:26
I0007145,U00625,P00441,click,2026-06-12 22:06:26
I0007146,U00136,P00045,wishlist,2026-06-12 22:06:26
I0007147,U00800,P00202,click,2026-06-05 22:06:26
I0007148,U00283,P00070,view,2026-07-26 22:06:26
I0007149,U00491,P00362,click,2026-07-25 22:06:26
I0007150,U00855,P00252,view,2026-06-19 22:06:26
I0007151,U00520,P00247,view,2026-08-01 22:06:26
I0007152,U00186,P00142,view,2026-07-27 22:06:26
I0007153,U00311,P00191,view,2026-07-31 22:06:26
I0007154,U00065,P00296,click,2026-06-03 22:06:26
I0007155,U00988,P00497,wishlist,2026-06-14 22:06:26
I0007156,U00446,P00277,purchase,2026-07-12 22:06:26
I0007157,U00721,P00377,purchase,2026-07-25 22:06:26
I0007158,U00557,P00186,view,2026-07-14 22:06:26
I0007159,U00578,P00044,cart,2026-07-27 22:06:26
I0007160,U00814,P00326,purchase,2026-08-05 22:06:26
I0007161,U00605,P00254,click,2026-06-20 22:06:26
I0007162,U00291,P00415,view,2026-06-20 22:06:26
I0007163,U00435,P00353,view,2026-07-02 22:06:26
I0007164,U00118,P00206,view,2026-07-02 22:06:26
I0007165,U00425,P00192,purchase,2026-06-24 22:06:26
I0007166,U00581,P00109,view,2026-07-01 22:06:26
I0007167,U00220,P00021,click,2026-07-05 22:06:26
I0007168,U00070,P00074,cart,2026-08-13 22:06:26
I0007169,U00919,P00321,view,2026-06-19 22:06:26
I0007170,U00904,P00234,view,2026-05-25 22:06:26
I0007171,U00140,P00388,view,2026-06-29 22:06:26
I0007172,U00723,P00497,click,2026-08-16 22:06:26
I0007173,U00194,P00011,view,2026-08-17 22:06:26
I0007174,U00819,P00070,click,2026-07-30 22:06:26
I0007175,U00463,P00435,cart,2026-08-02 22:06:26
I0007176,U00835,P00459,click,2026-06-03 22:06:26
I0007177,U00353,P00479,click,2026-06-15 22:06:26
I0007178,U00934,P00244,wishlist,2026-08-13 22:06:26
I0007179,U00122,P00440,click,2026-06-17 22:06:26
I0007180,U00750,P00377,view,2026-07-11 22:06:26
I0007181,U00594,P00075,wishlist,2026-07-20 22:06:26
I0007182,U00079,P00059,purchase,2026-06-12 22:06:26
I0007183,U00562,P00229,click,2026-08-11 22:06:26
I0007184,U00181,P00158,cart,2026-06-21 22:06:26
I0007185,U00946,P00454,click,2026-06-26 22:06:26
I0007186,U00241,P00215,click,2026-07-28 22:06:26
I0007187,U00695,P00499,click,2026-08-15 22:06:26
I0007188,U00869,P00479,click,2026-08-16 22:06:26
I0007189,U00514,P00202,view,2026-08-18 22:06:26
I0007190,U00201,P00209,click,2026-08-18 22:06:26
I0007191,U00955,P00428,view,2026-07-23 22:06:26
I0007192,U00747,P00002,cart,2026-06-02 22:06:26
I0007193,U00255,P00058,wishlist,2026-08-12 22:06:26
I0007194,U00077,P00156,click,2026-06-13 22:06:26
I0007195,U00824,P00348,view,2026-06-22 22:06:26
I0007196,U00830,P00472,click,2026-06-07 22:06:26
I0007197,U00070,P00383,click,2026-07-25 22:06:26
I0007198,U00704,P00498,view,2026-05-24 22:06:26
I0007199,U00208,P00332,click,2026-08-06 22:06:26
I0007200,U00270,P00139,view,2026-08-09 22:06:26
I0007201,U00820,P00132,click,2026-07-19 22:06:26
I0007202,U00022,P00436,view,2026-08-08 22:06:26
I0007203,U00131,P00312,wishlist,2026-07-14 22:06:26
I0007204,U00994,P00400,click,2026-07-28 22:06:26
I0007205,U00404,P00147,view,2026-06-02 22:06:26
I0007206,U00720,P00189,view,2026-06-19 22:06:26
I0007207,U00614,P00422,click,2026-08-10 22:06:26
I0007208,U00832,P00144,click,2026-07-15 22:06:26
I0007209,U00026,P00365,wishlist,2026-08-12 22:06:26
I0007210,U00389,P00421,view,2026-07-23 22:06:26
I0007211,U00716,P00295,click,2026-05-31 22:06:26
I0007212,U00041,P00250,view,2026-08-13 22:06:26
I0007213,U00978,P00109,view,2026-07-20 22:06:26
I0007214,U00897,P00333,wishlist,2026-05-25 22:06:26
I0007215,U00401,P00213,view,2026-06-05 22:06:26
I0007216,U00883,P00321,click,2026-06-16 22:06:26
I0007217,U00622,P00190,view,2026-07-24 22:06:26
I0007218,U00392,P00142,click,2026-05-28 22:06:26
I0007219,U00567,P00455,click,2026-07-03 22:06:26
I0007220,U00198,P00235,view,2026-08-17 22:06:26
I0007221,U00211,P00332,view,2026-05-29 22:06:26
I0007222,U00495,P00284,view,2026-06-05 22:06:26
I0007223,U00040,P00055,cart,2026-06-05 22:06:26
I0007224,U00577,P00452,view,2026-07-16 22:06:26
I0007225,U00539,P00201,view,2026-06-05 22:06:26
I0007226,U00413,P00473,wishlist,2026-05-23 22:06:26
I0007227,U00168,P00038,cart,2026-06-02 22:06:26
I0007228,U00570,P00472,view,2026-07-30 22:06:26
I0007229,U00725,P00379,view,2026-06-12 22:06:26
I0007230,U00178,P00115,view,2026-07-07 22:06:26
I0007231,U00525,P00440,click,2026-07-01 22:06:26
I0007232,U00009,P00365,view,2026-07-17 22:06:26
I0007233,U00867,P00432,purchase,2026-06-16 22:06:26
I0007234,U00473,P00287,view,2026-05-21 22:06:26
I0007235,U00822,P00134,click,2026-06-10 22:06:26
I0007236,U00039,P00148,wishlist,2026-08-15 22:06:26
I0007237,U00896,P00051,wishlist,2026-06-19 22:06:26
I0007238,U00309,P00245,wishlist,2026-07-05 22:06:26
I0007239,U00685,P00401,view,2026-05-31 22:06:26
I0007240,U00998,P00025,view,2026-06-24 22:06:26
I0007241,U00347,P00221,view,2026-05-31 22:06:26
I0007242,U00702,P00246,view,2026-06-04 22:06:26
I0007243,U00652,P00377,view,2026-08-11 22:06:26
I0007244,U00590,P00444,purchase,2026-07-26 22:06:26
I0007245,U00407,P00358,click,2026-06-21 22:06:26
I0007246,U00906,P00201,view,2026-05-31 22:06:26
I0007247,U00443,P00432,cart,2026-07-03 22:06:26
I0007248,U00461,P00487,view,2026-07-24 22:06:26
I0007249,U00548,P00237,view,2026-08-09 22:06:26
I0007250,U00176,P00032,view,2026-08-03 22:06:26
I0007251,U00757,P00307,click,2026-06-27 22:06:26
I0007252,U00570,P00271,click,2026-06-15 22:06:26
I0007253,U00775,P00295,purchase,2026-05-22 22:06:26
I0007254,U00477,P00237,click,2026-07-12 22:06:26
I0007255,U00021,P00316,purchase,2026-06-11 22:06:26
I0007256,U00332,P00317,wishlist,2026-07-19 22:06:26
I0007257,U00583,P00034,view,2026-07-13 22:06:26
I0007258,U00292,P00105,view,2026-07-29 22:06:26
I0007259,U00970,P00336,cart,2026-06-26 22:06:26
I0007260,U00414,P00361,click,2026-06-25 22:06:26
I0007261,U00410,P00314,view,2026-07-07 22:06:26
I0007262,U00042,P00105,cart,2026-08-04 22:06:26
I0007263,U00282,P00198,wishlist,2026-07-25 22:06:26
I0007264,U00743,P00152,view,2026-08-12 22:06:26
I0007265,U00855,P00051,view,2026-05-27 22:06:26
I0007266,U00298,P00433,view,2026-05-20 22:06:26
I0007267,U00163,P00306,view,2026-06-01 22:06:26
I0007268,U00551,P00428,view,2026-08-09 22:06:26
I0007269,U00787,P00437,view,2026-07-29 22:06:26
I0007270,U00517,P00106,view,2026-06-18 22:06:26
I0007271,U00345,P00035,view,2026-06-21 22:06:26
I0007272,U00703,P00258,view,2026-08-11 22:06:26
I0007273,U00634,P00076,view,2026-07-05 22:06:26
I0007274,U00225,P00279,click,2026-07-31 22:06:26
I0007275,U00636,P00087,wishlist,2026-07-13 22:06:26
I0007276,U00313,P00235,cart,2026-08-04 22:06:26
I0007277,U00619,P00272,click,2026-08-01 22:06:26
I0007278,U00498,P00118,click,2026-06-27 22:06:26
I0007279,U00060,P00063,click,2026-07-23 22:06:26
I0007280,U00066,P00371,view,2026-05-30 22:06:26
I0007281,U00370,P00223,purchase,2026-05-30 22:06:26
I0007282,U00793,P00395,view,2026-06-21 22:06:26
I0007283,U00643,P00032,view,2026-06-29 22:06:26
I0007284,U00691,P00337,view,2026-07-26 22:06:26
I0007285,U00520,P00094,click,2026-05-30 22:06:26
I0007286,U00953,P00408,view,2026-08-04 22:06:26
I0007287,U00567,P00245,view,2026-06-13 22:06:26
I0007288,U00662,P00139,wishlist,2026-07-15 22:06:26
I0007289,U00198,P00184,click,2026-07-08 22:06:26
I0007290,U00455,P00386,wishlist,2026-06-15 22:06:26
I0007291,U00528,P00476,view,2026-05-27 22:06:26
I0007292,U00759,P00292,click,2026-06-19 22:06:26
I0007293,U00837,P00142,view,2026-06-03 22:06:26
I0007294,U00804,P00489,view,2026-07-10 22:06:26
I0007295,U00809,P00206,click,2026-05-24 22:06:26
I0007296,U00495,P00431,view,2026-06-14 22:06:26
I0007297,U00420,P00103,click,2026-07-17 22:06:26
I0007298,U00241,P00219,cart,2026-06-28 22:06:26
I0007299,U00762,P00312,click,2026-06-05 22:06:26
I0007300,U00702,P00432,view,2026-07-13 22:06:26
I0007301,U00318,P00170,view,2026-07-22 22:06:26
I0007302,U00306,P00281,click,2026-06-16 22:06:26
I0007303,U00282,P00105,click,2026-07-17 22:06:26
I0007304,U00972,P00369,view,2026-07-14 22:06:26
I0007305,U00334,P00019,view,2026-07-29 22:06:26
I0007306,U00611,P00016,view,2026-06-20 22:06:26
I0007307,U00653,P00128,view,2026-05-28 22:06:26
I0007308,U00631,P00014,cart,2026-06-16 22:06:26
I0007309,U00365,P00352,purchase,2026-05-29 22:06:26
I0007310,U00353,P00422,wishlist,2026-06-03 22:06:26
I0007311,U00688,P00062,view,2026-07-04 22:06:26
I0007312,U00931,P00062,view,2026-06-26 22:06:26
I0007313,U00508,P00400,cart,2026-08-10 22:06:26
I0007314,U00606,P00113,view,2026-07-02 22:06:26
I0007315,U00729,P00243,cart,2026-05-24 22:06:26
I0007316,U00428,P00291,cart,2026-08-01 22:06:26
I0007317,U00899,P00104,view,2026-06-28 22:06:26
I0007318,U00924,P00024,wishlist,2026-06-09 22:06:26
I0007319,U00611,P00152,view,2026-06-28 22:06:26
I0007320,U00560,P00207,view,2026-07-19 22:06:26
I0007321,U00662,P00276,view,2026-06-13 22:06:26
I0007322,U00398,P00064,wishlist,2026-06-25 22:06:26
I0007323,U00181,P00069,view,2026-07-09 22:06:26
I0007324,U00968,P00371,wishlist,2026-05-31 22:06:26
I0007325,U00912,P00379,view,2026-06-06 22:06:26
I0007326,U00079,P00451,view,2026-08-02 22:06:26
I0007327,U00847,P00255,view,2026-08-11 22:06:26
I0007328,U00856,P00308,purchase,2026-06-28 22:06:26
I0007329,U00249,P00355,click,2026-06-02 22:06:26
I0007330,U00687,P00023,wishlist,2026-07-01 22:06:26
I0007331,U00132,P00243,purchase,2026-07-14 22:06:26
I0007332,U00749,P00436,view,2026-05-27 22:06:26
I0007333,U00611,P00204,click,2026-07-14 22:06:26
I0007334,U00888,P00198,view,2026-05-21 22:06:26
I0007335,U00920,P00036,view,2026-06-01 22:06:26
I0007336,U00029,P00391,view,2026-05-28 22:06:26
I0007337,U00208,P00064,view,2026-07-21 22:06:26
I0007338,U00723,P00223,view,2026-06-26 22:06:26
I0007339,U00582,P00344,cart,2026-06-30 22:06:26
I0007340,U00594,P00316,view,2026-05-25 22:06:26
I0007341,U00682,P00392,view,2026-07-25 22:06:26
I0007342,U00589,P00418,click,2026-05-26 22:06:26
I0007343,U00208,P00485,view,2026-05-27 22:06:26
I0007344,U00771,P00219,view,2026-06-01 22:06:26
I0007345,U00707,P00076,view,2026-06-12 22:06:26
I0007346,U00097,P00094,view,2026-08-15 22:06:26
I0007347,U00636,P00203,view,2026-07-12 22:06:26
I0007348,U00443,P00077,click,2026-07-18 22:06:26
I0007349,U00906,P00172,click,2026-07-25 22:06:26
I0007350,U00944,P00204,click,2026-07-28 22:06:26
I0007351,U00021,P00119,view,2026-06-01 22:06:26
I0007352,U00991,P00127,view,2026-07-11 22:06:26
I0007353,U00833,P00121,view,2026-07-28 22:06:26
I0007354,U00680,P00234,cart,2026-07-10 22:06:26
I0007355,U00752,P00342,click,2026-06-06 22:06:26
I0007356,U00276,P00207,cart,2026-07-09 22:06:26
I0007357,U00956,P00250,wishlist,2026-05-25 22:06:26
I0007358,U00738,P00088,view,2026-07-14 22:06:26
I0007359,U00147,P00485,click,2026-06-10 22:06:26
I0007360,U00890,P00419,view,2026-06-30 22:06:26
I0007361,U00902,P00331,purchase,2026-06-17 22:06:26
I0007362,U00521,P00478,view,2026-08-12 22:06:26
I0007363,U00842,P00152,wishlist,2026-06-26 22:06:26
I0007364,U00223,P00102,view,2026-08-15 22:06:26
I0007365,U00834,P00174,view,2026-08-12 22:06:26
I0007366,U00072,P00207,purchase,2026-05-21 22:06:26
I0007367,U00976,P00160,wishlist,2026-05-24 22:06:26
I0007368,U00588,P00262,purchase,2026-07-30 22:06:26
I0007369,U00731,P00341,view,2026-07-05 22:06:26
I0007370,U00603,P00275,click,2026-08-06 22:06:26
I0007371,U00915,P00493,click,2026-08-15 22:06:26
I0007372,U00359,P00211,wishlist,2026-06-06 22:06:26
I0007373,U00439,P00191,view,2026-06-22 22:06:26
I0007374,U00037,P00162,view,2026-08-15 22:06:26
I0007375,U00916,P00176,click,2026-05-24 22:06:26
I0007376,U00638,P00211,view,2026-06-03 22:06:26
I0007377,U00591,P00375,view,2026-07-13 22:06:26
I0007378,U00699,P00391,view,2026-08-13 22:06:26
I0007379,U00906,P00146,purchase,2026-06-24 22:06:26
I0007380,U00406,P00245,view,2026-07-18 22:06:26
I0007381,U00914,P00268,click,2026-08-12 22:06:26
I0007382,U00105,P00212,view,2026-06-21 22:06:26
I0007383,U00785,P00475,wishlist,2026-06-09 22:06:26
I0007384,U00050,P00022,view,2026-06-19 22:06:26
I0007385,U00662,P00476,click,2026-06-06 22:06:26
I0007386,U00519,P00024,cart,2026-06-30 22:06:26
I0007387,U00393,P00076,view,2026-06-18 22:06:26
I0007388,U00981,P00304,view,2026-08-12 22:06:26
I0007389,U00205,P00414,purchase,2026-08-18 22:06:26
I0007390,U00445,P00090,view,2026-07-30 22:06:26
I0007391,U00020,P00250,cart,2026-05-29 22:06:26
I0007392,U00859,P00092,click,2026-05-21 22:06:26
I0007393,U00578,P00268,view,2026-08-15 22:06:26
I0007394,U00432,P00265,view,2026-07-01 22:06:26
I0007395,U00930,P00337,cart,2026-07-03 22:06:26
I0007396,U00187,P00171,view,2026-07-08 22:06:26
I0007397,U00890,P00500,view,2026-06-15 22:06:26
I0007398,U00235,P00450,click,2026-05-25 22:06:26
I0007399,U00272,P00220,view,2026-07-10 22:06:26
I0007400,U00988,P00301,view,2026-07-07 22:06:26
I0007401,U00081,P00484,wishlist,2026-06-29 22:06:26
I0007402,U00880,P00207,view,2026-07-02 22:06:26
I0007403,U00326,P00261,view,2026-06-10 22:06:26
I0007404,U00862,P00095,wishlist,2026-08-05 22:06:26
I0007405,U00577,P00449,click,2026-06-20 22:06:26
I0007406,U00242,P00225,view,2026-07-04 22:06:26
I0007407,U00871,P00161,purchase,2026-07-26 22:06:26
I0007408,U00096,P00389,click,2026-05-30 22:06:26
I0007409,U00599,P00423,view,2026-08-17 22:06:26
I0007410,U00470,P00169,click,2026-05-31 22:06:26
I0007411,U00768,P00077,view,2026-06-27 22:06:26
I0007412,U00978,P00146,view,2026-07-15 22:06:26
I0007413,U00305,P00238,view,2026-06-18 22:06:26
I0007414,U00383,P00004,view,2026-08-11 22:06:26
I0007415,U00398,P00296,view,2026-06-14 22:06:26
I0007416,U00487,P00041,view,2026-07-21 22:06:26
I0007417,U00886,P00404,wishlist,2026-06-29 22:06:26
I0007418,U00879,P00473,wishlist,2026-07-27 22:06:26
I0007419,U00770,P00126,view,2026-08-09 22:06:26
I0007420,U00197,P00260,click,2026-07-14 22:06:26
I0007421,U00938,P00440,cart,2026-07-13 22:06:26
I0007422,U00858,P00173,cart,2026-06-23 22:06:26
I0007423,U00272,P00312,view,2026-06-08 22:06:26
I0007424,U00794,P00387,view,2026-07-25 22:06:26
I0007425,U00979,P00489,view,2026-07-19 22:06:26
I0007426,U00267,P00332,cart,2026-07-05 22:06:26
I0007427,U00085,P00446,view,2026-06-05 22:06:26
I0007428,U00878,P00256,click,2026-06-20 22:06:26
I0007429,U00909,P00484,cart,2026-07-28 22:06:26
I0007430,U00397,P00052,purchase,2026-06-16 22:06:26
I0007431,U00559,P00442,click,2026-08-13 22:06:26
I0007432,U00280,P00443,click,2026-08-09 22:06:26
I0007433,U00128,P00093,wishlist,2026-07-12 22:06:26
I0007434,U00127,P00269,click,2026-06-29 22:06:26
I0007435,U00812,P00237,click,2026-05-31 22:06:26
I0007436,U00695,P00491,view,2026-08-06 22:06:26
I0007437,U00893,P00300,view,2026-05-28 22:06:26
I0007438,U00704,P00083,view,2026-05-28 22:06:26
I0007439,U00431,P00477,click,2026-07-16 22:06:26
I0007440,U00086,P00494,view,2026-07-19 22:06:26
I0007441,U00849,P00254,purchase,2026-06-07 22:06:26
I0007442,U00873,P00324,view,2026-07-25 22:06:26
I0007443,U00484,P00421,view,2026-07-09 22:06:26
I0007444,U00094,P00347,wishlist,2026-06-04 22:06:26
I0007445,U00521,P00491,view,2026-06-22 22:06:26
I0007446,U00312,P00425,view,2026-08-17 22:06:26
I0007447,U00981,P00191,view,2026-08-08 22:06:26
I0007448,U00383,P00158,view,2026-08-09 22:06:26
I0007449,U00876,P00001,click,2026-06-19 22:06:26
I0007450,U00635,P00260,view,2026-07-25 22:06:26
I0007451,U00418,P00295,click,2026-05-21 22:06:26
I0007452,U00424,P00138,view,2026-06-23 22:06:26
I0007453,U00418,P00435,view,2026-05-28 22:06:26
I0007454,U00250,P00167,purchase,2026-07-05 22:06:26
I0007455,U00564,P00353,view,2026-07-30 22:06:26
I0007456,U00441,P00113,view,2026-07-15 22:06:26
I0007457,U00710,P00077,view,2026-06-25 22:06:26
I0007458,U00004,P00238,click,2026-07-20 22:06:26
I0007459,U00363,P00254,wishlist,2026-06-01 22:06:26
I0007460,U00171,P00168,view,2026-08-01 22:06:26
I0007461,U00128,P00144,view,2026-08-02 22:06:26
I0007462,U00756,P00238,view,2026-07-03 22:06:26
I0007463,U00053,P00186,click,2026-06-23 22:06:26
I0007464,U00330,P00149,click,2026-06-20 22:06:26
I0007465,U00648,P00246,cart,2026-05-23 22:06:26
I0007466,U00836,P00401,view,2026-06-19 22:06:26
I0007467,U00195,P00447,wishlist,2026-07-22 22:06:26
I0007468,U00660,P00123,purchase,2026-05-29 22:06:26
I0007469,U00690,P00327,view,2026-07-24 22:06:26
I0007470,U00183,P00380,purchase,2026-08-17 22:06:26
I0007471,U00919,P00047,purchase,2026-08-02 22:06:26
I0007472,U00643,P00486,wishlist,2026-06-29 22:06:26
I0007473,U00779,P00123,wishlist,2026-08-08 22:06:26
I0007474,U00684,P00088,view,2026-06-28 22:06:26
I0007475,U00309,P00279,view,2026-08-16 22:06:26
I0007476,U00088,P00447,view,2026-05-26 22:06:26
I0007477,U00736,P00131,view,2026-07-17 22:06:26
I0007478,U00511,P00280,cart,2026-08-12 22:06:26
I0007479,U00311,P00250,view,2026-06-22 22:06:26
I0007480,U00153,P00196,wishlist,2026-08-04 22:06:26
I0007481,U00637,P00172,click,2026-05-29 22:06:26
I0007482,U00094,P00196,wishlist,2026-05-25 22:06:26
I0007483,U00211,P00036,click,2026-06-17 22:06:26
I0007484,U00697,P00111,view,2026-08-12 22:06:26
I0007485,U00198,P00297,view,2026-07-08 22:06:26
I0007486,U00108,P00068,purchase,2026-07-25 22:06:26
I0007487,U00063,P00135,view,2026-06-29 22:06:26
I0007488,U00230,P00240,view,2026-06-03 22:06:26
I0007489,U00281,P00410,purchase,2026-05-24 22:06:26
I0007490,U00145,P00187,purchase,2026-06-20 22:06:26
I0007491,U00590,P00190,view,2026-08-13 22:06:26
I0007492,U00416,P00132,view,2026-05-31 22:06:26
I0007493,U00022,P00465,view,2026-07-11 22:06:26
I0007494,U00397,P00313,wishlist,2026-08-05 22:06:26
I0007495,U00639,P00059,click,2026-05-30 22:06:26
I0007496,U00164,P00089,view,2026-08-15 22:06:26
I0007497,U00280,P00350,cart,2026-06-06 22:06:26
I0007498,U00767,P00269,view,2026-08-10 22:06:26
I0007499,U00026,P00220,wishlist,2026-08-12 22:06:26
I0007500,U00439,P00335,cart,2026-05-22 22:06:26
I0007501,U00111,P00221,view,2026-07-28 22:06:26
I0007502,U00539,P00171,view,2026-08-12 22:06:26
I0007503,U00585,P00158,view,2026-06-13 22:06:26
I0007504,U00563,P00274,view,2026-07-02 22:06:26
I0007505,U00637,P00387,view,2026-07-23 22:06:26
I0007506,U00471,P00197,click,2026-08-08 22:06:26
I0007507,U00913,P00277,click,2026-07-28 22:06:26
I0007508,U00987,P00248,view,2026-07-16 22:06:26
I0007509,U00538,P00005,wishlist,2026-06-18 22:06:26
I0007510,U00155,P00226,wishlist,2026-05-20 22:06:26
I0007511,U00353,P00021,view,2026-07-09 22:06:26
I0007512,U00005,P00323,view,2026-07-05 22:06:26
I0007513,U00527,P00294,cart,2026-06-29 22:06:26
I0007514,U00234,P00192,view,2026-07-21 22:06:26
I0007515,U00507,P00167,view,2026-05-24 22:06:26
I0007516,U00838,P00079,click,2026-06-14 22:06:26
I0007517,U00938,P00457,cart,2026-07-28 22:06:26
I0007518,U00128,P00137,view,2026-05-25 22:06:26
I0007519,U00881,P00396,view,2026-08-16 22:06:26
I0007520,U00891,P00096,view,2026-07-15 22:06:26
I0007521,U00348,P00061,click,2026-07-11 22:06:26
I0007522,U00926,P00335,view,2026-06-10 22:06:26
I0007523,U00946,P00498,view,2026-08-06 22:06:26
I0007524,U00551,P00324,view,2026-07-06 22:06:26
I0007525,U00620,P00315,wishlist,2026-08-01 22:06:26
I0007526,U00670,P00368,view,2026-07-07 22:06:26
I0007527,U00035,P00468,wishlist,2026-07-16 22:06:26
I0007528,U00804,P00315,view,2026-08-09 22:06:26
I0007529,U00056,P00104,click,2026-06-02 22:06:26
I0007530,U00388,P00492,wishlist,2026-07-21 22:06:26
I0007531,U00375,P00231,click,2026-07-31 22:06:26
I0007532,U00051,P00468,click,2026-06-13 22:06:26
I0007533,U00149,P00040,view,2026-07-25 22:06:26
I0007534,U00033,P00165,wishlist,2026-06-15 22:06:26
I0007535,U00237,P00115,wishlist,2026-07-04 22:06:26
I0007536,U00852,P00302,click,2026-06-11 22:06:26
I0007537,U00161,P00421,wishlist,2026-05-27 22:06:26
I0007538,U00355,P00228,view,2026-06-01 22:06:26
I0007539,U00756,P00248,view,2026-07-02 22:06:26
I0007540,U00493,P00474,view,2026-08-11 22:06:26
I0007541,U00989,P00326,view,2026-08-14 22:06:26
I0007542,U00236,P00418,view,2026-07-11 22:06:26
I0007543,U00940,P00158,cart,2026-07-30 22:06:26
I0007544,U00581,P00014,click,2026-06-20 22:06:26
I0007545,U00192,P00080,view,2026-08-07 22:06:26
I0007546,U00003,P00243,view,2026-08-03 22:06:26
I0007547,U00433,P00417,click,2026-08-09 22:06:26
I0007548,U00304,P00235,click,2026-08-18 22:06:26
I0007549,U00811,P00219,wishlist,2026-08-13 22:06:26
I0007550,U00875,P00490,view,2026-06-24 22:06:26
I0007551,U00734,P00221,click,2026-07-19 22:06:26
I0007552,U00774,P00137,view,2026-07-15 22:06:26
I0007553,U00536,P00065,view,2026-07-22 22:06:26
I0007554,U00488,P00480,click,2026-07-02 22:06:26
I0007555,U00638,P00193,view,2026-07-24 22:06:26
I0007556,U00519,P00479,view,2026-05-29 22:06:26
I0007557,U00459,P00083,view,2026-06-28 22:06:26
I0007558,U00100,P00482,view,2026-08-05 22:06:26
I0007559,U00733,P00233,view,2026-08-15 22:06:26
I0007560,U00417,P00297,view,2026-06-14 22:06:26
I0007561,U00370,P00147,wishlist,2026-06-17 22:06:26
I0007562,U00564,P00320,click,2026-07-06 22:06:26
I0007563,U00050,P00307,click,2026-08-04 22:06:26
I0007564,U00171,P00323,click,2026-08-17 22:06:26
I0007565,U00777,P00080,view,2026-06-02 22:06:26
I0007566,U00037,P00176,view,2026-07-02 22:06:26
I0007567,U00455,P00019,view,2026-06-11 22:06:26
I0007568,U00630,P00403,view,2026-05-20 22:06:26
I0007569,U00003,P00200,wishlist,2026-08-18 22:06:26
I0007570,U00092,P00042,view,2026-06-15 22:06:26
I0007571,U00367,P00215,view,2026-06-24 22:06:26
I0007572,U00537,P00233,view,2026-06-18 22:06:26
I0007573,U00240,P00174,cart,2026-07-29 22:06:26
I0007574,U00633,P00108,view,2026-06-03 22:06:26
I0007575,U00591,P00016,wishlist,2026-08-05 22:06:26
I0007576,U00379,P00051,click,2026-06-12 22:06:26
I0007577,U00359,P00043,view,2026-08-09 22:06:26
I0007578,U00774,P00442,view,2026-07-11 22:06:26
I0007579,U00382,P00159,click,2026-07-30 22:06:26
I0007580,U00823,P00456,view,2026-07-27 22:06:26
I0007581,U00955,P00366,cart,2026-07-28 22:06:26
I0007582,U00424,P00459,click,2026-05-20 22:06:26
I0007583,U00781,P00050,click,2026-06-26 22:06:26
I0007584,U00281,P00050,view,2026-05-25 22:06:26
I0007585,U00057,P00358,view,2026-07-29 22:06:26
I0007586,U00140,P00192,view,2026-06-04 22:06:26
I0007587,U00553,P00078,click,2026-08-15 22:06:26
I0007588,U00974,P00454,wishlist,2026-07-12 22:06:26
I0007589,U00074,P00248,view,2026-07-15 22:06:26
I0007590,U00531,P00499,click,2026-07-11 22:06:26
I0007591,U00933,P00412,click,2026-08-17 22:06:26
I0007592,U00074,P00324,view,2026-07-29 22:06:26
I0007593,U00243,P00061,view,2026-05-22 22:06:26
I0007594,U00771,P00340,view,2026-05-31 22:06:26
I0007595,U00783,P00259,view,2026-08-09 22:06:26
I0007596,U00849,P00252,wishlist,2026-07-14 22:06:26
I0007597,U00208,P00270,click,2026-08-13 22:06:26
I0007598,U00052,P00146,cart,2026-07-02 22:06:26
I0007599,U00647,P00281,view,2026-07-28 22:06:26
I0007600,U00638,P00415,cart,2026-05-22 22:06:26
I0007601,U00260,P00423,click,2026-07-25 22:06:26
I0007602,U00165,P00200,view,2026-06-30 22:06:26
I0007603,U00794,P00227,view,2026-06-10 22:06:26
I0007604,U00768,P00385,view,2026-05-30 22:06:26
I0007605,U00884,P00446,view,2026-07-08 22:06:26
I0007606,U00392,P00490,view,2026-07-02 22:06:26
I0007607,U00522,P00072,click,2026-07-14 22:06:26
I0007608,U00569,P00027,click,2026-06-16 22:06:26
I0007609,U00478,P00279,wishlist,2026-06-22 22:06:26
I0007610,U00266,P00471,click,2026-08-01 22:06:26
I0007611,U00445,P00458,wishlist,2026-08-16 22:06:26
I0007612,U00049,P00030,view,2026-05-24 22:06:26
I0007613,U00654,P00230,cart,2026-07-12 22:06:26
I0007614,U00893,P00164,click,2026-07-14 22:06:26
I0007615,U00316,P00398,click,2026-07-16 22:06:26
I0007616,U00480,P00191,view,2026-07-03 22:06:26
I0007617,U00080,P00371,view,2026-07-20 22:06:26
I0007618,U00103,P00119,view,2026-07-10 22:06:26
I0007619,U00169,P00245,view,2026-05-23 22:06:26
I0007620,U00947,P00046,purchase,2026-06-08 22:06:26
I0007621,U00206,P00048,view,2026-07-03 22:06:26
I0007622,U00605,P00087,view,2026-05-22 22:06:26
I0007623,U00949,P00104,view,2026-07-26 22:06:26
I0007624,U00708,P00070,view,2026-07-22 22:06:26
I0007625,U00210,P00219,click,2026-06-15 22:06:26
I0007626,U00415,P00042,purchase,2026-07-16 22:06:26
I0007627,U00582,P00457,view,2026-05-28 22:06:26
I0007628,U00282,P00193,click,2026-06-17 22:06:26
I0007629,U00390,P00112,wishlist,2026-07-22 22:06:26
I0007630,U00944,P00253,click,2026-06-15 22:06:26
I0007631,U00570,P00227,view,2026-06-01 22:06:26
I0007632,U00644,P00049,view,2026-06-22 22:06:26
I0007633,U00967,P00028,purchase,2026-07-31 22:06:26
I0007634,U00975,P00026,click,2026-06-29 22:06:26
I0007635,U00360,P00147,click,2026-08-17 22:06:26
I0007636,U00024,P00293,click,2026-07-09 22:06:26
I0007637,U00099,P00040,click,2026-05-24 22:06:26
I0007638,U00379,P00181,view,2026-07-01 22:06:26
I0007639,U00147,P00246,view,2026-07-01 22:06:26
I0007640,U00888,P00062,view,2026-06-12 22:06:26
I0007641,U00767,P00061,view,2026-08-05 22:06:26
I0007642,U00829,P00357,click,2026-08-16 22:06:26
I0007643,U00031,P00044,cart,2026-08-05 22:06:26
I0007644,U00024,P00057,click,2026-07-03 22:06:26
I0007645,U00440,P00152,click,2026-06-29 22:06:26
I0007646,U00002,P00461,view,2026-07-19 22:06:26
I0007647,U00501,P00091,view,2026-07-05 22:06:26
I0007648,U00726,P00129,view,2026-07-25 22:06:26
I0007649,U00418,P00445,view,2026-08-09 22:06:26
I0007650,U00455,P00212,click,2026-08-10 22:06:26
I0007651,U00531,P00323,view,2026-08-12 22:06:26
I0007652,U00451,P00348,view,2026-07-13 22:06:26
I0007653,U00466,P00128,click,2026-06-01 22:06:26
I0007654,U00699,P00002,cart,2026-08-02 22:06:26
I0007655,U00955,P00346,wishlist,2026-06-10 22:06:26
I0007656,U00925,P00294,click,2026-05-26 22:06:26
I0007657,U00904,P00177,purchase,2026-06-22 22:06:26
I0007658,U00408,P00300,click,2026-08-17 22:06:26
I0007659,U00917,P00350,click,2026-08-09 22:06:26
I0007660,U00576,P00164,click,2026-07-05 22:06:26
I0007661,U00589,P00221,click,2026-06-12 22:06:26
I0007662,U00809,P00073,wishlist,2026-05-29 22:06:26
I0007663,U00849,P00280,view,2026-07-19 22:06:26
I0007664,U00771,P00383,wishlist,2026-06-23 22:06:26
I0007665,U00409,P00157,cart,2026-06-02 22:06:26
I0007666,U00929,P00346,view,2026-07-18 22:06:26
I0007667,U00183,P00050,click,2026-07-19 22:06:26
I0007668,U00715,P00162,purchase,2026-06-14 22:06:26
I0007669,U00870,P00049,view,2026-07-25 22:06:26
I0007670,U00096,P00365,click,2026-05-22 22:06:26
I0007671,U00999,P00115,wishlist,2026-07-04 22:06:26
I0007672,U00157,P00418,cart,2026-08-08 22:06:26
I0007673,U00873,P00453,purchase,2026-08-15 22:06:26
I0007674,U00287,P00348,view,2026-08-09 22:06:26
I0007675,U00111,P00229,click,2026-07-26 22:06:26
I0007676,U00856,P00137,cart,2026-07-08 22:06:26
I0007677,U00418,P00029,view,2026-05-21 22:06:26
I0007678,U00813,P00306,view,2026-08-02 22:06:26
I0007679,U00089,P00037,view,2026-07-31 22:06:26
I0007680,U00806,P00423,view,2026-07-11 22:06:26
I0007681,U00505,P00111,wishlist,2026-06-22 22:06:26
I0007682,U00091,P00328,view,2026-07-08 22:06:26
I0007683,U00374,P00233,view,2026-07-03 22:06:26
I0007684,U00526,P00345,click,2026-06-09 22:06:26
I0007685,U00756,P00105,click,2026-06-04 22:06:26
I0007686,U00212,P00439,view,2026-06-29 22:06:26
I0007687,U00619,P00298,cart,2026-07-13 22:06:26
I0007688,U00209,P00143,view,2026-07-03 22:06:26
I0007689,U00244,P00469,view,2026-07-08 22:06:26
I0007690,U00115,P00190,click,2026-08-08 22:06:26
I0007691,U00317,P00097,view,2026-05-25 22:06:26
I0007692,U00664,P00203,click,2026-07-30 22:06:26
I0007693,U00397,P00440,view,2026-07-06 22:06:26
I0007694,U00521,P00362,view,2026-06-11 22:06:26
I0007695,U00280,P00433,click,2026-08-16 22:06:26
I0007696,U00465,P00339,view,2026-07-03 22:06:26
I0007697,U00876,P00317,click,2026-08-10 22:06:26
I0007698,U00266,P00365,view,2026-08-17 22:06:26
I0007699,U00084,P00395,cart,2026-06-20 22:06:26
I0007700,U00902,P00186,click,2026-07-09 22:06:26
I0007701,U00916,P00343,wishlist,2026-06-26 22:06:26
I0007702,U00192,P00393,wishlist,2026-06-23 22:06:26
I0007703,U00704,P00147,click,2026-08-05 22:06:26
I0007704,U00397,P00258,click,2026-06-16 22:06:26
I0007705,U00055,P00469,purchase,2026-08-07 22:06:26
I0007706,U00430,P00449,view,2026-05-27 22:06:26
I0007707,U00074,P00466,view,2026-05-30 22:06:26
I0007708,U00094,P00385,click,2026-08-08 22:06:26
I0007709,U00386,P00074,view,2026-07-26 22:06:26
I0007710,U00206,P00362,view,2026-08-06 22:06:26
I0007711,U00695,P00498,purchase,2026-06-18 22:06:26
I0007712,U00914,P00029,click,2026-07-15 22:06:26
I0007713,U00790,P00498,view,2026-08-04 22:06:26
I0007714,U00931,P00271,cart,2026-06-16 22:06:26
I0007715,U00906,P00259,view,2026-07-18 22:06:26
I0007716,U00540,P00452,cart,2026-06-18 22:06:26
I0007717,U00211,P00271,click,2026-06-21 22:06:26
I0007718,U00929,P00041,view,2026-07-27 22:06:26
I0007719,U00161,P00430,view,2026-07-16 22:06:26
I0007720,U00136,P00278,click,2026-07-07 22:06:26
I0007721,U00207,P00289,view,2026-05-29 22:06:26
I0007722,U00496,P00285,click,2026-07-28 22:06:26
I0007723,U00710,P00239,cart,2026-07-23 22:06:26
I0007724,U00650,P00495,cart,2026-05-31 22:06:26
I0007725,U00773,P00395,click,2026-06-07 22:06:26
I0007726,U00511,P00088,view,2026-08-11 22:06:26
I0007727,U00204,P00369,view,2026-07-31 22:06:26
I0007728,U00874,P00265,view,2026-07-14 22:06:26
I0007729,U00381,P00005,view,2026-07-25 22:06:26
I0007730,U00216,P00091,view,2026-07-12 22:06:26
I0007731,U00612,P00143,view,2026-06-25 22:06:26
I0007732,U00009,P00443,view,2026-06-23 22:06:26
I0007733,U00094,P00299,click,2026-08-09 22:06:26
I0007734,U00727,P00171,click,2026-06-19 22:06:26
I0007735,U00791,P00177,cart,2026-06-06 22:06:26
I0007736,U00009,P00460,view,2026-05-30 22:06:26
I0007737,U00636,P00194,click,2026-08-08 22:06:26
I0007738,U00034,P00320,wishlist,2026-08-10 22:06:26
I0007739,U00086,P00017,purchase,2026-07-17 22:06:26
I0007740,U00638,P00348,view,2026-08-13 22:06:26
I0007741,U00006,P00286,view,2026-07-18 22:06:26
I0007742,U00060,P00057,click,2026-07-09 22:06:26
I0007743,U00403,P00167,view,2026-06-03 22:06:26
I0007744,U00882,P00427,click,2026-06-09 22:06:26
I0007745,U00744,P00223,view,2026-07-31 22:06:26
I0007746,U00886,P00195,view,2026-08-12 22:06:26
I0007747,U00710,P00427,view,2026-07-21 22:06:26
I0007748,U00747,P00414,view,2026-07-16 22:06:26
I0007749,U00684,P00358,click,2026-05-28 22:06:26
I0007750,U00809,P00401,click,2026-07-13 22:06:26
I0007751,U00961,P00163,click,2026-05-24 22:06:26
I0007752,U00788,P00294,view,2026-05-27 22:06:26
I0007753,U00561,P00059,purchase,2026-05-29 22:06:26
I0007754,U00309,P00173,view,2026-06-01 22:06:26
I0007755,U00971,P00151,click,2026-06-08 22:06:26
I0007756,U00216,P00159,view,2026-05-29 22:06:26
I0007757,U00318,P00034,purchase,2026-08-05 22:06:26
I0007758,U00106,P00050,click,2026-06-01 22:06:26
I0007759,U00255,P00224,view,2026-06-13 22:06:26
I0007760,U00129,P00301,wishlist,2026-06-07 22:06:26
I0007761,U00222,P00488,click,2026-08-06 22:06:26
I0007762,U00551,P00222,view,2026-07-23 22:06:26
I0007763,U00543,P00350,view,2026-06-04 22:06:26
I0007764,U00737,P00367,cart,2026-08-01 22:06:26
I0007765,U00340,P00110,cart,2026-06-13 22:06:26
I0007766,U00815,P00307,view,2026-07-31 22:06:26
I0007767,U00993,P00464,wishlist,2026-08-12 22:06:26
I0007768,U00833,P00091,view,2026-06-30 22:06:26
I0007769,U00105,P00090,view,2026-06-04 22:06:26
I0007770,U00872,P00374,view,2026-08-16 22:06:26
I0007771,U00157,P00102,view,2026-06-07 22:06:26
I0007772,U00414,P00092,cart,2026-05-28 22:06:26
I0007773,U00896,P00025,wishlist,2026-07-23 22:06:26
I0007774,U00925,P00218,view,2026-06-09 22:06:26
I0007775,U00381,P00332,cart,2026-06-16 22:06:26
I0007776,U00859,P00455,cart,2026-06-22 22:06:26
I0007777,U00609,P00283,click,2026-06-20 22:06:26
I0007778,U00726,P00068,view,2026-06-13 22:06:26
I0007779,U00527,P00030,view,2026-07-13 22:06:26
I0007780,U00211,P00113,view,2026-07-29 22:06:26
I0007781,U00561,P00009,view,2026-06-03 22:06:26
I0007782,U00244,P00332,view,2026-06-13 22:06:26
I0007783,U00329,P00397,view,2026-06-07 22:06:26
I0007784,U00579,P00195,view,2026-06-18 22:06:26
I0007785,U00546,P00198,view,2026-05-23 22:06:26
I0007786,U00415,P00162,view,2026-07-26 22:06:26
I0007787,U00149,P00443,click,2026-08-09 22:06:26
I0007788,U00331,P00249,click,2026-06-23 22:06:26
I0007789,U00677,P00036,click,2026-08-17 22:06:26
I0007790,U00192,P00406,view,2026-06-20 22:06:26
I0007791,U00624,P00118,view,2026-06-14 22:06:26
I0007792,U00273,P00023,view,2026-06-27 22:06:26
I0007793,U00947,P00020,click,2026-06-27 22:06:26
I0007794,U00032,P00182,view,2026-08-11 22:06:26
I0007795,U00383,P00009,view,2026-07-16 22:06:26
I0007796,U00814,P00216,cart,2026-06-17 22:06:26
I0007797,U00294,P00105,view,2026-07-23 22:06:26
I0007798,U00887,P00102,wishlist,2026-07-08 22:06:26
I0007799,U00609,P00044,view,2026-05-31 22:06:26
I0007800,U00171,P00237,view,2026-05-28 22:06:26
I0007801,U00578,P00018,wishlist,2026-08-03 22:06:26
I0007802,U00721,P00493,view,2026-06-18 22:06:26
I0007803,U00114,P00361,view,2026-08-04 22:06:26
I0007804,U00103,P00144,view,2026-07-19 22:06:26
I0007805,U00493,P00225,view,2026-06-09 22:06:26
I0007806,U00112,P00417,wishlist,2026-07-10 22:06:26
I0007807,U00639,P00160,click,2026-05-30 22:06:26
I0007808,U00504,P00261,click,2026-07-09 22:06:26
I0007809,U00733,P00052,cart,2026-06-25 22:06:26
I0007810,U00485,P00386,view,2026-06-09 22:06:26
I0007811,U00846,P00117,click,2026-08-13 22:06:26
I0007812,U00784,P00391,view,2026-05-20 22:06:26
I0007813,U00825,P00012,view,2026-06-20 22:06:26
I0007814,U00993,P00479,view,2026-07-27 22:06:26
I0007815,U00095,P00018,wishlist,2026-07-03 22:06:26
I0007816,U00287,P00245,view,2026-07-09 22:06:26
I0007817,U00078,P00341,cart,2026-06-12 22:06:26
I0007818,U00972,P00491,purchase,2026-06-11 22:06:26
I0007819,U00142,P00393,purchase,2026-06-25 22:06:26
I0007820,U00286,P00483,click,2026-07-29 22:06:26
I0007821,U00420,P00087,view,2026-05-30 22:06:26
I0007822,U00343,P00308,view,2026-07-13 22:06:26
I0007823,U00897,P00169,view,2026-07-17 22:06:26
I0007824,U00706,P00136,click,2026-06-04 22:06:26
I0007825,U00263,P00020,view,2026-07-23 22:06:26
I0007826,U00565,P00052,view,2026-08-04 22:06:26
I0007827,U00403,P00175,view,2026-08-04 22:06:26
I0007828,U00422,P00245,view,2026-07-01 22:06:26
I0007829,U00323,P00070,purchase,2026-08-08 22:06:26
I0007830,U00155,P00278,cart,2026-06-09 22:06:26
I0007831,U00249,P00215,purchase,2026-06-25 22:06:26
I0007832,U00630,P00150,view,2026-05-27 22:06:26
I0007833,U00718,P00384,wishlist,2026-07-26 22:06:26
I0007834,U00098,P00374,click,2026-06-24 22:06:26
I0007835,U00502,P00354,view,2026-07-30 22:06:26
I0007836,U00960,P00237,click,2026-08-17 22:06:26
I0007837,U00589,P00394,cart,2026-07-27 22:06:26
I0007838,U00979,P00381,click,2026-06-30 22:06:26
I0007839,U00442,P00442,cart,2026-06-20 22:06:26
I0007840,U00408,P00236,view,2026-07-23 22:06:26
I0007841,U00143,P00270,click,2026-08-16 22:06:26
I0007842,U00731,P00194,purchase,2026-08-11 22:06:26
I0007843,U00001,P00494,click,2026-05-28 22:06:26
I0007844,U00285,P00113,view,2026-06-23 22:06:26
I0007845,U00173,P00430,view,2026-07-18 22:06:26
I0007846,U00862,P00311,view,2026-07-05 22:06:26
I0007847,U00240,P00076,click,2026-06-13 22:06:26
I0007848,U00502,P00424,view,2026-06-08 22:06:26
I0007849,U00379,P00091,wishlist,2026-05-29 22:06:26
I0007850,U00345,P00370,click,2026-07-31 22:06:26
I0007851,U00362,P00143,view,2026-08-05 22:06:26
I0007852,U00832,P00314,view,2026-08-06 22:06:26
I0007853,U00685,P00038,view,2026-07-26 22:06:26
I0007854,U00104,P00339,view,2026-06-24 22:06:26
I0007855,U00202,P00341,wishlist,2026-05-28 22:06:26
I0007856,U00138,P00285,click,2026-06-03 22:06:26
I0007857,U00333,P00032,click,2026-07-16 22:06:26
I0007858,U00150,P00320,wishlist,2026-05-26 22:06:26
I0007859,U00360,P00136,click,2026-08-08 22:06:26
I0007860,U00946,P00118,view,2026-08-13 22:06:26
I0007861,U00866,P00288,view,2026-07-15 22:06:26
I0007862,U00111,P00494,wishlist,2026-08-02 22:06:26
I0007863,U00888,P00359,click,2026-06-27 22:06:26
I0007864,U00819,P00453,view,2026-08-03 22:06:26
I0007865,U00236,P00332,cart,2026-05-21 22:06:26
I0007866,U00363,P00084,view,2026-06-10 22:06:26
I0007867,U00121,P00236,cart,2026-05-25 22:06:26
I0007868,U00447,P00092,cart,2026-06-28 22:06:26
I0007869,U00298,P00080,view,2026-06-05 22:06:26
I0007870,U00993,P00468,view,2026-08-03 22:06:26
I0007871,U00854,P00189,view,2026-08-02 22:06:26
I0007872,U00287,P00500,view,2026-06-19 22:06:26
I0007873,U00918,P00205,cart,2026-06-30 22:06:26
I0007874,U00509,P00313,view,2026-05-25 22:06:26
I0007875,U00754,P00450,cart,2026-07-28 22:06:26
I0007876,U00082,P00382,click,2026-07-22 22:06:26
I0007877,U00338,P00339,click,2026-07-22 22:06:26
I0007878,U00451,P00370,click,2026-05-23 22:06:26
I0007879,U00369,P00323,wishlist,2026-06-22 22:06:26
I0007880,U00982,P00223,wishlist,2026-06-14 22:06:26
I0007881,U00850,P00251,click,2026-08-18 22:06:26
I0007882,U00639,P00405,wishlist,2026-08-09 22:06:26
I0007883,U00871,P00126,view,2026-07-04 22:06:26
I0007884,U00256,P00103,view,2026-05-21 22:06:26
I0007885,U00545,P00335,click,2026-07-02 22:06:26
I0007886,U00244,P00445,view,2026-07-30 22:06:26
I0007887,U00701,P00147,view,2026-08-05 22:06:26
I0007888,U00432,P00429,wishlist,2026-05-31 22:06:26
I0007889,U00727,P00457,click,2026-06-14 22:06:26
I0007890,U00816,P00451,view,2026-08-14 22:06:26
I0007891,U00920,P00276,view,2026-06-03 22:06:26
I0007892,U00588,P00394,click,2026-05-31 22:06:26
I0007893,U00999,P00395,wishlist,2026-06-19 22:06:26
I0007894,U00180,P00494,click,2026-06-26 22:06:26
I0007895,U00894,P00251,view,2026-07-15 22:06:26
I0007896,U00527,P00434,view,2026-07-04 22:06:26
I0007897,U00579,P00215,click,2026-06-22 22:06:26
I0007898,U00629,P00289,view,2026-06-15 22:06:26
I0007899,U00224,P00298,view,2026-07-21 22:06:26
I0007900,U00558,P00179,wishlist,2026-07-29 22:06:26
I0007901,U00863,P00480,click,2026-07-03 22:06:26
I0007902,U00273,P00121,purchase,2026-07-10 22:06:26
I0007903,U00258,P00352,cart,2026-06-04 22:06:26
I0007904,U00377,P00230,click,2026-08-16 22:06:26
I0007905,U00866,P00358,view,2026-06-28 22:06:26
I0007906,U00724,P00088,cart,2026-06-27 22:06:26
I0007907,U00563,P00020,click,2026-05-20 22:06:26
I0007908,U00232,P00225,click,2026-07-05 22:06:26
I0007909,U00556,P00330,purchase,2026-07-20 22:06:26
I0007910,U00911,P00500,wishlist,2026-06-02 22:06:26
I0007911,U00911,P00283,click,2026-07-02 22:06:26
I0007912,U00305,P00339,cart,2026-06-20 22:06:26
I0007913,U00757,P00077,view,2026-07-03 22:06:26
I0007914,U00072,P00185,click,2026-05-28 22:06:26
I0007915,U00100,P00327,click,2026-08-10 22:06:26
I0007916,U00010,P00138,wishlist,2026-08-14 22:06:26
I0007917,U00425,P00320,view,2026-06-06 22:06:26
I0007918,U00978,P00053,view,2026-07-21 22:06:26
I0007919,U00999,P00462,view,2026-07-16 22:06:26
I0007920,U00916,P00275,view,2026-07-23 22:06:26
I0007921,U00415,P00479,click,2026-07-09 22:06:26
I0007922,U00409,P00020,view,2026-06-26 22:06:26
I0007923,U00548,P00184,click,2026-06-09 22:06:26
I0007924,U00095,P00126,view,2026-05-31 22:06:26
I0007925,U00134,P00396,click,2026-07-06 22:06:26
I0007926,U00333,P00349,view,2026-07-30 22:06:26
I0007927,U00776,P00476,view,2026-06-05 22:06:26
I0007928,U00059,P00234,wishlist,2026-06-07 22:06:26
I0007929,U00686,P00491,click,2026-07-05 22:06:26
I0007930,U00700,P00313,view,2026-06-01 22:06:26
I0007931,U00549,P00349,click,2026-06-18 22:06:26
I0007932,U00679,P00170,purchase,2026-06-24 22:06:26
I0007933,U00329,P00098,wishlist,2026-08-02 22:06:26
I0007934,U00275,P00449,click,2026-08-02 22:06:26
I0007935,U00166,P00483,wishlist,2026-08-07 22:06:26
I0007936,U00074,P00031,wishlist,2026-07-16 22:06:26
I0007937,U00050,P00493,view,2026-06-26 22:06:26
I0007938,U00687,P00180,view,2026-06-22 22:06:26
I0007939,U00992,P00362,view,2026-07-08 22:06:26
I0007940,U00082,P00066,click,2026-05-29 22:06:26
I0007941,U00622,P00387,purchase,2026-07-12 22:06:26
I0007942,U00667,P00310,cart,2026-06-04 22:06:26
I0007943,U00417,P00244,click,2026-06-13 22:06:26
I0007944,U00224,P00388,purchase,2026-07-07 22:06:26
I0007945,U00658,P00162,purchase,2026-06-06 22:06:26
I0007946,U00338,P00403,view,2026-07-10 22:06:26
I0007947,U00359,P00021,view,2026-06-08 22:06:26
I0007948,U00347,P00424,view,2026-07-19 22:06:26
I0007949,U00931,P00139,click,2026-06-08 22:06:26
I0007950,U00312,P00389,click,2026-08-03 22:06:26
I0007951,U00305,P00472,click,2026-05-30 22:06:26
I0007952,U00695,P00092,click,2026-07-09 22:06:26
I0007953,U00501,P00263,purchase,2026-06-12 22:06:26
I0007954,U00523,P00106,click,2026-06-29 22:06:26
I0007955,U00004,P00265,wishlist,2026-08-02 22:06:26
I0007956,U00228,P00166,wishlist,2026-07-23 22:06:26
I0007957,U00896,P00308,click,2026-06-21 22:06:26
I0007958,U00849,P00342,click,2026-07-05 22:06:26
I0007959,U00592,P00141,cart,2026-08-12 22:06:26
I0007960,U00634,P00451,view,2026-06-02 22:06:26
I0007961,U00430,P00305,purchase,2026-07-17 22:06:26
I0007962,U00268,P00411,view,2026-07-24 22:06:26
I0007963,U00638,P00249,wishlist,2026-06-10 22:06:26
I0007964,U00264,P00296,wishlist,2026-05-23 22:06:26
I0007965,U00401,P00107,cart,2026-06-25 22:06:26
I0007966,U00267,P00469,view,2026-06-29 22:06:26
I0007967,U00471,P00223,cart,2026-08-16 22:06:26
I0007968,U00771,P00481,purchase,2026-08-06 22:06:26
I0007969,U00576,P00322,wishlist,2026-08-07 22:06:26
I0007970,U00831,P00175,view,2026-05-23 22:06:26
I0007971,U00853,P00202,view,2026-07-27 22:06:26
I0007972,U00566,P00443,click,2026-07-30 22:06:26
I0007973,U00463,P00336,click,2026-06-25 22:06:26
I0007974,U00849,P00273,view,2026-06-07 22:06:26
I0007975,U00042,P00391,view,2026-07-22 22:06:26
I0007976,U00708,P00220,view,2026-06-25 22:06:26
I0007977,U00336,P00018,view,2026-07-30 22:06:26
I0007978,U00905,P00119,view,2026-07-15 22:06:26
I0007979,U00966,P00152,view,2026-05-22 22:06:26
I0007980,U00340,P00130,cart,2026-07-20 22:06:26
I0007981,U00429,P00207,view,2026-07-14 22:06:26
I0007982,U00152,P00230,cart,2026-08-10 22:06:26
I0007983,U00931,P00285,click,2026-06-16 22:06:26
I0007984,U00498,P00024,cart,2026-06-27 22:06:26
I0007985,U00699,P00216,view,2026-07-02 22:06:26
I0007986,U00008,P00420,view,2026-08-03 22:06:26
I0007987,U00667,P00176,click,2026-08-17 22:06:26
I0007988,U00178,P00158,view,2026-07-22 22:06:26
I0007989,U00713,P00404,view,2026-07-19 22:06:26
I0007990,U00917,P00203,purchase,2026-06-02 22:06:26
I0007991,U00869,P00400,view,2026-08-13 22:06:26
I0007992,U00743,P00066,purchase,2026-06-01 22:06:26
I0007993,U00435,P00483,click,2026-07-06 22:06:26
I0007994,U00869,P00059,view,2026-06-21 22:06:26
I0007995,U00935,P00024,view,2026-08-02 22:06:26
I0007996,U00805,P00367,view,2026-07-18 22:06:26
I0007997,U00116,P00471,view,2026-06-25 22:06:26
I0007998,U00296,P00014,view,2026-06-02 22:06:26
I0007999,U00530,P00444,view,2026-06-05 22:06:26
I0008000,U00509,P00225,wishlist,2026-07-20 22:06:26
I0008001,U00691,P00338,view,2026-06-16 22:06:26
I0008002,U00966,P00213,view,2026-08-01 22:06:26
I0008003,U00637,P00360,view,2026-08-15 22:06:26
I0008004,U00784,P00249,click,2026-07-19 22:06:26
I0008005,U00142,P00253,view,2026-08-06 22:06:26
I0008006,U00648,P00356,wishlist,2026-06-29 22:06:26
I0008007,U00953,P00159,view,2026-08-05 22:06:26
I0008008,U00144,P00082,click,2026-07-27 22:06:26
I0008009,U00281,P00087,view,2026-08-07 22:06:26
I0008010,U00543,P00366,view,2026-06-04 22:06:26
I0008011,U00109,P00452,view,2026-08-18 22:06:26
I0008012,U00803,P00211,wishlist,2026-05-28 22:06:26
I0008013,U00244,P00394,view,2026-08-09 22:06:26
I0008014,U00140,P00429,view,2026-06-15 22:06:26
I0008015,U00149,P00394,view,2026-06-15 22:06:26
I0008016,U00118,P00322,view,2026-08-06 22:06:26
I0008017,U00608,P00064,click,2026-05-20 22:06:26
I0008018,U00236,P00373,click,2026-08-11 22:06:26
I0008019,U00801,P00310,view,2026-06-07 22:06:26
I0008020,U00354,P00330,view,2026-07-05 22:06:26
I0008021,U00683,P00228,wishlist,2026-05-23 22:06:26
I0008022,U00560,P00012,view,2026-08-13 22:06:26
I0008023,U00076,P00226,click,2026-07-01 22:06:26
I0008024,U00424,P00391,cart,2026-07-05 22:06:26
I0008025,U00554,P00279,view,2026-05-31 22:06:26
I0008026,U00271,P00070,view,2026-07-16 22:06:26
I0008027,U00562,P00038,view,2026-07-06 22:06:26
I0008028,U00614,P00088,view,2026-05-25 22:06:26
I0008029,U00171,P00459,view,2026-06-22 22:06:26
I0008030,U00222,P00148,view,2026-07-08 22:06:26
I0008031,U00301,P00458,view,2026-06-06 22:06:26
I0008032,U00767,P00283,purchase,2026-08-05 22:06:26
I0008033,U00182,P00256,view,2026-08-18 22:06:26
I0008034,U00421,P00366,view,2026-06-08 22:06:26
I0008035,U00351,P00236,click,2026-07-08 22:06:26
I0008036,U00268,P00099,cart,2026-07-25 22:06:26
I0008037,U00159,P00383,view,2026-07-06 22:06:26
I0008038,U00851,P00003,view,2026-06-19 22:06:26
I0008039,U00776,P00116,click,2026-06-01 22:06:26
I0008040,U00897,P00212,view,2026-07-26 22:06:26
I0008041,U00746,P00390,view,2026-06-14 22:06:26
I0008042,U00771,P00216,view,2026-07-27 22:06:26
I0008043,U00740,P00298,click,2026-07-27 22:06:26
I0008044,U00159,P00338,cart,2026-07-01 22:06:26
I0008045,U00309,P00366,view,2026-07-06 22:06:26
I0008046,U00217,P00395,cart,2026-06-20 22:06:26
I0008047,U00740,P00396,wishlist,2026-06-17 22:06:26
I0008048,U00002,P00387,view,2026-07-20 22:06:26
I0008049,U00321,P00390,view,2026-06-15 22:06:26
I0008050,U00251,P00205,view,2026-07-07 22:06:26
I0008051,U00790,P00149,wishlist,2026-08-08 22:06:26
I0008052,U00492,P00159,click,2026-05-27 22:06:26
I0008053,U00793,P00029,wishlist,2026-05-28 22:06:26
I0008054,U00783,P00100,view,2026-08-13 22:06:26
I0008055,U00606,P00103,click,2026-06-10 22:06:26
I0008056,U00586,P00165,view,2026-07-21 22:06:26
I0008057,U00139,P00469,view,2026-07-25 22:06:26
I0008058,U00677,P00394,view,2026-06-12 22:06:26
I0008059,U00899,P00364,wishlist,2026-07-24 22:06:26
I0008060,U00523,P00115,wishlist,2026-06-13 22:06:26
I0008061,U00607,P00381,wishlist,2026-06-29 22:06:26
I0008062,U00403,P00411,view,2026-07-26 22:06:26
I0008063,U00567,P00432,wishlist,2026-08-11 22:06:26
I0008064,U00113,P00077,wishlist,2026-08-14 22:06:26
I0008065,U00078,P00122,view,2026-06-13 22:06:26
I0008066,U00639,P00121,wishlist,2026-05-26 22:06:26
I0008067,U00776,P00443,click,2026-07-22 22:06:26
I0008068,U00357,P00243,click,2026-06-10 22:06:26
I0008069,U00669,P00062,view,2026-07-07 22:06:26
I0008070,U00053,P00373,view,2026-06-09 22:06:26
I0008071,U00035,P00077,click,2026-05-28 22:06:26
I0008072,U00129,P00226,view,2026-06-28 22:06:26
I0008073,U00631,P00235,view,2026-07-28 22:06:26
I0008074,U00415,P00187,view,2026-05-27 22:06:26
I0008075,U00588,P00094,cart,2026-08-18 22:06:26
I0008076,U00892,P00023,cart,2026-08-07 22:06:26
I0008077,U00768,P00194,click,2026-07-04 22:06:26
I0008078,U00393,P00460,purchase,2026-08-06 22:06:26
I0008079,U00387,P00407,click,2026-07-14 22:06:26
I0008080,U00143,P00321,view,2026-06-03 22:06:26
I0008081,U00507,P00340,view,2026-08-14 22:06:26
I0008082,U00180,P00210,wishlist,2026-08-15 22:06:26
I0008083,U00260,P00335,purchase,2026-07-17 22:06:26
I0008084,U00431,P00278,view,2026-07-01 22:06:26
I0008085,U00850,P00373,view,2026-08-17 22:06:26
I0008086,U00678,P00108,view,2026-05-30 22:06:26
I0008087,U00660,P00358,click,2026-08-08 22:06:26
I0008088,U00254,P00400,wishlist,2026-06-14 22:06:26
I0008089,U00414,P00489,view,2026-06-07 22:06:26
I0008090,U00446,P00476,view,2026-08-06 22:06:26
I0008091,U00906,P00213,view,2026-06-07 22:06:26
I0008092,U00623,P00201,wishlist,2026-05-24 22:06:26
I0008093,U00022,P00068,view,2026-06-19 22:06:26
I0008094,U00629,P00304,click,2026-07-04 22:06:26
I0008095,U00705,P00299,click,2026-07-12 22:06:26
I0008096,U00547,P00210,cart,2026-07-06 22:06:26
I0008097,U00654,P00244,view,2026-07-22 22:06:26
I0008098,U00384,P00090,purchase,2026-06-03 22:06:26
I0008099,U00310,P00163,view,2026-08-17 22:06:26
I0008100,U00144,P00286,click,2026-07-18 22:06:26
I0008101,U00182,P00116,view,2026-08-11 22:06:26
I0008102,U00377,P00039,purchase,2026-07-04 22:06:26
I0008103,U00560,P00367,view,2026-06-23 22:06:26
I0008104,U00799,P00497,purchase,2026-07-07 22:06:26
I0008105,U00328,P00005,view,2026-05-27 22:06:26
I0008106,U00466,P00364,view,2026-06-18 22:06:26
I0008107,U00710,P00462,click,2026-05-20 22:06:26
I0008108,U00336,P00424,view,2026-07-13 22:06:26
I0008109,U00595,P00236,cart,2026-07-21 22:06:26
I0008110,U00307,P00244,view,2026-06-30 22:06:26
I0008111,U00713,P00277,view,2026-08-11 22:06:26
I0008112,U00656,P00132,click,2026-05-25 22:06:26
I0008113,U00805,P00493,purchase,2026-06-30 22:06:26
I0008114,U00220,P00182,view,2026-05-26 22:06:26
I0008115,U00038,P00122,cart,2026-07-20 22:06:26
I0008116,U00634,P00301,view,2026-06-08 22:06:26
I0008117,U00854,P00438,cart,2026-07-21 22:06:26
I0008118,U00563,P00217,view,2026-07-07 22:06:26
I0008119,U00023,P00475,view,2026-08-17 22:06:26
I0008120,U00233,P00482,view,2026-06-24 22:06:26
I0008121,U00760,P00435,click,2026-07-02 22:06:26
I0008122,U00863,P00026,click,2026-08-01 22:06:26
I0008123,U00626,P00064,click,2026-05-20 22:06:26
I0008124,U00614,P00458,view,2026-07-15 22:06:26
I0008125,U00796,P00484,click,2026-06-15 22:06:26
I0008126,U00441,P00009,cart,2026-07-10 22:06:26
I0008127,U00621,P00006,view,2026-07-16 22:06:26
I0008128,U00310,P00298,wishlist,2026-05-23 22:06:26
I0008129,U00998,P00190,view,2026-06-02 22:06:26
I0008130,U00226,P00185,view,2026-07-19 22:06:26
I0008131,U00573,P00244,view,2026-07-10 22:06:26
I0008132,U00732,P00276,click,2026-08-09 22:06:26
I0008133,U00403,P00405,view,2026-08-02 22:06:26
I0008134,U00535,P00315,view,2026-06-17 22:06:26
I0008135,U00545,P00342,view,2026-07-10 22:06:26
I0008136,U00916,P00155,cart,2026-06-08 22:06:26
I0008137,U00228,P00042,click,2026-06-13 22:06:26
I0008138,U00058,P00339,view,2026-06-14 22:06:26
I0008139,U00271,P00021,wishlist,2026-07-20 22:06:26
I0008140,U00729,P00438,view,2026-06-23 22:06:26
I0008141,U00186,P00200,view,2026-07-10 22:06:26
I0008142,U00391,P00159,click,2026-07-08 22:06:26
I0008143,U00484,P00089,view,2026-05-30 22:06:26
I0008144,U00175,P00050,click,2026-06-14 22:06:26
I0008145,U00072,P00035,view,2026-05-31 22:06:26
I0008146,U00787,P00004,cart,2026-06-14 22:06:26
I0008147,U00750,P00344,cart,2026-07-28 22:06:26
I0008148,U00644,P00400,wishlist,2026-06-30 22:06:26
I0008149,U00800,P00449,wishlist,2026-05-25 22:06:26
I0008150,U00449,P00243,view,2026-06-26 22:06:26
I0008151,U00748,P00485,click,2026-07-19 22:06:26
I0008152,U00147,P00221,view,2026-06-19 22:06:26
I0008153,U00336,P00125,purchase,2026-07-13 22:06:26
I0008154,U00483,P00139,view,2026-07-05 22:06:26
I0008155,U00133,P00137,click,2026-05-28 22:06:26
I0008156,U00903,P00371,purchase,2026-08-15 22:06:26
I0008157,U00139,P00017,view,2026-05-24 22:06:26
I0008158,U00893,P00293,click,2026-07-20 22:06:26
I0008159,U00982,P00009,click,2026-07-23 22:06:26
I0008160,U00961,P00095,view,2026-07-05 22:06:26
I0008161,U00724,P00141,view,2026-07-22 22:06:26
I0008162,U00192,P00326,click,2026-06-22 22:06:26
I0008163,U00150,P00149,purchase,2026-06-22 22:06:26
I0008164,U00567,P00280,view,2026-07-23 22:06:26
I0008165,U00187,P00100,view,2026-07-07 22:06:26
I0008166,U00103,P00409,wishlist,2026-07-27 22:06:26
I0008167,U00356,P00497,cart,2026-07-08 22:06:26
I0008168,U00699,P00304,view,2026-07-22 22:06:26
I0008169,U00825,P00292,view,2026-05-23 22:06:26
I0008170,U00836,P00236,purchase,2026-08-06 22:06:26
I0008171,U00001,P00438,view,2026-07-31 22:06:26
I0008172,U00867,P00128,purchase,2026-08-06 22:06:26
I0008173,U00308,P00429,view,2026-05-28 22:06:26
I0008174,U00254,P00426,click,2026-07-08 22:06:26
I0008175,U00434,P00047,click,2026-06-27 22:06:26
I0008176,U00813,P00226,view,2026-07-04 22:06:26
I0008177,U00220,P00064,view,2026-06-06 22:06:26
I0008178,U00763,P00008,view,2026-06-01 22:06:26
I0008179,U00362,P00378,view,2026-07-13 22:06:26
I0008180,U00829,P00389,purchase,2026-06-08 22:06:26
I0008181,U00602,P00486,purchase,2026-05-26 22:06:26
I0008182,U00211,P00224,view,2026-08-12 22:06:26
I0008183,U00365,P00195,view,2026-08-05 22:06:26
I0008184,U00239,P00461,view,2026-07-02 22:06:26
I0008185,U00475,P00465,cart,2026-08-11 22:06:26
I0008186,U00374,P00221,click,2026-05-22 22:06:26
I0008187,U00435,P00363,click,2026-07-08 22:06:26
I0008188,U00094,P00369,view,2026-08-01 22:06:26
I0008189,U00843,P00183,wishlist,2026-07-03 22:06:26
I0008190,U00828,P00305,view,2026-06-10 22:06:26
I0008191,U00336,P00370,wishlist,2026-06-30 22:06:26
I0008192,U00923,P00258,wishlist,2026-06-14 22:06:26
I0008193,U00569,P00411,click,2026-07-16 22:06:26
I0008194,U00933,P00147,wishlist,2026-07-19 22:06:26
I0008195,U00170,P00323,view,2026-07-15 22:06:26
I0008196,U00856,P00326,wishlist,2026-06-26 22:06:26
I0008197,U00337,P00181,click,2026-08-17 22:06:26
I0008198,U00779,P00175,cart,2026-06-11 22:06:26
I0008199,U00136,P00436,cart,2026-08-09 22:06:26
I0008200,U00806,P00434,view,2026-06-29 22:06:26
I0008201,U00125,P00183,click,2026-06-04 22:06:26
I0008202,U00870,P00288,click,2026-07-31 22:06:26
I0008203,U00376,P00188,view,2026-07-25 22:06:26
I0008204,U00074,P00500,view,2026-08-13 22:06:26
I0008205,U00694,P00321,view,2026-06-09 22:06:26
I0008206,U00469,P00150,view,2026-06-02 22:06:26
I0008207,U00928,P00475,view,2026-07-01 22:06:26
I0008208,U00243,P00123,wishlist,2026-08-02 22:06:26
I0008209,U00866,P00224,view,2026-06-18 22:06:26
I0008210,U00081,P00004,click,2026-05-22 22:06:26
I0008211,U00789,P00401,click,2026-07-07 22:06:26
I0008212,U00209,P00134,view,2026-07-25 22:06:26
I0008213,U00378,P00307,view,2026-06-21 22:06:26
I0008214,U00664,P00491,click,2026-07-15 22:06:26
I0008215,U00270,P00470,wishlist,2026-08-08 22:06:26
I0008216,U00216,P00495,view,2026-07-16 22:06:26
I0008217,U00549,P00088,wishlist,2026-07-11 22:06:26
I0008218,U00038,P00368,cart,2026-06-23 22:06:26
I0008219,U00899,P00078,view,2026-05-24 22:06:26
I0008220,U00284,P00422,cart,2026-07-10 22:06:26
I0008221,U00701,P00252,click,2026-07-23 22:06:26
I0008222,U00805,P00444,click,2026-08-01 22:06:26
I0008223,U00755,P00321,click,2026-07-03 22:06:26
I0008224,U00985,P00080,view,2026-06-03 22:06:26
I0008225,U00146,P00482,purchase,2026-06-24 22:06:26
I0008226,U00847,P00011,wishlist,2026-08-01 22:06:26
I0008227,U00861,P00070,view,2026-07-31 22:06:26
I0008228,U00700,P00100,click,2026-05-25 22:06:26
I0008229,U00399,P00345,click,2026-07-20 22:06:26
I0008230,U00109,P00281,click,2026-07-15 22:06:26
I0008231,U00246,P00250,view,2026-05-30 22:06:26
I0008232,U00095,P00208,view,2026-07-14 22:06:26
I0008233,U00564,P00048,view,2026-08-15 22:06:26
I0008234,U00161,P00075,click,2026-08-16 22:06:26
I0008235,U00790,P00353,view,2026-06-26 22:06:26
I0008236,U00591,P00248,wishlist,2026-06-09 22:06:26
I0008237,U00264,P00206,view,2026-05-26 22:06:26
I0008238,U00791,P00225,view,2026-06-15 22:06:26
I0008239,U00194,P00140,view,2026-05-23 22:06:26
I0008240,U00997,P00449,wishlist,2026-07-03 22:06:26
I0008241,U00598,P00212,cart,2026-07-19 22:06:26
I0008242,U00090,P00169,view,2026-07-03 22:06:26
I0008243,U00072,P00081,view,2026-06-28 22:06:26
I0008244,U00126,P00446,view,2026-06-30 22:06:26
I0008245,U00752,P00122,click,2026-07-14 22:06:26
I0008246,U00458,P00284,click,2026-06-28 22:06:26
I0008247,U00508,P00138,view,2026-06-27 22:06:26
I0008248,U00887,P00316,view,2026-07-29 22:06:26
I0008249,U00420,P00238,cart,2026-08-03 22:06:26
I0008250,U00300,P00345,view,2026-06-23 22:06:26
I0008251,U00487,P00212,view,2026-06-18 22:06:26
I0008252,U00055,P00142,view,2026-05-22 22:06:26
I0008253,U00175,P00046,view,2026-08-06 22:06:26
I0008254,U00912,P00403,view,2026-05-27 22:06:26
I0008255,U00897,P00046,cart,2026-05-31 22:06:26
I0008256,U00112,P00085,view,2026-06-20 22:06:26
I0008257,U00416,P00409,view,2026-06-10 22:06:26
I0008258,U00648,P00149,click,2026-06-07 22:06:26
I0008259,U00602,P00149,cart,2026-07-03 22:06:26
I0008260,U00626,P00208,purchase,2026-08-05 22:06:26
I0008261,U00288,P00248,view,2026-07-22 22:06:26
I0008262,U00062,P00327,click,2026-05-27 22:06:26
I0008263,U00685,P00202,view,2026-06-19 22:06:26
I0008264,U00249,P00291,click,2026-07-02 22:06:26
I0008265,U00425,P00317,click,2026-06-30 22:06:26
I0008266,U00490,P00045,view,2026-06-09 22:06:26
I0008267,U00219,P00099,click,2026-06-24 22:06:26
I0008268,U00224,P00004,click,2026-07-05 22:06:26
I0008269,U00244,P00035,view,2026-08-05 22:06:26
I0008270,U00077,P00172,cart,2026-06-03 22:06:26
I0008271,U00526,P00011,click,2026-07-20 22:06:26
I0008272,U00286,P00326,cart,2026-07-10 22:06:26
I0008273,U00584,P00150,cart,2026-05-23 22:06:26
I0008274,U00579,P00403,view,2026-07-02 22:06:26
I0008275,U00482,P00276,view,2026-06-03 22:06:26
I0008276,U00619,P00480,click,2026-08-07 22:06:26
I0008277,U00641,P00497,click,2026-05-29 22:06:26
I0008278,U00531,P00306,purchase,2026-06-11 22:06:26
I0008279,U00108,P00285,wishlist,2026-06-02 22:06:26
I0008280,U00626,P00377,view,2026-05-29 22:06:26
I0008281,U00432,P00033,click,2026-05-31 22:06:26
I0008282,U00328,P00270,view,2026-05-21 22:06:26
I0008283,U00661,P00324,view,2026-05-20 22:06:26
I0008284,U00172,P00126,click,2026-08-16 22:06:26
I0008285,U00971,P00422,click,2026-07-23 22:06:26
I0008286,U00215,P00389,click,2026-07-11 22:06:26
I0008287,U00149,P00332,wishlist,2026-08-17 22:06:26
I0008288,U00636,P00488,cart,2026-05-30 22:06:26
I0008289,U00479,P00131,click,2026-06-25 22:06:26
I0008290,U00170,P00041,cart,2026-08-05 22:06:26
I0008291,U00501,P00198,view,2026-07-10 22:06:26
I0008292,U00585,P00264,view,2026-06-03 22:06:26
I0008293,U00757,P00275,view,2026-07-22 22:06:26
I0008294,U00372,P00079,click,2026-06-05 22:06:26
I0008295,U00721,P00354,click,2026-07-04 22:06:26
I0008296,U00157,P00127,wishlist,2026-05-28 22:06:26
I0008297,U00195,P00286,view,2026-06-18 22:06:26
I0008298,U00557,P00465,view,2026-06-01 22:06:26
I0008299,U00105,P00204,cart,2026-08-12 22:06:26
I0008300,U00324,P00015,click,2026-08-18 22:06:26
I0008301,U00547,P00245,view,2026-06-18 22:06:26
I0008302,U00831,P00323,view,2026-06-09 22:06:26
I0008303,U00349,P00248,view,2026-06-25 22:06:26
I0008304,U00858,P00446,view,2026-07-01 22:06:26
I0008305,U00518,P00240,wishlist,2026-06-29 22:06:26
I0008306,U00193,P00094,view,2026-08-03 22:06:26
I0008307,U00492,P00080,view,2026-07-06 22:06:26
I0008308,U00216,P00339,click,2026-07-13 22:06:26
I0008309,U00427,P00500,purchase,2026-06-16 22:06:26
I0008310,U00824,P00336,view,2026-08-16 22:06:26
I0008311,U00114,P00058,click,2026-08-11 22:06:26
I0008312,U00622,P00282,view,2026-06-15 22:06:26
I0008313,U00906,P00398,view,2026-07-22 22:06:26
I0008314,U00839,P00116,wishlist,2026-07-12 22:06:26
I0008315,U00277,P00240,view,2026-07-15 22:06:26
I0008316,U00362,P00485,click,2026-07-09 22:06:26
I0008317,U00492,P00046,purchase,2026-05-20 22:06:26
I0008318,U00938,P00036,click,2026-08-11 22:06:26
I0008319,U00320,P00020,view,2026-06-18 22:06:26
I0008320,U00927,P00210,view,2026-06-13 22:06:26
I0008321,U00266,P00362,click,2026-08-01 22:06:26
I0008322,U00658,P00231,wishlist,2026-05-30 22:06:26
I0008323,U00990,P00196,click,2026-05-21 22:06:26
I0008324,U00767,P00195,click,2026-07-19 22:06:26
I0008325,U00451,P00328,click,2026-06-10 22:06:26
I0008326,U00043,P00359,view,2026-08-03 22:06:26
I0008327,U00783,P00494,click,2026-08-17 22:06:26
I0008328,U00523,P00078,view,2026-07-27 22:06:26
I0008329,U00107,P00295,view,2026-08-04 22:06:26
I0008330,U00382,P00294,view,2026-06-09 22:06:26
I0008331,U00632,P00243,view,2026-07-11 22:06:26
I0008332,U00777,P00232,view,2026-08-12 22:06:26
I0008333,U00051,P00046,click,2026-05-27 22:06:26
I0008334,U00082,P00067,click,2026-06-14 22:06:26
I0008335,U00837,P00229,view,2026-05-24 22:06:26
I0008336,U00599,P00443,cart,2026-05-30 22:06:26
I0008337,U00823,P00220,purchase,2026-06-12 22:06:26
I0008338,U00241,P00149,click,2026-05-20 22:06:26
I0008339,U00758,P00407,view,2026-06-03 22:06:26
I0008340,U00493,P00045,click,2026-07-29 22:06:26
I0008341,U00098,P00080,view,2026-06-07 22:06:26
I0008342,U00533,P00048,view,2026-07-03 22:06:26
I0008343,U00117,P00240,view,2026-06-08 22:06:26
I0008344,U00118,P00232,wishlist,2026-05-23 22:06:26
I0008345,U00242,P00188,click,2026-06-23 22:06:26
I0008346,U00998,P00302,view,2026-07-25 22:06:26
I0008347,U00907,P00257,wishlist,2026-07-02 22:06:26
I0008348,U00008,P00149,click,2026-07-19 22:06:26
I0008349,U00297,P00018,view,2026-06-26 22:06:26
I0008350,U00066,P00194,wishlist,2026-07-05 22:06:26
I0008351,U00215,P00259,view,2026-07-20 22:06:26
I0008352,U00432,P00125,view,2026-08-18 22:06:26
I0008353,U00344,P00179,wishlist,2026-05-26 22:06:26
I0008354,U00695,P00312,purchase,2026-07-10 22:06:26
I0008355,U00779,P00058,view,2026-06-26 22:06:26
I0008356,U00601,P00417,click,2026-07-09 22:06:26
I0008357,U00105,P00498,view,2026-06-21 22:06:26
I0008358,U00334,P00209,click,2026-06-16 22:06:26
I0008359,U00772,P00094,view,2026-06-26 22:06:26
I0008360,U00965,P00253,view,2026-06-10 22:06:26
I0008361,U00931,P00119,view,2026-06-27 22:06:26
I0008362,U00849,P00282,wishlist,2026-05-20 22:06:26
I0008363,U00184,P00181,click,2026-07-21 22:06:26
I0008364,U00304,P00033,view,2026-06-12 22:06:26
I0008365,U00236,P00230,click,2026-08-03 22:06:26
I0008366,U00072,P00413,click,2026-06-23 22:06:26
I0008367,U00576,P00142,view,2026-06-17 22:06:26
I0008368,U00894,P00102,wishlist,2026-08-01 22:06:26
I0008369,U00897,P00365,cart,2026-08-04 22:06:26
I0008370,U00139,P00026,click,2026-07-13 22:06:26
I0008371,U00715,P00217,click,2026-07-13 22:06:26
I0008372,U00094,P00196,view,2026-07-01 22:06:26
I0008373,U00294,P00118,view,2026-06-12 22:06:26
I0008374,U00948,P00116,view,2026-05-28 22:06:26
I0008375,U00669,P00252,cart,2026-08-09 22:06:26
I0008376,U00258,P00090,purchase,2026-06-08 22:06:26
I0008377,U00558,P00074,click,2026-06-02 22:06:26
I0008378,U00240,P00258,view,2026-07-22 22:06:26
I0008379,U00666,P00347,view,2026-06-27 22:06:26
I0008380,U00677,P00478,view,2026-07-22 22:06:26
I0008381,U00312,P00448,view,2026-06-17 22:06:26
I0008382,U00718,P00481,view,2026-07-23 22:06:26
I0008383,U00117,P00489,cart,2026-08-03 22:06:26
I0008384,U00927,P00469,view,2026-07-02 22:06:26
I0008385,U00411,P00132,view,2026-08-06 22:06:26
I0008386,U00399,P00320,click,2026-06-09 22:06:26
I0008387,U00538,P00432,click,2026-08-14 22:06:26
I0008388,U00571,P00146,view,2026-06-14 22:06:26
I0008389,U00249,P00235,click,2026-06-29 22:06:26
I0008390,U00510,P00360,click,2026-06-02 22:06:26
I0008391,U00846,P00376,click,2026-07-01 22:06:26
I0008392,U00247,P00412,view,2026-07-05 22:06:26
I0008393,U00507,P00151,view,2026-08-01 22:06:26
I0008394,U00236,P00121,view,2026-08-09 22:06:26
I0008395,U00582,P00208,view,2026-08-01 22:06:26
I0008396,U00528,P00238,view,2026-07-09 22:06:26
I0008397,U00204,P00141,view,2026-07-28 22:06:26
I0008398,U00940,P00084,click,2026-08-17 22:06:26
I0008399,U00449,P00443,view,2026-07-18 22:06:26
I0008400,U00170,P00156,view,2026-06-26 22:06:26
I0008401,U00741,P00168,view,2026-06-07 22:06:26
I0008402,U00561,P00126,view,2026-06-05 22:06:26
I0008403,U00035,P00019,wishlist,2026-08-15 22:06:26
I0008404,U00762,P00425,view,2026-07-28 22:06:26
I0008405,U00799,P00117,click,2026-06-18 22:06:26
I0008406,U00544,P00090,wishlist,2026-07-16 22:06:26
I0008407,U00274,P00317,view,2026-08-03 22:06:26
I0008408,U00051,P00476,cart,2026-06-01 22:06:26
I0008409,U00139,P00288,view,2026-08-12 22:06:26
I0008410,U00355,P00290,click,2026-08-07 22:06:26
I0008411,U00104,P00148,view,2026-06-01 22:06:26
I0008412,U00260,P00241,view,2026-07-02 22:06:26
I0008413,U00264,P00318,click,2026-08-08 22:06:26
I0008414,U00771,P00368,view,2026-07-13 22:06:26
I0008415,U00869,P00261,view,2026-07-03 22:06:26
I0008416,U00904,P00184,view,2026-08-02 22:06:26
I0008417,U00040,P00165,wishlist,2026-07-07 22:06:26
I0008418,U00399,P00185,view,2026-06-13 22:06:26
I0008419,U00114,P00281,view,2026-06-10 22:06:26
I0008420,U00215,P00275,view,2026-06-26 22:06:26
I0008421,U00713,P00410,view,2026-07-20 22:06:26
I0008422,U00734,P00115,view,2026-08-14 22:06:26
I0008423,U00018,P00489,click,2026-07-20 22:06:26
I0008424,U00454,P00442,view,2026-07-18 22:06:26
I0008425,U00459,P00262,cart,2026-06-09 22:06:26
I0008426,U00757,P00050,view,2026-07-20 22:06:26
I0008427,U00785,P00198,cart,2026-05-31 22:06:26
I0008428,U00615,P00132,view,2026-06-19 22:06:26
I0008429,U00266,P00073,view,2026-06-14 22:06:26
I0008430,U00066,P00396,click,2026-08-18 22:06:26
I0008431,U00008,P00366,wishlist,2026-08-09 22:06:26
I0008432,U00463,P00079,view,2026-06-22 22:06:26
I0008433,U00540,P00227,cart,2026-05-20 22:06:26
I0008434,U00397,P00404,view,2026-08-02 22:06:26
I0008435,U00370,P00346,view,2026-07-26 22:06:26
I0008436,U00883,P00150,wishlist,2026-06-17 22:06:26
I0008437,U00423,P00065,wishlist,2026-07-16 22:06:26
I0008438,U00307,P00249,view,2026-07-07 22:06:26
I0008439,U00404,P00150,purchase,2026-07-05 22:06:26
I0008440,U00648,P00243,click,2026-08-15 22:06:26
I0008441,U00639,P00263,view,2026-06-13 22:06:26
I0008442,U00824,P00234,click,2026-06-08 22:06:26
I0008443,U00907,P00464,click,2026-07-03 22:06:26
I0008444,U00122,P00126,view,2026-05-27 22:06:26
I0008445,U00888,P00252,cart,2026-06-14 22:06:26
I0008446,U00287,P00248,view,2026-06-13 22:06:26
I0008447,U00805,P00005,view,2026-06-26 22:06:26
I0008448,U00339,P00320,purchase,2026-07-25 22:06:26
I0008449,U00365,P00066,view,2026-06-10 22:06:26
I0008450,U00894,P00293,view,2026-07-09 22:06:26
I0008451,U00800,P00380,click,2026-07-24 22:06:26
I0008452,U00261,P00370,view,2026-08-14 22:06:26
I0008453,U00166,P00190,wishlist,2026-06-14 22:06:26
I0008454,U00378,P00432,cart,2026-05-26 22:06:26
I0008455,U00464,P00325,view,2026-08-16 22:06:26
I0008456,U00822,P00037,click,2026-08-11 22:06:26
I0008457,U00883,P00098,click,2026-05-31 22:06:26
I0008458,U00362,P00002,click,2026-06-01 22:06:26
I0008459,U00488,P00366,click,2026-08-01 22:06:26
I0008460,U00667,P00131,wishlist,2026-07-20 22:06:26
I0008461,U00540,P00462,purchase,2026-06-20 22:06:26
I0008462,U00358,P00273,cart,2026-07-28 22:06:26
I0008463,U00418,P00443,view,2026-06-30 22:06:26
I0008464,U00765,P00455,view,2026-06-18 22:06:26
I0008465,U00521,P00477,wishlist,2026-07-31 22:06:26
I0008466,U00401,P00295,wishlist,2026-06-09 22:06:26
I0008467,U00643,P00331,view,2026-06-27 22:06:26
I0008468,U00474,P00231,view,2026-06-25 22:06:26
I0008469,U00826,P00141,view,2026-07-09 22:06:26
I0008470,U00089,P00321,view,2026-07-10 22:06:26
I0008471,U00294,P00352,view,2026-05-29 22:06:26
I0008472,U00852,P00294,view,2026-06-21 22:06:26
I0008473,U00544,P00178,click,2026-08-18 22:06:26
I0008474,U00355,P00234,click,2026-08-04 22:06:26
I0008475,U00940,P00426,view,2026-07-28 22:06:26
I0008476,U00655,P00372,wishlist,2026-05-23 22:06:26
I0008477,U00990,P00247,click,2026-06-02 22:06:26
I0008478,U00245,P00405,view,2026-07-19 22:06:26
I0008479,U00329,P00498,wishlist,2026-07-18 22:06:26
I0008480,U00501,P00322,cart,2026-08-02 22:06:26
I0008481,U00284,P00471,view,2026-07-29 22:06:26
I0008482,U00975,P00115,cart,2026-06-09 22:06:26
I0008483,U00236,P00273,view,2026-07-19 22:06:26
I0008484,U00587,P00123,click,2026-08-14 22:06:26
I0008485,U00955,P00192,cart,2026-08-12 22:06:26
I0008486,U00441,P00442,view,2026-06-06 22:06:26
I0008487,U00968,P00197,view,2026-06-25 22:06:26
I0008488,U00583,P00487,wishlist,2026-06-27 22:06:26
I0008489,U00907,P00440,click,2026-06-04 22:06:26
I0008490,U00575,P00153,cart,2026-06-15 22:06:26
I0008491,U00129,P00057,cart,2026-08-07 22:06:26
I0008492,U00611,P00428,cart,2026-08-01 22:06:26
I0008493,U00023,P00268,view,2026-06-14 22:06:26
I0008494,U00766,P00387,click,2026-07-25 22:06:26
I0008495,U00214,P00381,click,2026-06-21 22:06:26
I0008496,U00335,P00096,cart,2026-08-17 22:06:26
I0008497,U00244,P00089,click,2026-07-19 22:06:26
I0008498,U00712,P00445,click,2026-05-25 22:06:26
I0008499,U00606,P00464,purchase,2026-06-19 22:06:26
I0008500,U00558,P00215,view,2026-06-02 22:06:26
I0008501,U00298,P00202,click,2026-06-12 22:06:26
I0008502,U00746,P00412,view,2026-08-12 22:06:26
I0008503,U00056,P00356,view,2026-06-09 22:06:26
I0008504,U00548,P00432,click,2026-05-21 22:06:26
I0008505,U00767,P00374,purchase,2026-08-12 22:06:26
I0008506,U00396,P00010,wishlist,2026-05-20 22:06:26
I0008507,U00115,P00199,wishlist,2026-06-27 22:06:26
I0008508,U00929,P00041,view,2026-06-02 22:06:26
I0008509,U00910,P00494,view,2026-05-24 22:06:26
I0008510,U00916,P00335,purchase,2026-06-10 22:06:26
I0008511,U00540,P00235,click,2026-08-15 22:06:26
I0008512,U00388,P00495,view,2026-06-01 22:06:26
I0008513,U00260,P00003,click,2026-05-27 22:06:26
I0008514,U00978,P00105,view,2026-07-01 22:06:26
I0008515,U00433,P00174,click,2026-07-29 22:06:26
I0008516,U00182,P00102,wishlist,2026-05-21 22:06:26
I0008517,U00623,P00374,click,2026-07-22 22:06:26
I0008518,U00561,P00391,click,2026-08-15 22:06:26
I0008519,U00314,P00123,view,2026-07-25 22:06:26
I0008520,U00182,P00307,cart,2026-06-25 22:06:26
I0008521,U00510,P00201,cart,2026-07-18 22:06:26
I0008522,U00954,P00169,view,2026-07-06 22:06:26
I0008523,U00828,P00317,click,2026-06-23 22:06:26
I0008524,U00253,P00453,view,2026-07-28 22:06:26
I0008525,U00144,P00400,click,2026-08-04 22:06:26
I0008526,U00793,P00119,click,2026-08-11 22:06:26
I0008527,U00449,P00040,view,2026-07-24 22:06:26
I0008528,U00530,P00083,click,2026-08-17 22:06:26
I0008529,U00367,P00009,wishlist,2026-07-27 22:06:26
I0008530,U00213,P00417,click,2026-08-06 22:06:26
I0008531,U00872,P00345,click,2026-06-14 22:06:26
I0008532,U00517,P00276,click,2026-07-03 22:06:26
I0008533,U00484,P00337,view,2026-08-01 22:06:26
I0008534,U00154,P00072,view,2026-05-29 22:06:26
I0008535,U00430,P00192,click,2026-06-02 22:06:26
I0008536,U00930,P00060,cart,2026-05-23 22:06:26
I0008537,U00445,P00182,view,2026-08-01 22:06:26
I0008538,U00281,P00228,view,2026-07-14 22:06:26
I0008539,U00947,P00374,view,2026-07-22 22:06:26
I0008540,U00540,P00265,view,2026-05-23 22:06:26
I0008541,U00020,P00321,cart,2026-06-07 22:06:26
I0008542,U00447,P00222,view,2026-08-13 22:06:26
I0008543,U00629,P00059,purchase,2026-06-09 22:06:26
I0008544,U00241,P00036,wishlist,2026-08-07 22:06:26
I0008545,U00665,P00125,view,2026-07-11 22:06:26
I0008546,U00416,P00073,view,2026-08-07 22:06:26
I0008547,U00982,P00233,view,2026-08-16 22:06:26
I0008548,U00525,P00482,click,2026-07-12 22:06:26
I0008549,U00877,P00481,click,2026-07-30 22:06:26
I0008550,U00680,P00431,view,2026-06-24 22:06:26
I0008551,U00694,P00422,purchase,2026-07-21 22:06:26
I0008552,U00685,P00003,view,2026-06-11 22:06:26
I0008553,U00606,P00098,purchase,2026-08-07 22:06:26
I0008554,U00947,P00035,click,2026-06-01 22:06:26
I0008555,U00275,P00081,wishlist,2026-06-27 22:06:26
I0008556,U00699,P00006,view,2026-06-05 22:06:26
I0008557,U00980,P00225,wishlist,2026-06-25 22:06:26
I0008558,U00682,P00102,view,2026-05-25 22:06:26
I0008559,U00897,P00200,cart,2026-07-06 22:06:26
I0008560,U00049,P00188,wishlist,2026-07-27 22:06:26
I0008561,U00052,P00458,view,2026-08-17 22:06:26
I0008562,U00252,P00116,view,2026-05-20 22:06:26
I0008563,U00612,P00443,view,2026-06-17 22:06:26
I0008564,U00799,P00409,view,2026-08-14 22:06:26
I0008565,U00546,P00302,wishlist,2026-07-11 22:06:26
I0008566,U00551,P00045,click,2026-05-27 22:06:26
I0008567,U00783,P00095,click,2026-08-10 22:06:26
I0008568,U00494,P00467,wishlist,2026-08-01 22:06:26
I0008569,U00851,P00483,view,2026-07-24 22:06:26
I0008570,U00028,P00339,wishlist,2026-06-18 22:06:26
I0008571,U00948,P00120,view,2026-05-25 22:06:26
I0008572,U00164,P00281,view,2026-06-06 22:06:26
I0008573,U00111,P00020,view,2026-06-02 22:06:26
I0008574,U00936,P00070,cart,2026-07-25 22:06:26
I0008575,U00778,P00423,purchase,2026-06-01 22:06:26
I0008576,U00612,P00332,view,2026-05-28 22:06:26
I0008577,U00268,P00204,click,2026-08-06 22:06:26
I0008578,U00797,P00378,view,2026-06-29 22:06:26
I0008579,U00946,P00037,view,2026-05-27 22:06:26
I0008580,U00241,P00164,view,2026-06-19 22:06:26
I0008581,U00016,P00380,view,2026-06-24 22:06:26
I0008582,U00136,P00233,click,2026-06-10 22:06:26
I0008583,U00627,P00421,wishlist,2026-05-23 22:06:26
I0008584,U00234,P00276,cart,2026-08-03 22:06:26
I0008585,U00560,P00453,click,2026-07-24 22:06:26
I0008586,U00196,P00459,view,2026-05-31 22:06:26
I0008587,U00332,P00216,click,2026-06-27 22:06:26
I0008588,U00979,P00372,cart,2026-08-04 22:06:26
I0008589,U00413,P00226,view,2026-06-22 22:06:26
I0008590,U00698,P00450,view,2026-05-27 22:06:26
I0008591,U00929,P00126,purchase,2026-06-30 22:06:26
I0008592,U00832,P00164,view,2026-06-28 22:06:26
I0008593,U00883,P00121,purchase,2026-05-21 22:06:26
I0008594,U00920,P00233,view,2026-07-06 22:06:26
I0008595,U00353,P00445,wishlist,2026-06-20 22:06:26
I0008596,U00460,P00460,view,2026-06-27 22:06:26
I0008597,U00122,P00014,cart,2026-07-31 22:06:26
I0008598,U00243,P00340,view,2026-06-13 22:06:26
I0008599,U00757,P00101,click,2026-06-24 22:06:26
I0008600,U00982,P00291,click,2026-06-03 22:06:26
I0008601,U00316,P00057,click,2026-06-10 22:06:26
I0008602,U00263,P00405,view,2026-06-19 22:06:26
I0008603,U00845,P00159,view,2026-06-11 22:06:26
I0008604,U00683,P00475,click,2026-07-13 22:06:26
I0008605,U00461,P00481,click,2026-06-10 22:06:26
I0008606,U00325,P00416,click,2026-07-14 22:06:26
I0008607,U00137,P00379,click,2026-05-26 22:06:26
I0008608,U00356,P00369,click,2026-07-01 22:06:26
I0008609,U00201,P00425,click,2026-07-22 22:06:26
I0008610,U00510,P00015,view,2026-06-26 22:06:26
I0008611,U00863,P00495,click,2026-08-08 22:06:26
I0008612,U00134,P00149,view,2026-05-28 22:06:26
I0008613,U00189,P00038,view,2026-06-11 22:06:26
I0008614,U00048,P00095,cart,2026-07-02 22:06:26
I0008615,U00470,P00145,wishlist,2026-07-16 22:06:26
I0008616,U00661,P00283,click,2026-07-22 22:06:26
I0008617,U00899,P00281,click,2026-07-28 22:06:26
I0008618,U00098,P00147,view,2026-05-26 22:06:26
I0008619,U00584,P00259,view,2026-08-14 22:06:26
I0008620,U00477,P00114,view,2026-05-24 22:06:26
I0008621,U00478,P00351,click,2026-07-04 22:06:26
I0008622,U00577,P00189,view,2026-07-30 22:06:26
I0008623,U00490,P00056,wishlist,2026-06-11 22:06:26
I0008624,U00373,P00238,cart,2026-06-06 22:06:26
I0008625,U00331,P00096,click,2026-05-24 22:06:26
I0008626,U00436,P00494,cart,2026-07-11 22:06:26
I0008627,U00951,P00285,view,2026-07-28 22:06:26
I0008628,U00044,P00123,purchase,2026-06-20 22:06:26
I0008629,U00847,P00305,click,2026-06-10 22:06:26
I0008630,U00513,P00196,click,2026-05-29 22:06:26
I0008631,U00951,P00363,cart,2026-06-17 22:06:26
I0008632,U00141,P00297,click,2026-06-04 22:06:26
I0008633,U00709,P00403,click,2026-05-20 22:06:26
I0008634,U00157,P00274,click,2026-05-22 22:06:26
I0008635,U00885,P00383,click,2026-07-11 22:06:26
I0008636,U00065,P00203,view,2026-07-07 22:06:26
I0008637,U00819,P00295,view,2026-07-01 22:06:26
I0008638,U00139,P00171,view,2026-06-08 22:06:26
I0008639,U00090,P00375,purchase,2026-08-17 22:06:26
I0008640,U00014,P00080,purchase,2026-08-16 22:06:26
I0008641,U00882,P00074,view,2026-06-25 22:06:26
I0008642,U00906,P00368,view,2026-05-23 22:06:26
I0008643,U00571,P00076,click,2026-07-09 22:06:26
I0008644,U00820,P00279,click,2026-06-13 22:06:26
I0008645,U00529,P00176,cart,2026-08-05 22:06:26
I0008646,U00519,P00243,click,2026-07-04 22:06:26
I0008647,U00396,P00331,purchase,2026-08-08 22:06:26
I0008648,U00712,P00253,click,2026-05-23 22:06:26
I0008649,U00799,P00019,view,2026-07-21 22:06:26
I0008650,U00502,P00354,click,2026-07-23 22:06:26
I0008651,U00663,P00252,view,2026-07-04 22:06:26
I0008652,U00107,P00154,click,2026-08-15 22:06:26
I0008653,U00240,P00191,click,2026-07-13 22:06:26
I0008654,U00318,P00310,purchase,2026-06-12 22:06:26
I0008655,U00380,P00206,view,2026-05-26 22:06:26
I0008656,U00551,P00421,cart,2026-08-01 22:06:26
I0008657,U00986,P00094,click,2026-06-07 22:06:26
I0008658,U00852,P00257,view,2026-06-28 22:06:26
I0008659,U00659,P00281,click,2026-07-06 22:06:26
I0008660,U00943,P00247,view,2026-07-21 22:06:26
I0008661,U00289,P00301,wishlist,2026-06-14 22:06:26
I0008662,U00823,P00006,view,2026-08-07 22:06:26
I0008663,U00292,P00045,click,2026-07-05 22:06:26
I0008664,U00390,P00357,purchase,2026-08-04 22:06:26
I0008665,U00118,P00093,view,2026-06-30 22:06:26
I0008666,U00006,P00018,cart,2026-07-31 22:06:26
I0008667,U00703,P00387,view,2026-05-28 22:06:26
I0008668,U00415,P00125,view,2026-06-10 22:06:26
I0008669,U00113,P00190,view,2026-07-13 22:06:26
I0008670,U00088,P00088,view,2026-05-23 22:06:26
I0008671,U00612,P00150,click,2026-07-22 22:06:26
I0008672,U00519,P00002,wishlist,2026-08-07 22:06:26
I0008673,U00812,P00420,view,2026-07-06 22:06:26
I0008674,U00977,P00082,click,2026-07-19 22:06:26
I0008675,U00527,P00032,view,2026-05-26 22:06:26
I0008676,U00386,P00241,click,2026-07-23 22:06:26
I0008677,U00242,P00364,cart,2026-07-13 22:06:26
I0008678,U00637,P00085,view,2026-07-27 22:06:26
I0008679,U00248,P00082,click,2026-06-10 22:06:26
I0008680,U00171,P00272,view,2026-08-18 22:06:26
I0008681,U00527,P00123,view,2026-06-09 22:06:26
I0008682,U00804,P00263,click,2026-07-23 22:06:26
I0008683,U00159,P00145,wishlist,2026-07-07 22:06:26
I0008684,U00028,P00415,cart,2026-07-25 22:06:26
I0008685,U00423,P00366,view,2026-05-27 22:06:26
I0008686,U00371,P00292,cart,2026-08-04 22:06:26
I0008687,U00133,P00146,view,2026-07-10 22:06:26
I0008688,U00408,P00255,click,2026-07-26 22:06:26
I0008689,U00158,P00151,view,2026-07-08 22:06:26
I0008690,U00011,P00019,view,2026-07-09 22:06:26
I0008691,U00537,P00201,wishlist,2026-05-24 22:06:26
I0008692,U00580,P00141,view,2026-05-23 22:06:26
I0008693,U00058,P00303,view,2026-06-05 22:06:26
I0008694,U00773,P00430,view,2026-05-29 22:06:26
I0008695,U00335,P00169,click,2026-07-27 22:06:26
I0008696,U00538,P00463,cart,2026-08-13 22:06:26
I0008697,U00240,P00452,click,2026-08-18 22:06:26
I0008698,U00301,P00221,click,2026-07-03 22:06:26
I0008699,U00935,P00441,view,2026-06-06 22:06:26
I0008700,U00091,P00062,purchase,2026-08-03 22:06:26
I0008701,U00915,P00080,purchase,2026-06-29 22:06:26
I0008702,U00799,P00474,view,2026-08-12 22:06:26
I0008703,U00863,P00307,wishlist,2026-06-28 22:06:26
I0008704,U00506,P00483,view,2026-05-30 22:06:26
I0008705,U00379,P00041,view,2026-07-21 22:06:26
I0008706,U00930,P00013,click,2026-08-17 22:06:26
I0008707,U00782,P00032,view,2026-05-22 22:06:26
I0008708,U00143,P00276,click,2026-07-18 22:06:26
I0008709,U00606,P00223,cart,2026-07-14 22:06:26
I0008710,U00034,P00229,view,2026-06-30 22:06:26
I0008711,U00595,P00126,view,2026-07-13 22:06:26
I0008712,U00907,P00497,view,2026-06-17 22:06:26
I0008713,U00954,P00416,view,2026-07-27 22:06:26
I0008714,U00122,P00261,click,2026-05-27 22:06:26
I0008715,U00182,P00109,view,2026-07-22 22:06:26
I0008716,U00414,P00360,click,2026-08-05 22:06:26
I0008717,U00653,P00243,view,2026-08-14 22:06:26
I0008718,U00884,P00241,view,2026-05-28 22:06:26
I0008719,U00293,P00082,view,2026-07-29 22:06:26
I0008720,U00452,P00135,cart,2026-08-15 22:06:26
I0008721,U00184,P00117,view,2026-07-23 22:06:26
I0008722,U00023,P00228,cart,2026-08-04 22:06:26
I0008723,U00407,P00063,view,2026-07-01 22:06:26
I0008724,U00234,P00487,view,2026-06-08 22:06:26
I0008725,U00917,P00402,click,2026-08-16 22:06:26
I0008726,U00347,P00299,wishlist,2026-07-07 22:06:26
I0008727,U00832,P00002,wishlist,2026-06-28 22:06:26
I0008728,U00555,P00081,click,2026-06-04 22:06:26
I0008729,U00761,P00177,cart,2026-07-31 22:06:26
I0008730,U00823,P00493,cart,2026-07-04 22:06:26
I0008731,U00208,P00115,click,2026-07-31 22:06:26
I0008732,U00744,P00476,view,2026-07-08 22:06:26
I0008733,U00892,P00017,view,2026-06-19 22:06:26
I0008734,U00703,P00194,view,2026-06-24 22:06:26
I0008735,U00109,P00157,view,2026-06-17 22:06:26
I0008736,U00420,P00109,click,2026-07-02 22:06:26
I0008737,U00103,P00348,view,2026-07-31 22:06:26
I0008738,U00364,P00146,click,2026-07-09 22:06:26
I0008739,U00728,P00187,view,2026-08-16 22:06:26
I0008740,U00156,P00330,click,2026-07-01 22:06:26
I0008741,U00526,P00012,view,2026-07-19 22:06:26
I0008742,U00963,P00410,view,2026-05-27 22:06:26
I0008743,U00725,P00093,wishlist,2026-07-06 22:06:26
I0008744,U00421,P00291,cart,2026-08-17 22:06:26
I0008745,U00149,P00035,wishlist,2026-05-28 22:06:26
I0008746,U00867,P00003,click,2026-05-27 22:06:26
I0008747,U00515,P00194,purchase,2026-06-17 22:06:26
I0008748,U00494,P00229,click,2026-06-14 22:06:26
I0008749,U00583,P00474,view,2026-08-16 22:06:26
I0008750,U00007,P00203,view,2026-08-16 22:06:26
I0008751,U00131,P00377,view,2026-07-07 22:06:26
I0008752,U00421,P00299,click,2026-05-31 22:06:26
I0008753,U00369,P00454,view,2026-08-11 22:06:26
I0008754,U00150,P00161,view,2026-07-11 22:06:26
I0008755,U00308,P00358,click,2026-07-06 22:06:26
I0008756,U00721,P00058,cart,2026-06-15 22:06:26
I0008757,U00761,P00411,cart,2026-08-18 22:06:26
I0008758,U00162,P00330,click,2026-06-18 22:06:26
I0008759,U00218,P00377,view,2026-06-25 22:06:26
I0008760,U00134,P00297,click,2026-07-27 22:06:26
I0008761,U00345,P00299,click,2026-05-23 22:06:26
I0008762,U00243,P00048,view,2026-07-03 22:06:26
I0008763,U00524,P00385,view,2026-06-18 22:06:26
I0008764,U00948,P00483,purchase,2026-05-28 22:06:26
I0008765,U00554,P00051,click,2026-06-27 22:06:26
I0008766,U00764,P00236,wishlist,2026-08-01 22:06:26
I0008767,U00351,P00313,view,2026-06-27 22:06:26
I0008768,U00863,P00217,view,2026-06-16 22:06:26
I0008769,U00672,P00142,purchase,2026-08-05 22:06:26
I0008770,U00052,P00089,click,2026-07-15 22:06:26
I0008771,U00154,P00090,view,2026-07-03 22:06:26
I0008772,U00060,P00228,click,2026-05-29 22:06:26
I0008773,U00695,P00163,view,2026-06-05 22:06:26
I0008774,U00860,P00427,click,2026-06-05 22:06:26
I0008775,U00283,P00041,view,2026-06-24 22:06:26
I0008776,U00499,P00428,wishlist,2026-06-09 22:06:26
I0008777,U00116,P00195,wishlist,2026-06-17 22:06:26
I0008778,U00309,P00138,view,2026-07-01 22:06:26
I0008779,U00069,P00030,view,2026-06-29 22:06:26
I0008780,U00927,P00060,view,2026-07-14 22:06:26
I0008781,U00211,P00384,view,2026-06-05 22:06:26
I0008782,U00109,P00225,view,2026-06-12 22:06:26
I0008783,U00629,P00085,view,2026-08-11 22:06:26
I0008784,U00961,P00350,purchase,2026-07-31 22:06:26
I0008785,U00118,P00128,view,2026-06-24 22:06:26
I0008786,U00314,P00248,click,2026-07-30 22:06:26
I0008787,U00059,P00121,cart,2026-05-26 22:06:26
I0008788,U00450,P00228,cart,2026-05-28 22:06:26
I0008789,U00691,P00054,click,2026-05-22 22:06:26
I0008790,U00391,P00013,view,2026-08-11 22:06:26
I0008791,U00309,P00343,view,2026-05-28 22:06:26
I0008792,U00299,P00480,view,2026-06-07 22:06:26
I0008793,U00771,P00058,view,2026-08-15 22:06:26
I0008794,U00487,P00293,purchase,2026-08-13 22:06:26
I0008795,U00421,P00183,view,2026-06-21 22:06:26
I0008796,U00981,P00485,cart,2026-06-16 22:06:26
I0008797,U00484,P00480,click,2026-08-16 22:06:26
I0008798,U00800,P00167,view,2026-08-01 22:06:26
I0008799,U00044,P00355,view,2026-07-20 22:06:26
I0008800,U00099,P00337,view,2026-07-03 22:06:26
I0008801,U00633,P00010,click,2026-07-16 22:06:26
I0008802,U00254,P00207,click,2026-07-12 22:06:26
I0008803,U00244,P00390,view,2026-08-11 22:06:26
I0008804,U00639,P00070,click,2026-06-20 22:06:26
I0008805,U00477,P00259,view,2026-07-15 22:06:26
I0008806,U00509,P00078,click,2026-06-07 22:06:26
I0008807,U00037,P00465,wishlist,2026-06-02 22:06:26
I0008808,U00804,P00384,click,2026-08-04 22:06:26
I0008809,U00374,P00402,click,2026-05-24 22:06:26
I0008810,U00870,P00361,click,2026-08-04 22:06:26
I0008811,U00233,P00364,view,2026-06-26 22:06:26
I0008812,U00242,P00059,cart,2026-06-04 22:06:26
I0008813,U00688,P00063,click,2026-06-22 22:06:26
I0008814,U00650,P00454,view,2026-05-23 22:06:26
I0008815,U00521,P00338,view,2026-07-24 22:06:26
I0008816,U00519,P00486,cart,2026-07-28 22:06:26
I0008817,U00362,P00272,click,2026-08-02 22:06:26
I0008818,U00740,P00480,view,2026-07-14 22:06:26
I0008819,U00351,P00337,view,2026-05-24 22:06:26
I0008820,U00866,P00477,view,2026-06-24 22:06:26
I0008821,U00031,P00331,view,2026-06-04 22:06:26
I0008822,U00530,P00019,wishlist,2026-08-14 22:06:26
I0008823,U00915,P00442,cart,2026-07-26 22:06:26
I0008824,U00010,P00062,wishlist,2026-07-13 22:06:26
I0008825,U00473,P00005,view,2026-06-04 22:06:26
I0008826,U00119,P00092,wishlist,2026-08-16 22:06:26
I0008827,U00109,P00430,view,2026-06-29 22:06:26
I0008828,U00344,P00291,view,2026-08-06 22:06:26
I0008829,U00430,P00280,view,2026-06-20 22:06:26
I0008830,U00553,P00500,view,2026-06-07 22:06:26
I0008831,U00332,P00078,view,2026-07-31 22:06:26
I0008832,U00697,P00463,click,2026-06-06 22:06:26
I0008833,U00245,P00359,view,2026-06-18 22:06:26
I0008834,U00132,P00402,view,2026-08-14 22:06:26
I0008835,U00643,P00213,click,2026-07-08 22:06:26
I0008836,U00789,P00405,view,2026-08-15 22:06:26
I0008837,U00311,P00416,view,2026-07-21 22:06:26
I0008838,U00546,P00293,view,2026-07-31 22:06:26
I0008839,U00494,P00224,cart,2026-06-03 22:06:26
I0008840,U00431,P00190,view,2026-07-29 22:06:26
I0008841,U00691,P00008,view,2026-08-03 22:06:26
I0008842,U00284,P00090,click,2026-07-07 22:06:26
I0008843,U00798,P00050,cart,2026-08-18 22:06:26
I0008844,U00930,P00269,click,2026-06-02 22:06:26
I0008845,U00966,P00219,wishlist,2026-08-06 22:06:26
I0008846,U00785,P00039,view,2026-06-10 22:06:26
I0008847,U00850,P00004,view,2026-06-03 22:06:26
I0008848,U00508,P00088,click,2026-06-27 22:06:26
I0008849,U00555,P00418,click,2026-06-02 22:06:26
I0008850,U00929,P00442,cart,2026-07-18 22:06:26
I0008851,U00341,P00472,view,2026-07-31 22:06:26
I0008852,U00735,P00321,click,2026-06-11 22:06:26
I0008853,U00301,P00422,purchase,2026-07-17 22:06:26
I0008854,U00699,P00370,cart,2026-07-07 22:06:26
I0008855,U00454,P00313,view,2026-05-29 22:06:26
I0008856,U00108,P00276,view,2026-08-08 22:06:26
I0008857,U00140,P00481,click,2026-06-12 22:06:26
I0008858,U00705,P00485,click,2026-05-28 22:06:26
I0008859,U00859,P00251,view,2026-05-22 22:06:26
I0008860,U00146,P00228,wishlist,2026-07-05 22:06:26
I0008861,U00268,P00355,wishlist,2026-08-16 22:06:26
I0008862,U00335,P00101,cart,2026-06-13 22:06:26
I0008863,U00963,P00381,click,2026-06-28 22:06:26
I0008864,U00848,P00268,cart,2026-07-10 22:06:26
I0008865,U00144,P00014,view,2026-07-05 22:06:26
I0008866,U00470,P00253,wishlist,2026-07-22 22:06:26
I0008867,U00891,P00059,click,2026-06-20 22:06:26
I0008868,U00184,P00348,view,2026-08-15 22:06:26
I0008869,U00932,P00411,view,2026-06-02 22:06:26
I0008870,U00117,P00435,view,2026-06-24 22:06:26
I0008871,U00927,P00454,view,2026-08-03 22:06:26
I0008872,U00745,P00436,view,2026-07-26 22:06:26
I0008873,U00393,P00244,click,2026-07-30 22:06:26
I0008874,U00545,P00231,wishlist,2026-06-13 22:06:26
I0008875,U00340,P00345,click,2026-07-19 22:06:26
I0008876,U00208,P00153,click,2026-08-14 22:06:26
I0008877,U00513,P00013,cart,2026-07-17 22:06:26
I0008878,U00519,P00438,view,2026-07-14 22:06:26
I0008879,U00789,P00231,view,2026-08-08 22:06:26
I0008880,U00918,P00500,view,2026-06-27 22:06:26
I0008881,U00045,P00440,click,2026-07-30 22:06:26
I0008882,U00934,P00439,view,2026-06-26 22:06:26
I0008883,U00662,P00199,view,2026-08-08 22:06:26
I0008884,U00095,P00053,view,2026-07-25 22:06:26
I0008885,U00364,P00413,view,2026-07-22 22:06:26
I0008886,U00923,P00385,view,2026-08-14 22:06:26
I0008887,U00697,P00317,view,2026-05-23 22:06:26
I0008888,U00861,P00423,view,2026-07-07 22:06:26
I0008889,U00260,P00339,view,2026-06-14 22:06:26
I0008890,U00392,P00340,cart,2026-06-28 22:06:26
I0008891,U00721,P00062,view,2026-06-23 22:06:26
I0008892,U00504,P00428,view,2026-07-24 22:06:26
I0008893,U00103,P00330,view,2026-08-02 22:06:26
I0008894,U00748,P00373,cart,2026-05-27 22:06:26
I0008895,U00714,P00186,view,2026-08-09 22:06:26
I0008896,U00601,P00277,click,2026-05-20 22:06:26
I0008897,U00473,P00274,view,2026-06-26 22:06:26
I0008898,U00078,P00335,view,2026-06-12 22:06:26
I0008899,U00748,P00151,click,2026-05-30 22:06:26
I0008900,U00738,P00355,view,2026-06-20 22:06:26
I0008901,U00959,P00441,view,2026-05-27 22:06:26
I0008902,U00350,P00318,click,2026-05-28 22:06:26
I0008903,U00311,P00275,wishlist,2026-06-17 22:06:26
I0008904,U00762,P00021,view,2026-06-19 22:06:26
I0008905,U00222,P00026,view,2026-06-22 22:06:26
I0008906,U00843,P00167,click,2026-06-19 22:06:26
I0008907,U00172,P00283,wishlist,2026-06-02 22:06:26
I0008908,U00914,P00091,purchase,2026-08-12 22:06:26
I0008909,U00632,P00220,view,2026-08-18 22:06:26
I0008910,U00840,P00129,view,2026-07-22 22:06:26
I0008911,U00900,P00118,click,2026-06-02 22:06:26
I0008912,U00483,P00246,view,2026-06-13 22:06:26
I0008913,U00523,P00156,cart,2026-06-11 22:06:26
I0008914,U00673,P00329,click,2026-06-23 22:06:26
I0008915,U00330,P00075,view,2026-07-09 22:06:26
I0008916,U00154,P00274,purchase,2026-08-06 22:06:26
I0008917,U00354,P00435,view,2026-07-31 22:06:26
I0008918,U00941,P00112,purchase,2026-06-09 22:06:26
I0008919,U00138,P00160,click,2026-07-12 22:06:26
I0008920,U00138,P00459,wishlist,2026-08-09 22:06:26
I0008921,U00923,P00170,view,2026-05-20 22:06:26
I0008922,U00432,P00126,click,2026-07-18 22:06:26
I0008923,U00275,P00065,purchase,2026-08-18 22:06:26
I0008924,U00808,P00043,wishlist,2026-07-13 22:06:26
I0008925,U00045,P00264,view,2026-06-02 22:06:26
I0008926,U00342,P00269,click,2026-06-11 22:06:26
I0008927,U00832,P00445,view,2026-05-21 22:06:26
I0008928,U00306,P00310,view,2026-07-08 22:06:26
I0008929,U00010,P00474,click,2026-07-07 22:06:26
I0008930,U00887,P00496,click,2026-06-19 22:06:26
I0008931,U00118,P00082,purchase,2026-07-06 22:06:26
I0008932,U00353,P00116,click,2026-06-19 22:06:26
I0008933,U00850,P00417,view,2026-08-02 22:06:26
I0008934,U00896,P00353,view,2026-05-31 22:06:26
I0008935,U00148,P00042,view,2026-07-16 22:06:26
I0008936,U00661,P00243,view,2026-06-05 22:06:26
I0008937,U00778,P00028,wishlist,2026-07-05 22:06:26
I0008938,U00245,P00153,view,2026-06-08 22:06:26
I0008939,U00424,P00291,view,2026-08-18 22:06:26
I0008940,U00361,P00495,wishlist,2026-06-13 22:06:26
I0008941,U00284,P00013,view,2026-06-25 22:06:26
I0008942,U00274,P00247,view,2026-08-11 22:06:26
I0008943,U00622,P00091,view,2026-05-25 22:06:26
I0008944,U00438,P00385,view,2026-06-09 22:06:26
I0008945,U00415,P00346,click,2026-06-01 22:06:26
I0008946,U00210,P00492,purchase,2026-05-28 22:06:26
I0008947,U00328,P00206,view,2026-06-11 22:06:26
I0008948,U00012,P00315,view,2026-07-16 22:06:26
I0008949,U00044,P00085,click,2026-08-04 22:06:26
I0008950,U00075,P00211,click,2026-07-15 22:06:26
I0008951,U00766,P00381,view,2026-06-04 22:06:26
I0008952,U00422,P00165,view,2026-08-12 22:06:26
I0008953,U00653,P00029,click,2026-07-25 22:06:26
I0008954,U00296,P00426,cart,2026-06-04 22:06:26
I0008955,U00891,P00052,view,2026-07-16 22:06:26
I0008956,U00766,P00360,view,2026-08-03 22:06:26
I0008957,U00656,P00276,view,2026-07-27 22:06:26
I0008958,U00036,P00139,view,2026-06-19 22:06:26
I0008959,U00459,P00009,click,2026-07-02 22:06:26
I0008960,U00736,P00365,view,2026-08-01 22:06:26
I0008961,U00774,P00018,click,2026-06-30 22:06:26
I0008962,U00266,P00139,click,2026-07-21 22:06:26
I0008963,U00776,P00445,click,2026-08-13 22:06:26
I0008964,U00393,P00348,wishlist,2026-05-25 22:06:26
I0008965,U00423,P00466,click,2026-07-20 22:06:26
I0008966,U00898,P00332,view,2026-07-17 22:06:26
I0008967,U00883,P00066,cart,2026-08-12 22:06:26
I0008968,U00994,P00100,view,2026-07-16 22:06:26
I0008969,U00870,P00427,view,2026-05-31 22:06:26
I0008970,U00102,P00436,view,2026-07-15 22:06:26
I0008971,U00162,P00390,view,2026-06-13 22:06:26
I0008972,U00702,P00160,click,2026-07-10 22:06:26
I0008973,U00573,P00161,view,2026-06-05 22:06:26
I0008974,U00603,P00203,view,2026-07-17 22:06:26
I0008975,U00995,P00198,view,2026-06-26 22:06:26
I0008976,U00962,P00385,view,2026-06-06 22:06:26
I0008977,U00390,P00094,view,2026-06-02 22:06:26
I0008978,U00833,P00306,view,2026-07-28 22:06:26
I0008979,U00455,P00421,click,2026-05-26 22:06:26
I0008980,U00293,P00371,click,2026-06-14 22:06:26
I0008981,U00045,P00264,click,2026-05-27 22:06:26
I0008982,U00993,P00372,view,2026-07-07 22:06:26
I0008983,U00880,P00287,view,2026-06-30 22:06:26
I0008984,U00334,P00109,view,2026-08-09 22:06:26
I0008985,U00049,P00219,view,2026-07-16 22:06:26
I0008986,U00473,P00240,view,2026-08-11 22:06:26
I0008987,U00798,P00346,cart,2026-07-10 22:06:26
I0008988,U00557,P00222,view,2026-08-01 22:06:26
I0008989,U00623,P00452,view,2026-07-08 22:06:26
I0008990,U00778,P00003,view,2026-06-27 22:06:26
I0008991,U00941,P00476,view,2026-06-26 22:06:26
I0008992,U00664,P00148,click,2026-07-17 22:06:26
I0008993,U00844,P00333,view,2026-06-23 22:06:26
I0008994,U00648,P00054,view,2026-05-29 22:06:26
I0008995,U00649,P00242,cart,2026-08-03 22:06:26
I0008996,U00389,P00052,view,2026-07-15 22:06:26
I0008997,U00531,P00144,view,2026-07-14 22:06:26
I0008998,U00605,P00336,view,2026-06-05 22:06:26
I0008999,U00993,P00468,purchase,2026-07-30 22:06:26
I0009000,U00975,P00198,view,2026-07-22 22:06:26
I0009001,U00107,P00066,click,2026-08-13 22:06:26
I0009002,U00134,P00303,view,2026-06-01 22:06:26
I0009003,U00959,P00136,click,2026-06-21 22:06:26
I0009004,U00052,P00200,view,2026-06-11 22:06:26
I0009005,U00615,P00412,click,2026-06-19 22:06:26
I0009006,U00991,P00099,view,2026-06-05 22:06:26
I0009007,U00374,P00165,click,2026-07-12 22:06:26
I0009008,U00792,P00014,view,2026-07-19 22:06:26
I0009009,U00169,P00324,wishlist,2026-06-28 22:06:26
I0009010,U00317,P00168,view,2026-06-30 22:06:26
I0009011,U00437,P00333,view,2026-08-12 22:06:26
I0009012,U00497,P00056,purchase,2026-07-03 22:06:26
I0009013,U00779,P00487,view,2026-05-25 22:06:26
I0009014,U00497,P00417,click,2026-06-01 22:06:26
I0009015,U00120,P00278,view,2026-08-03 22:06:26
I0009016,U00200,P00134,view,2026-06-25 22:06:26
I0009017,U00099,P00339,view,2026-07-27 22:06:26
I0009018,U00932,P00428,click,2026-06-03 22:06:26
I0009019,U00291,P00036,view,2026-08-08 22:06:26
I0009020,U00737,P00383,click,2026-05-28 22:06:26
I0009021,U00863,P00369,view,2026-05-30 22:06:26
I0009022,U00439,P00406,wishlist,2026-06-28 22:06:26
I0009023,U00664,P00392,view,2026-08-16 22:06:26
I0009024,U00275,P00026,view,2026-07-23 22:06:26
I0009025,U00047,P00490,view,2026-06-08 22:06:26
I0009026,U00616,P00496,view,2026-07-15 22:06:26
I0009027,U00861,P00084,view,2026-08-17 22:06:26
I0009028,U00924,P00260,view,2026-08-16 22:06:26
I0009029,U00089,P00358,cart,2026-07-16 22:06:26
I0009030,U00011,P00474,cart,2026-06-17 22:06:26
I0009031,U00302,P00284,view,2026-05-22 22:06:26
I0009032,U00777,P00322,wishlist,2026-06-01 22:06:26
I0009033,U00515,P00438,view,2026-06-02 22:06:26
I0009034,U00857,P00276,view,2026-07-05 22:06:26
I0009035,U00073,P00423,click,2026-07-16 22:06:26
I0009036,U00184,P00485,view,2026-06-30 22:06:26
I0009037,U00146,P00431,cart,2026-07-19 22:06:26
I0009038,U00687,P00069,click,2026-07-24 22:06:26
I0009039,U00617,P00154,click,2026-07-22 22:06:26
I0009040,U00458,P00489,click,2026-06-07 22:06:26
I0009041,U00002,P00096,purchase,2026-06-27 22:06:26
I0009042,U00164,P00161,view,2026-07-24 22:06:26
I0009043,U00169,P00257,view,2026-06-03 22:06:26
I0009044,U00826,P00296,wishlist,2026-07-19 22:06:26
I0009045,U00845,P00358,click,2026-07-03 22:06:26
I0009046,U00270,P00199,view,2026-07-19 22:06:26
I0009047,U00070,P00181,cart,2026-06-14 22:06:26
I0009048,U00610,P00123,click,2026-06-29 22:06:26
I0009049,U00392,P00051,click,2026-07-24 22:06:26
I0009050,U00995,P00207,click,2026-07-11 22:06:26
I0009051,U00393,P00457,click,2026-07-10 22:06:26
I0009052,U00884,P00157,purchase,2026-05-31 22:06:26
I0009053,U00396,P00075,cart,2026-05-21 22:06:26
I0009054,U00272,P00013,click,2026-07-16 22:06:26
I0009055,U00528,P00023,view,2026-06-02 22:06:26
I0009056,U00157,P00123,click,2026-08-15 22:06:26
I0009057,U00189,P00432,wishlist,2026-06-19 22:06:26
I0009058,U00472,P00377,view,2026-08-05 22:06:26
I0009059,U00421,P00339,cart,2026-05-26 22:06:26
I0009060,U00040,P00048,view,2026-05-23 22:06:26
I0009061,U00495,P00001,click,2026-05-21 22:06:26
I0009062,U00855,P00016,wishlist,2026-08-07 22:06:26
I0009063,U00529,P00002,view,2026-08-11 22:06:26
I0009064,U00125,P00320,view,2026-07-14 22:06:26
I0009065,U00255,P00078,cart,2026-06-11 22:06:26
I0009066,U00909,P00421,view,2026-06-15 22:06:26
I0009067,U00899,P00359,purchase,2026-08-08 22:06:26
I0009068,U00143,P00051,wishlist,2026-06-18 22:06:26
I0009069,U00806,P00093,view,2026-06-02 22:06:26
I0009070,U00497,P00170,view,2026-07-15 22:06:26
I0009071,U00876,P00005,cart,2026-06-06 22:06:26
I0009072,U00309,P00116,view,2026-07-10 22:06:26
I0009073,U00724,P00114,wishlist,2026-08-03 22:06:26
I0009074,U00272,P00030,view,2026-07-29 22:06:26
I0009075,U00893,P00315,click,2026-06-09 22:06:26
I0009076,U00666,P00023,view,2026-07-26 22:06:26
I0009077,U00041,P00125,view,2026-06-28 22:06:26
I0009078,U00675,P00243,view,2026-08-07 22:06:26
I0009079,U00396,P00142,wishlist,2026-08-11 22:06:26
I0009080,U00134,P00366,click,2026-07-21 22:06:26
I0009081,U00587,P00227,click,2026-06-03 22:06:26
I0009082,U00051,P00389,wishlist,2026-07-18 22:06:26
I0009083,U00777,P00139,click,2026-07-19 22:06:26
I0009084,U00450,P00094,view,2026-05-31 22:06:26
I0009085,U00337,P00189,click,2026-06-13 22:06:26
I0009086,U00865,P00311,view,2026-07-19 22:06:26
I0009087,U00935,P00392,view,2026-06-25 22:06:26
I0009088,U00211,P00451,cart,2026-06-28 22:06:26
I0009089,U00983,P00305,view,2026-06-03 22:06:26
I0009090,U00583,P00367,wishlist,2026-08-14 22:06:26
I0009091,U00087,P00261,cart,2026-07-30 22:06:26
I0009092,U00585,P00372,view,2026-08-11 22:06:26
I0009093,U00820,P00192,view,2026-07-21 22:06:26
I0009094,U00016,P00160,view,2026-05-27 22:06:26
I0009095,U00441,P00489,click,2026-06-21 22:06:26
I0009096,U00767,P00187,click,2026-06-18 22:06:26
I0009097,U00572,P00072,view,2026-07-18 22:06:26
I0009098,U00527,P00102,click,2026-06-02 22:06:26
I0009099,U00088,P00370,view,2026-06-17 22:06:26
I0009100,U00254,P00398,view,2026-06-16 22:06:26
I0009101,U00448,P00035,wishlist,2026-08-07 22:06:26
I0009102,U00045,P00403,view,2026-06-05 22:06:26
I0009103,U00145,P00230,wishlist,2026-05-26 22:06:26
I0009104,U00629,P00056,purchase,2026-05-31 22:06:26
I0009105,U00650,P00394,view,2026-05-31 22:06:26
I0009106,U00158,P00248,view,2026-08-13 22:06:26
I0009107,U00031,P00253,click,2026-07-17 22:06:26
I0009108,U00008,P00168,view,2026-07-20 22:06:26
I0009109,U00560,P00391,view,2026-07-13 22:06:26
I0009110,U00038,P00496,click,2026-05-29 22:06:26
I0009111,U00722,P00269,view,2026-08-08 22:06:26
I0009112,U00227,P00427,view,2026-06-22 22:06:26
I0009113,U00191,P00010,view,2026-08-12 22:06:26
I0009114,U00802,P00015,view,2026-07-09 22:06:26
I0009115,U00535,P00441,view,2026-05-29 22:06:26
I0009116,U00482,P00355,view,2026-06-01 22:06:26
I0009117,U00939,P00103,click,2026-06-25 22:06:26
I0009118,U00762,P00489,click,2026-07-19 22:06:26
I0009119,U00810,P00264,view,2026-08-05 22:06:26
I0009120,U00722,P00191,click,2026-05-27 22:06:26
I0009121,U00960,P00171,cart,2026-07-04 22:06:26
I0009122,U00275,P00407,view,2026-06-01 22:06:26
I0009123,U00972,P00173,view,2026-08-04 22:06:26
I0009124,U00745,P00082,click,2026-06-04 22:06:26
I0009125,U00981,P00161,click,2026-05-24 22:06:26
I0009126,U00086,P00262,view,2026-05-29 22:06:26
I0009127,U00219,P00311,view,2026-07-05 22:06:26
I0009128,U00615,P00179,view,2026-08-11 22:06:26
I0009129,U00567,P00043,view,2026-08-09 22:06:26
I0009130,U00294,P00341,wishlist,2026-06-02 22:06:26
I0009131,U00257,P00331,click,2026-06-05 22:06:26
I0009132,U00482,P00026,view,2026-07-29 22:06:26
I0009133,U00205,P00382,click,2026-06-14 22:06:26
I0009134,U00724,P00229,click,2026-07-27 22:06:26
I0009135,U00749,P00313,view,2026-07-09 22:06:26
I0009136,U00690,P00051,view,2026-07-19 22:06:26
I0009137,U00382,P00039,purchase,2026-06-17 22:06:26
I0009138,U00349,P00334,view,2026-05-20 22:06:26
I0009139,U00101,P00077,view,2026-08-02 22:06:26
I0009140,U00832,P00248,wishlist,2026-07-30 22:06:26
I0009141,U00312,P00295,cart,2026-05-29 22:06:26
I0009142,U00745,P00036,click,2026-05-31 22:06:26
I0009143,U00248,P00285,view,2026-08-06 22:06:26
I0009144,U00333,P00238,view,2026-06-26 22:06:26
I0009145,U00652,P00159,wishlist,2026-06-07 22:06:26
I0009146,U00363,P00354,click,2026-08-18 22:06:26
I0009147,U00566,P00194,click,2026-07-04 22:06:26
I0009148,U00971,P00413,view,2026-05-25 22:06:26
I0009149,U00418,P00348,view,2026-06-26 22:06:26
I0009150,U00559,P00167,view,2026-06-11 22:06:26
I0009151,U00556,P00345,view,2026-06-21 22:06:26
I0009152,U00269,P00466,view,2026-07-22 22:06:26
I0009153,U00824,P00207,view,2026-05-29 22:06:26
I0009154,U00609,P00020,click,2026-05-25 22:06:26
I0009155,U00163,P00359,view,2026-06-09 22:06:26
I0009156,U00420,P00252,click,2026-06-14 22:06:26
I0009157,U00189,P00102,view,2026-08-18 22:06:26
I0009158,U00554,P00281,cart,2026-07-07 22:06:26
I0009159,U00005,P00258,view,2026-05-22 22:06:26
I0009160,U00311,P00222,click,2026-05-24 22:06:26
I0009161,U00332,P00457,wishlist,2026-07-01 22:06:26
I0009162,U00461,P00117,view,2026-08-07 22:06:26
I0009163,U00617,P00126,view,2026-05-28 22:06:26
I0009164,U00156,P00231,view,2026-06-22 22:06:26
I0009165,U00221,P00110,view,2026-08-17 22:06:26
I0009166,U00145,P00208,click,2026-06-22 22:06:26
I0009167,U00141,P00479,view,2026-07-09 22:06:26
I0009168,U00222,P00449,wishlist,2026-08-10 22:06:26
I0009169,U00602,P00043,cart,2026-08-06 22:06:26
I0009170,U00879,P00416,cart,2026-06-07 22:06:26
I0009171,U00447,P00193,click,2026-05-24 22:06:26
I0009172,U00428,P00036,view,2026-07-26 22:06:26
I0009173,U00626,P00369,cart,2026-08-11 22:06:26
I0009174,U00541,P00337,view,2026-05-21 22:06:26
I0009175,U00152,P00121,view,2026-06-16 22:06:26
I0009176,U00735,P00328,view,2026-08-09 22:06:26
I0009177,U00236,P00482,view,2026-07-23 22:06:26
I0009178,U00213,P00405,click,2026-06-14 22:06:26
I0009179,U00449,P00449,view,2026-07-03 22:06:26
I0009180,U00301,P00162,cart,2026-07-17 22:06:26
I0009181,U00034,P00450,click,2026-05-27 22:06:26
I0009182,U00428,P00065,view,2026-08-01 22:06:26
I0009183,U00785,P00010,click,2026-08-16 22:06:26
I0009184,U00622,P00471,view,2026-07-18 22:06:26
I0009185,U00391,P00169,wishlist,2026-07-25 22:06:26
I0009186,U00427,P00293,click,2026-07-16 22:06:26
I0009187,U00459,P00429,view,2026-08-07 22:06:26
I0009188,U00541,P00402,wishlist,2026-07-26 22:06:26
I0009189,U00277,P00388,click,2026-05-23 22:06:26
I0009190,U00255,P00015,click,2026-07-30 22:06:26
I0009191,U00350,P00102,click,2026-08-01 22:06:26
I0009192,U00092,P00157,click,2026-06-10 22:06:26
I0009193,U00512,P00344,purchase,2026-07-04 22:06:26
I0009194,U00695,P00147,click,2026-07-28 22:06:26
I0009195,U00925,P00222,view,2026-07-18 22:06:26
I0009196,U00440,P00415,click,2026-06-01 22:06:26
I0009197,U00677,P00344,click,2026-07-07 22:06:26
I0009198,U00843,P00400,view,2026-07-27 22:06:26
I0009199,U00503,P00259,click,2026-07-12 22:06:26
I0009200,U00769,P00023,view,2026-07-25 22:06:26
I0009201,U00870,P00137,view,2026-07-23 22:06:26
I0009202,U00752,P00153,wishlist,2026-06-23 22:06:26
I0009203,U00916,P00480,view,2026-06-07 22:06:26
I0009204,U00317,P00137,view,2026-05-22 22:06:26
I0009205,U00110,P00304,view,2026-07-09 22:06:26
I0009206,U00087,P00162,click,2026-07-08 22:06:26
I0009207,U00349,P00175,click,2026-08-07 22:06:26
I0009208,U00349,P00001,purchase,2026-07-12 22:06:26
I0009209,U00705,P00055,view,2026-08-15 22:06:26
I0009210,U00600,P00324,cart,2026-06-11 22:06:26
I0009211,U00209,P00486,view,2026-06-16 22:06:26
I0009212,U00337,P00170,view,2026-07-02 22:06:26
I0009213,U00758,P00145,view,2026-07-14 22:06:26
I0009214,U00355,P00228,view,2026-07-06 22:06:26
I0009215,U00864,P00159,wishlist,2026-08-16 22:06:26
I0009216,U00370,P00323,view,2026-05-25 22:06:26
I0009217,U00361,P00210,click,2026-07-30 22:06:26
I0009218,U00757,P00084,click,2026-06-16 22:06:26
I0009219,U00578,P00044,view,2026-07-28 22:06:26
I0009220,U00470,P00463,view,2026-07-06 22:06:26
I0009221,U00389,P00328,wishlist,2026-05-29 22:06:26
I0009222,U00785,P00292,cart,2026-07-31 22:06:26
I0009223,U00534,P00178,view,2026-06-17 22:06:26
I0009224,U00010,P00422,view,2026-06-04 22:06:26
I0009225,U00693,P00368,view,2026-06-30 22:06:26
I0009226,U00023,P00193,cart,2026-06-12 22:06:26
I0009227,U00553,P00310,view,2026-07-26 22:06:26
I0009228,U00662,P00271,view,2026-05-22 22:06:26
I0009229,U00986,P00270,view,2026-08-10 22:06:26
I0009230,U00626,P00122,view,2026-06-02 22:06:26
I0009231,U00471,P00194,view,2026-06-28 22:06:26
I0009232,U00813,P00146,click,2026-08-01 22:06:26
I0009233,U00987,P00261,view,2026-07-27 22:06:26
I0009234,U00208,P00303,click,2026-07-22 22:06:26
I0009235,U00233,P00127,view,2026-08-17 22:06:26
I0009236,U00102,P00289,view,2026-05-21 22:06:26
I0009237,U00034,P00214,wishlist,2026-08-15 22:06:26
I0009238,U00355,P00327,view,2026-06-13 22:06:26
I0009239,U00250,P00126,view,2026-07-02 22:06:26
I0009240,U00322,P00100,view,2026-06-05 22:06:26
I0009241,U00875,P00147,view,2026-08-18 22:06:26
I0009242,U00295,P00452,view,2026-08-01 22:06:26
I0009243,U00476,P00059,view,2026-06-04 22:06:26
I0009244,U00068,P00111,view,2026-07-17 22:06:26
I0009245,U00325,P00394,click,2026-05-31 22:06:26
I0009246,U00151,P00390,click,2026-08-09 22:06:26
I0009247,U00182,P00002,cart,2026-06-01 22:06:26
I0009248,U00621,P00130,view,2026-08-05 22:06:26
I0009249,U00532,P00247,view,2026-07-01 22:06:26
I0009250,U00207,P00297,view,2026-05-20 22:06:26
I0009251,U00506,P00134,wishlist,2026-08-05 22:06:26
I0009252,U00871,P00066,click,2026-07-17 22:06:26
I0009253,U00837,P00319,view,2026-05-23 22:06:26
I0009254,U00415,P00245,click,2026-07-29 22:06:26
I0009255,U00504,P00276,view,2026-05-28 22:06:26
I0009256,U00493,P00081,click,2026-05-27 22:06:26
I0009257,U00251,P00137,click,2026-06-28 22:06:26
I0009258,U00078,P00278,view,2026-05-26 22:06:26
I0009259,U00478,P00290,click,2026-06-04 22:06:26
I0009260,U00591,P00250,click,2026-06-07 22:06:26
I0009261,U00294,P00489,cart,2026-07-14 22:06:26
I0009262,U00742,P00470,purchase,2026-06-05 22:06:26
I0009263,U00667,P00010,click,2026-08-13 22:06:26
I0009264,U00502,P00235,view,2026-07-31 22:06:26
I0009265,U00268,P00198,click,2026-06-15 22:06:26
I0009266,U00481,P00428,click,2026-08-03 22:06:26
I0009267,U00960,P00179,view,2026-06-13 22:06:26
I0009268,U00950,P00430,view,2026-08-09 22:06:26
I0009269,U00419,P00328,wishlist,2026-07-13 22:06:26
I0009270,U00788,P00091,cart,2026-06-27 22:06:26
I0009271,U00772,P00103,view,2026-07-31 22:06:26
I0009272,U00179,P00355,click,2026-06-27 22:06:26
I0009273,U00850,P00100,click,2026-08-01 22:06:26
I0009274,U00639,P00197,view,2026-08-04 22:06:26
I0009275,U00112,P00106,view,2026-07-21 22:06:26
I0009276,U00898,P00332,view,2026-06-29 22:06:26
I0009277,U00659,P00422,purchase,2026-08-04 22:06:26
I0009278,U00408,P00250,view,2026-06-15 22:06:26
I0009279,U00546,P00153,wishlist,2026-08-09 22:06:26
I0009280,U00554,P00294,click,2026-06-05 22:06:26
I0009281,U00242,P00121,view,2026-06-28 22:06:26
I0009282,U00540,P00250,view,2026-06-20 22:06:26
I0009283,U00518,P00098,view,2026-05-28 22:06:26
I0009284,U00372,P00146,view,2026-07-06 22:06:26
I0009285,U00988,P00375,view,2026-06-26 22:06:26
I0009286,U00058,P00252,view,2026-08-05 22:06:26
I0009287,U00358,P00017,view,2026-06-10 22:06:26
I0009288,U00688,P00217,click,2026-06-01 22:06:26
I0009289,U00631,P00484,view,2026-07-17 22:06:26
I0009290,U00335,P00010,cart,2026-06-27 22:06:26
I0009291,U01000,P00050,click,2026-06-28 22:06:26
I0009292,U00917,P00101,wishlist,2026-06-27 22:06:26
I0009293,U00974,P00256,view,2026-05-27 22:06:26
I0009294,U00831,P00112,view,2026-06-05 22:06:26
I0009295,U00956,P00496,click,2026-08-06 22:06:26
I0009296,U00460,P00036,click,2026-06-12 22:06:26
I0009297,U00808,P00262,view,2026-07-14 22:06:26
I0009298,U00605,P00299,click,2026-07-07 22:06:26
I0009299,U00851,P00480,click,2026-06-23 22:06:26
I0009300,U00128,P00402,purchase,2026-05-27 22:06:26
I0009301,U00860,P00123,view,2026-07-22 22:06:26
I0009302,U00324,P00471,view,2026-07-18 22:06:26
I0009303,U00381,P00300,cart,2026-06-20 22:06:26
I0009304,U00897,P00427,wishlist,2026-07-24 22:06:26
I0009305,U00492,P00239,cart,2026-06-17 22:06:26
I0009306,U00841,P00459,view,2026-08-10 22:06:26
I0009307,U00369,P00167,view,2026-08-05 22:06:26
I0009308,U00215,P00248,click,2026-08-03 22:06:26
I0009309,U00618,P00335,view,2026-07-13 22:06:26
I0009310,U00187,P00238,purchase,2026-05-29 22:06:26
I0009311,U00533,P00322,view,2026-07-15 22:06:26
I0009312,U00493,P00252,view,2026-07-12 22:06:26
I0009313,U00210,P00355,view,2026-07-10 22:06:26
I0009314,U00780,P00408,view,2026-05-30 22:06:26
I0009315,U00065,P00031,cart,2026-07-06 22:06:26
I0009316,U00520,P00486,view,2026-08-17 22:06:26
I0009317,U00194,P00128,view,2026-05-26 22:06:26
I0009318,U00369,P00285,click,2026-06-08 22:06:26
I0009319,U00802,P00300,wishlist,2026-05-28 22:06:26
I0009320,U00819,P00027,view,2026-08-09 22:06:26
I0009321,U00301,P00424,wishlist,2026-06-22 22:06:26
I0009322,U00224,P00199,cart,2026-06-08 22:06:26
I0009323,U00211,P00119,click,2026-05-24 22:06:26
I0009324,U00629,P00470,view,2026-07-01 22:06:26
I0009325,U00342,P00372,wishlist,2026-05-20 22:06:26
I0009326,U00998,P00025,view,2026-06-29 22:06:26
I0009327,U00905,P00010,cart,2026-06-09 22:06:26
I0009328,U00720,P00212,view,2026-08-01 22:06:26
I0009329,U00298,P00341,view,2026-05-21 22:06:26
I0009330,U00083,P00195,view,2026-06-11 22:06:26
I0009331,U00614,P00472,click,2026-06-13 22:06:26
I0009332,U00154,P00451,wishlist,2026-06-01 22:06:26
I0009333,U00556,P00002,view,2026-05-29 22:06:26
I0009334,U00532,P00211,view,2026-05-21 22:06:26
I0009335,U00806,P00241,view,2026-07-17 22:06:26
I0009336,U00297,P00388,click,2026-06-15 22:06:26
I0009337,U00227,P00161,view,2026-06-02 22:06:26
I0009338,U00339,P00116,view,2026-07-11 22:06:26
I0009339,U00690,P00436,view,2026-08-14 22:06:26
I0009340,U00849,P00311,view,2026-06-27 22:06:26
I0009341,U00034,P00213,view,2026-06-07 22:06:26
I0009342,U00176,P00375,click,2026-07-23 22:06:26
I0009343,U00002,P00257,view,2026-07-28 22:06:26
I0009344,U00594,P00196,click,2026-05-20 22:06:26
I0009345,U00685,P00454,view,2026-06-30 22:06:26
I0009346,U00999,P00278,view,2026-07-13 22:06:26
I0009347,U00208,P00283,cart,2026-07-18 22:06:26
I0009348,U00071,P00383,view,2026-05-24 22:06:26
I0009349,U00564,P00235,view,2026-06-21 22:06:26
I0009350,U00262,P00227,click,2026-05-20 22:06:26
I0009351,U00205,P00266,purchase,2026-06-23 22:06:26
I0009352,U00400,P00460,cart,2026-08-10 22:06:26
I0009353,U00449,P00069,wishlist,2026-07-19 22:06:26
I0009354,U00354,P00148,view,2026-05-31 22:06:26
I0009355,U00099,P00406,view,2026-06-05 22:06:26
I0009356,U00341,P00192,click,2026-07-08 22:06:26
I0009357,U00233,P00250,view,2026-07-27 22:06:26
I0009358,U00889,P00111,click,2026-08-01 22:06:26
I0009359,U00449,P00366,wishlist,2026-07-14 22:06:26
I0009360,U00390,P00372,view,2026-08-06 22:06:26
I0009361,U00831,P00179,view,2026-07-15 22:06:26
I0009362,U00996,P00223,click,2026-07-26 22:06:26
I0009363,U00237,P00214,view,2026-07-22 22:06:26
I0009364,U00817,P00122,view,2026-05-24 22:06:26
I0009365,U00273,P00169,view,2026-06-09 22:06:26
I0009366,U00304,P00426,click,2026-06-11 22:06:26
I0009367,U00403,P00052,wishlist,2026-08-10 22:06:26
I0009368,U00061,P00376,click,2026-07-21 22:06:26
I0009369,U00999,P00333,view,2026-06-20 22:06:26
I0009370,U00016,P00354,click,2026-08-09 22:06:26
I0009371,U00186,P00008,view,2026-06-09 22:06:26
I0009372,U00773,P00163,click,2026-06-09 22:06:26
I0009373,U00595,P00244,click,2026-07-01 22:06:26
I0009374,U00016,P00087,view,2026-06-05 22:06:26
I0009375,U00378,P00498,click,2026-07-28 22:06:26
I0009376,U00718,P00368,click,2026-06-01 22:06:26
I0009377,U00444,P00455,purchase,2026-08-08 22:06:26
I0009378,U00562,P00374,view,2026-08-06 22:06:26
I0009379,U00432,P00016,click,2026-08-02 22:06:26
I0009380,U00277,P00351,view,2026-05-27 22:06:26
I0009381,U00841,P00186,cart,2026-05-25 22:06:26
I0009382,U00376,P00350,view,2026-05-21 22:06:26
I0009383,U00260,P00288,view,2026-06-19 22:06:26
I0009384,U00695,P00201,cart,2026-06-22 22:06:26
I0009385,U00705,P00475,click,2026-08-15 22:06:26
I0009386,U00404,P00370,wishlist,2026-05-23 22:06:26
I0009387,U00791,P00144,click,2026-06-29 22:06:26
I0009388,U00272,P00185,cart,2026-07-03 22:06:26
I0009389,U00199,P00453,click,2026-06-04 22:06:26
I0009390,U00066,P00222,purchase,2026-07-03 22:06:26
I0009391,U00701,P00118,view,2026-06-04 22:06:26
I0009392,U00508,P00236,view,2026-08-08 22:06:26
I0009393,U00288,P00268,cart,2026-08-10 22:06:26
I0009394,U00506,P00465,view,2026-07-25 22:06:26
I0009395,U00538,P00141,view,2026-08-14 22:06:26
I0009396,U00330,P00353,click,2026-08-12 22:06:26
I0009397,U00430,P00357,cart,2026-06-17 22:06:26
I0009398,U00045,P00489,view,2026-06-10 22:06:26
I0009399,U00287,P00087,view,2026-06-19 22:06:26
I0009400,U00948,P00402,view,2026-06-01 22:06:26
I0009401,U00805,P00279,view,2026-08-11 22:06:26
I0009402,U00854,P00236,click,2026-06-17 22:06:26
I0009403,U00788,P00141,purchase,2026-07-04 22:06:26
I0009404,U00435,P00240,click,2026-06-03 22:06:26
I0009405,U00133,P00425,purchase,2026-06-14 22:06:26
I0009406,U00775,P00122,view,2026-07-05 22:06:26
I0009407,U00821,P00186,click,2026-05-22 22:06:26
I0009408,U00226,P00361,wishlist,2026-06-20 22:06:26
I0009409,U00766,P00122,view,2026-08-16 22:06:26
I0009410,U00348,P00489,click,2026-07-27 22:06:26
I0009411,U00779,P00404,wishlist,2026-07-31 22:06:26
I0009412,U00628,P00455,view,2026-05-29 22:06:26
I0009413,U00865,P00085,view,2026-07-08 22:06:26
I0009414,U00492,P00196,view,2026-08-16 22:06:26
I0009415,U00433,P00039,cart,2026-07-08 22:06:26
I0009416,U00475,P00373,view,2026-06-03 22:06:26
I0009417,U00832,P00210,purchase,2026-07-15 22:06:26
I0009418,U00460,P00407,view,2026-05-28 22:06:26
I0009419,U00272,P00358,view,2026-07-25 22:06:26
I0009420,U00210,P00368,view,2026-05-28 22:06:26
I0009421,U00733,P00275,purchase,2026-07-11 22:06:26
I0009422,U00089,P00380,view,2026-06-09 22:06:26
I0009423,U00463,P00062,view,2026-07-21 22:06:26
I0009424,U00861,P00377,cart,2026-07-04 22:06:26
I0009425,U00899,P00147,view,2026-06-28 22:06:26
I0009426,U00276,P00045,click,2026-06-25 22:06:26
I0009427,U00601,P00499,click,2026-05-21 22:06:26
I0009428,U00747,P00370,view,2026-08-18 22:06:26
I0009429,U00463,P00428,view,2026-07-12 22:06:26
I0009430,U00427,P00214,view,2026-07-30 22:06:26
I0009431,U00275,P00077,view,2026-06-10 22:06:26
I0009432,U00302,P00381,view,2026-08-03 22:06:26
I0009433,U00144,P00191,view,2026-08-07 22:06:26
I0009434,U00064,P00416,cart,2026-08-04 22:06:26
I0009435,U00803,P00418,view,2026-06-03 22:06:26
I0009436,U00769,P00261,view,2026-05-27 22:06:26
I0009437,U00810,P00351,view,2026-05-25 22:06:26
I0009438,U00977,P00124,view,2026-07-26 22:06:26
I0009439,U00178,P00016,view,2026-08-02 22:06:26
I0009440,U00998,P00457,click,2026-08-12 22:06:26
I0009441,U00286,P00162,view,2026-08-03 22:06:26
I0009442,U00801,P00418,click,2026-07-08 22:06:26
I0009443,U00222,P00479,view,2026-07-15 22:06:26
I0009444,U00203,P00161,wishlist,2026-06-03 22:06:26
I0009445,U00117,P00236,click,2026-07-18 22:06:26
I0009446,U00544,P00061,wishlist,2026-07-13 22:06:26
I0009447,U00918,P00402,view,2026-06-16 22:06:26
I0009448,U00672,P00248,view,2026-08-12 22:06:26
I0009449,U00522,P00111,wishlist,2026-06-24 22:06:26
I0009450,U00669,P00218,click,2026-06-02 22:06:26
I0009451,U00224,P00016,view,2026-06-29 22:06:26
I0009452,U00789,P00284,view,2026-08-03 22:06:26
I0009453,U00550,P00229,click,2026-07-18 22:06:26
I0009454,U00214,P00212,view,2026-07-15 22:06:26
I0009455,U00396,P00430,click,2026-07-21 22:06:26
I0009456,U00031,P00113,purchase,2026-06-19 22:06:26
I0009457,U00043,P00146,click,2026-06-28 22:06:26
I0009458,U00183,P00359,click,2026-06-21 22:06:26
I0009459,U00658,P00165,cart,2026-07-24 22:06:26
I0009460,U00960,P00118,view,2026-05-22 22:06:26
I0009461,U00429,P00277,click,2026-06-06 22:06:26
I0009462,U00490,P00278,cart,2026-06-02 22:06:26
I0009463,U00628,P00406,view,2026-08-12 22:06:26
I0009464,U00518,P00138,view,2026-07-22 22:06:26
I0009465,U00831,P00299,view,2026-05-30 22:06:26
I0009466,U00753,P00382,view,2026-05-28 22:06:26
I0009467,U00525,P00388,click,2026-07-26 22:06:26
I0009468,U00570,P00200,view,2026-06-30 22:06:26
I0009469,U00472,P00052,view,2026-07-20 22:06:26
I0009470,U00494,P00151,view,2026-07-04 22:06:26
I0009471,U00009,P00337,view,2026-06-24 22:06:26
I0009472,U00121,P00343,view,2026-08-14 22:06:26
I0009473,U00093,P00205,view,2026-07-20 22:06:26
I0009474,U00910,P00367,click,2026-07-22 22:06:26
I0009475,U00975,P00225,purchase,2026-07-07 22:06:26
I0009476,U00885,P00319,cart,2026-06-16 22:06:26
I0009477,U00650,P00087,view,2026-06-22 22:06:26
I0009478,U00805,P00058,purchase,2026-05-21 22:06:26
I0009479,U00611,P00127,click,2026-07-03 22:06:26
I0009480,U00130,P00369,click,2026-06-07 22:06:26
I0009481,U00612,P00222,click,2026-05-31 22:06:26
I0009482,U00323,P00322,click,2026-05-21 22:06:26
I0009483,U00252,P00093,view,2026-07-29 22:06:26
I0009484,U00509,P00467,view,2026-07-29 22:06:26
I0009485,U00384,P00332,click,2026-05-31 22:06:26
I0009486,U00431,P00088,view,2026-06-21 22:06:26
I0009487,U00283,P00099,purchase,2026-08-10 22:06:26
I0009488,U00644,P00301,view,2026-08-03 22:06:26
I0009489,U00478,P00176,wishlist,2026-07-15 22:06:26
I0009490,U00073,P00259,wishlist,2026-05-23 22:06:26
I0009491,U00088,P00493,purchase,2026-06-23 22:06:26
I0009492,U00265,P00122,view,2026-06-13 22:06:26
I0009493,U00878,P00011,cart,2026-06-20 22:06:26
I0009494,U00873,P00447,view,2026-06-24 22:06:26
I0009495,U00464,P00252,purchase,2026-08-10 22:06:26
I0009496,U00498,P00050,view,2026-08-02 22:06:26
I0009497,U00772,P00134,view,2026-08-17 22:06:26
I0009498,U00034,P00049,click,2026-08-09 22:06:26
I0009499,U00948,P00323,view,2026-07-13 22:06:26
I0009500,U00547,P00411,click,2026-08-06 22:06:26
I0009501,U00031,P00030,click,2026-06-18 22:06:26
I0009502,U00698,P00124,click,2026-08-14 22:06:26
I0009503,U00241,P00252,view,2026-07-13 22:06:26
I0009504,U00309,P00155,click,2026-08-16 22:06:26
I0009505,U00852,P00471,click,2026-08-06 22:06:26
I0009506,U00487,P00380,cart,2026-05-27 22:06:26
I0009507,U00620,P00136,click,2026-05-28 22:06:26
I0009508,U00441,P00203,click,2026-07-01 22:06:26
I0009509,U00992,P00062,view,2026-05-28 22:06:26
I0009510,U00971,P00118,click,2026-05-27 22:06:26
I0009511,U00394,P00085,cart,2026-08-11 22:06:26
I0009512,U00030,P00380,view,2026-07-11 22:06:26
I0009513,U00487,P00294,view,2026-05-22 22:06:26
I0009514,U00753,P00233,click,2026-08-09 22:06:26
I0009515,U00531,P00207,view,2026-05-29 22:06:26
I0009516,U00557,P00496,view,2026-06-12 22:06:26
I0009517,U00563,P00222,view,2026-08-07 22:06:26
I0009518,U00876,P00116,view,2026-06-12 22:06:26
I0009519,U00298,P00169,view,2026-07-10 22:06:26
I0009520,U00614,P00104,view,2026-06-15 22:06:26
I0009521,U00605,P00150,view,2026-07-29 22:06:26
I0009522,U00568,P00088,wishlist,2026-05-26 22:06:26
I0009523,U00867,P00043,view,2026-07-05 22:06:26
I0009524,U00960,P00069,click,2026-06-24 22:06:26
I0009525,U00475,P00275,purchase,2026-06-27 22:06:26
I0009526,U00781,P00454,click,2026-06-08 22:06:26
I0009527,U00059,P00161,purchase,2026-06-10 22:06:26
I0009528,U00481,P00498,view,2026-08-04 22:06:26
I0009529,U00468,P00085,view,2026-06-03 22:06:26
I0009530,U00868,P00397,view,2026-08-06 22:06:26
I0009531,U00953,P00476,view,2026-06-19 22:06:26
I0009532,U00525,P00152,wishlist,2026-05-23 22:06:26
I0009533,U00718,P00158,view,2026-07-10 22:06:26
I0009534,U00867,P00270,view,2026-06-11 22:06:26
I0009535,U00475,P00365,view,2026-08-08 22:06:26
I0009536,U00544,P00349,purchase,2026-06-09 22:06:26
I0009537,U00872,P00319,cart,2026-06-25 22:06:26
I0009538,U00767,P00322,click,2026-08-13 22:06:26
I0009539,U00253,P00341,cart,2026-06-20 22:06:26
I0009540,U00756,P00110,view,2026-07-14 22:06:26
I0009541,U00780,P00131,click,2026-07-28 22:06:26
I0009542,U00306,P00397,view,2026-06-10 22:06:26
I0009543,U00458,P00462,click,2026-07-31 22:06:26
I0009544,U00474,P00061,wishlist,2026-08-13 22:06:26
I0009545,U00962,P00052,click,2026-07-24 22:06:26
I0009546,U00539,P00384,cart,2026-07-09 22:06:26
I0009547,U00931,P00239,view,2026-05-28 22:06:26
I0009548,U00610,P00093,view,2026-07-24 22:06:26
I0009549,U00487,P00440,view,2026-06-21 22:06:26
I0009550,U00138,P00441,wishlist,2026-06-13 22:06:26
I0009551,U00936,P00275,view,2026-06-28 22:06:26
I0009552,U00015,P00124,view,2026-06-19 22:06:26
I0009553,U00224,P00409,wishlist,2026-07-29 22:06:26
I0009554,U00704,P00131,click,2026-05-28 22:06:26
I0009555,U00628,P00295,view,2026-07-12 22:06:26
I0009556,U00665,P00489,view,2026-07-27 22:06:26
I0009557,U00506,P00174,view,2026-06-12 22:06:26
I0009558,U00107,P00255,click,2026-06-24 22:06:26
I0009559,U00051,P00044,view,2026-07-22 22:06:26
I0009560,U00968,P00217,view,2026-07-05 22:06:26
I0009561,U00134,P00373,view,2026-07-29 22:06:26
I0009562,U00662,P00447,wishlist,2026-06-04 22:06:26
I0009563,U00823,P00096,click,2026-06-17 22:06:26
I0009564,U00083,P00207,view,2026-06-07 22:06:26
I0009565,U00619,P00125,view,2026-05-29 22:06:26
I0009566,U00118,P00484,click,2026-07-16 22:06:26
I0009567,U00387,P00071,view,2026-06-25 22:06:26
I0009568,U00808,P00320,view,2026-07-26 22:06:26
I0009569,U00662,P00027,click,2026-06-03 22:06:26
I0009570,U00863,P00134,click,2026-07-05 22:06:26
I0009571,U00267,P00072,view,2026-06-17 22:06:26
I0009572,U00681,P00154,click,2026-06-16 22:06:26
I0009573,U00847,P00476,click,2026-06-23 22:06:26
I0009574,U00129,P00469,cart,2026-07-12 22:06:26
I0009575,U00384,P00342,view,2026-06-01 22:06:26
I0009576,U00685,P00462,view,2026-07-03 22:06:26
I0009577,U00842,P00244,view,2026-07-18 22:06:26
I0009578,U00366,P00099,click,2026-06-29 22:06:26
I0009579,U00032,P00441,view,2026-08-07 22:06:26
I0009580,U00236,P00409,click,2026-07-10 22:06:26
I0009581,U00178,P00167,click,2026-08-12 22:06:26
I0009582,U00201,P00366,view,2026-06-14 22:06:26
I0009583,U00051,P00053,view,2026-06-13 22:06:26
I0009584,U00730,P00121,view,2026-06-16 22:06:26
I0009585,U00917,P00110,click,2026-05-22 22:06:26
I0009586,U00448,P00345,cart,2026-08-17 22:06:26
I0009587,U00656,P00308,view,2026-05-25 22:06:26
I0009588,U00030,P00070,view,2026-08-18 22:06:26
I0009589,U00358,P00005,click,2026-05-29 22:06:26
I0009590,U00697,P00330,view,2026-06-22 22:06:26
I0009591,U00847,P00333,view,2026-06-14 22:06:26
I0009592,U00600,P00181,purchase,2026-06-13 22:06:26
I0009593,U00478,P00473,view,2026-06-13 22:06:26
I0009594,U00883,P00341,view,2026-06-07 22:06:26
I0009595,U00811,P00350,click,2026-05-31 22:06:26
I0009596,U00856,P00319,view,2026-05-27 22:06:26
I0009597,U00335,P00309,view,2026-06-06 22:06:26
I0009598,U00482,P00193,view,2026-07-19 22:06:26
I0009599,U00558,P00317,cart,2026-08-18 22:06:26
I0009600,U00721,P00341,click,2026-07-04 22:06:26
I0009601,U00890,P00265,cart,2026-08-03 22:06:26
I0009602,U00563,P00417,wishlist,2026-07-26 22:06:26
I0009603,U00949,P00377,wishlist,2026-06-27 22:06:26
I0009604,U00019,P00332,view,2026-06-09 22:06:26
I0009605,U00266,P00285,wishlist,2026-05-26 22:06:26
I0009606,U00488,P00123,view,2026-07-20 22:06:26
I0009607,U00543,P00316,view,2026-07-05 22:06:26
I0009608,U00212,P00077,click,2026-07-13 22:06:26
I0009609,U00714,P00187,wishlist,2026-07-08 22:06:26
I0009610,U00032,P00292,click,2026-07-28 22:06:26
I0009611,U00885,P00363,click,2026-08-14 22:06:26
I0009612,U00533,P00417,view,2026-07-18 22:06:26
I0009613,U00969,P00484,view,2026-07-14 22:06:26
I0009614,U00075,P00441,view,2026-07-30 22:06:26
I0009615,U00205,P00398,view,2026-07-25 22:06:26
I0009616,U00442,P00006,click,2026-08-13 22:06:26
I0009617,U00655,P00248,view,2026-07-18 22:06:26
I0009618,U00140,P00231,view,2026-07-12 22:06:26
I0009619,U00242,P00418,view,2026-05-23 22:06:26
I0009620,U00894,P00201,cart,2026-07-12 22:06:26
I0009621,U00671,P00301,view,2026-06-26 22:06:26
I0009622,U00440,P00438,click,2026-06-01 22:06:26
I0009623,U00541,P00146,view,2026-06-15 22:06:26
I0009624,U00591,P00234,view,2026-08-12 22:06:26
I0009625,U00327,P00405,click,2026-06-14 22:06:26
I0009626,U00444,P00331,view,2026-05-29 22:06:26
I0009627,U00181,P00364,click,2026-07-20 22:06:26
I0009628,U00036,P00293,view,2026-05-22 22:06:26
I0009629,U00283,P00006,click,2026-05-20 22:06:26
I0009630,U00585,P00399,view,2026-08-06 22:06:26
I0009631,U00943,P00113,wishlist,2026-06-28 22:06:26
I0009632,U00974,P00458,click,2026-06-28 22:06:26
I0009633,U00802,P00463,wishlist,2026-07-01 22:06:26
I0009634,U00636,P00176,cart,2026-05-30 22:06:26
I0009635,U00018,P00385,wishlist,2026-05-20 22:06:26
I0009636,U00332,P00083,wishlist,2026-06-02 22:06:26
I0009637,U00253,P00427,view,2026-05-31 22:06:26
I0009638,U00050,P00201,wishlist,2026-06-02 22:06:26
I0009639,U00362,P00287,view,2026-05-23 22:06:26
I0009640,U00625,P00010,cart,2026-07-18 22:06:26
I0009641,U00651,P00462,cart,2026-06-12 22:06:26
I0009642,U00724,P00308,view,2026-06-01 22:06:26
I0009643,U00437,P00295,cart,2026-07-09 22:06:26
I0009644,U00470,P00337,click,2026-07-19 22:06:26
I0009645,U00552,P00442,view,2026-07-15 22:06:26
I0009646,U00469,P00378,view,2026-08-14 22:06:26
I0009647,U00037,P00294,wishlist,2026-08-17 22:06:26
I0009648,U00840,P00053,view,2026-07-30 22:06:26
I0009649,U00424,P00246,cart,2026-07-08 22:06:26
I0009650,U00512,P00192,click,2026-07-17 22:06:26
I0009651,U00149,P00011,view,2026-06-09 22:06:26
I0009652,U00700,P00227,wishlist,2026-06-12 22:06:26
I0009653,U00911,P00241,view,2026-06-30 22:06:26
I0009654,U00006,P00100,cart,2026-06-20 22:06:26
I0009655,U00792,P00122,view,2026-06-01 22:06:26
I0009656,U00037,P00441,wishlist,2026-08-07 22:06:26
I0009657,U00327,P00074,purchase,2026-07-20 22:06:26
I0009658,U00178,P00138,view,2026-08-14 22:06:26
I0009659,U00471,P00160,view,2026-07-21 22:06:26
I0009660,U00678,P00361,view,2026-05-24 22:06:26
I0009661,U00777,P00042,view,2026-07-01 22:06:26
I0009662,U00238,P00409,view,2026-07-08 22:06:26
I0009663,U00665,P00469,click,2026-06-23 22:06:26
I0009664,U00068,P00384,click,2026-06-01 22:06:26
I0009665,U00085,P00304,view,2026-07-12 22:06:26
I0009666,U00179,P00020,click,2026-05-26 22:06:26
I0009667,U00298,P00221,wishlist,2026-06-22 22:06:26
I0009668,U00204,P00340,click,2026-07-06 22:06:26
I0009669,U00942,P00167,click,2026-08-08 22:06:26
I0009670,U00051,P00499,view,2026-08-17 22:06:26
I0009671,U00263,P00107,view,2026-05-24 22:06:26
I0009672,U00124,P00245,view,2026-06-24 22:06:26
I0009673,U00823,P00210,wishlist,2026-07-02 22:06:26
I0009674,U00161,P00207,click,2026-07-04 22:06:26
I0009675,U00269,P00009,click,2026-06-12 22:06:26
I0009676,U00393,P00002,view,2026-06-15 22:06:26
I0009677,U00583,P00314,view,2026-08-07 22:06:26
I0009678,U00214,P00154,view,2026-08-04 22:06:26
I0009679,U00302,P00312,click,2026-06-26 22:06:26
I0009680,U00773,P00257,click,2026-07-21 22:06:26
I0009681,U00740,P00096,view,2026-08-02 22:06:26
I0009682,U00026,P00171,cart,2026-06-21 22:06:26
I0009683,U00156,P00308,wishlist,2026-07-11 22:06:26
I0009684,U00952,P00440,click,2026-08-16 22:06:26
I0009685,U00667,P00119,view,2026-06-15 22:06:26
I0009686,U00727,P00188,click,2026-06-19 22:06:26
I0009687,U00713,P00233,click,2026-06-11 22:06:26
I0009688,U00210,P00018,cart,2026-07-02 22:06:26
I0009689,U00320,P00111,click,2026-08-05 22:06:26
I0009690,U00624,P00322,click,2026-06-06 22:06:26
I0009691,U00400,P00035,wishlist,2026-05-25 22:06:26
I0009692,U00997,P00448,view,2026-05-30 22:06:26
I0009693,U00397,P00306,click,2026-07-15 22:06:26
I0009694,U00934,P00278,view,2026-06-25 22:06:26
I0009695,U00604,P00354,cart,2026-08-01 22:06:26
I0009696,U00256,P00456,view,2026-06-04 22:06:26
I0009697,U00745,P00130,cart,2026-06-23 22:06:26
I0009698,U00096,P00059,view,2026-07-30 22:06:26
I0009699,U00412,P00174,view,2026-05-27 22:06:26
I0009700,U00784,P00469,view,2026-06-14 22:06:26
I0009701,U00924,P00314,view,2026-05-21 22:06:26
I0009702,U00410,P00271,cart,2026-06-18 22:06:26
I0009703,U00252,P00055,click,2026-05-24 22:06:26
I0009704,U00181,P00352,click,2026-07-30 22:06:26
I0009705,U00591,P00335,cart,2026-08-05 22:06:26
I0009706,U00406,P00162,purchase,2026-05-24 22:06:26
I0009707,U00198,P00114,cart,2026-06-23 22:06:26
I0009708,U00662,P00034,click,2026-05-23 22:06:26
I0009709,U00033,P00120,view,2026-07-25 22:06:26
I0009710,U00681,P00287,view,2026-07-14 22:06:26
I0009711,U00945,P00286,view,2026-06-08 22:06:26
I0009712,U00517,P00370,click,2026-06-26 22:06:26
I0009713,U00429,P00255,purchase,2026-06-01 22:06:26
I0009714,U00173,P00403,purchase,2026-07-01 22:06:26
I0009715,U00151,P00352,click,2026-07-18 22:06:26
I0009716,U00657,P00088,view,2026-08-05 22:06:26
I0009717,U00287,P00248,click,2026-08-03 22:06:26
I0009718,U00031,P00045,view,2026-08-07 22:06:26
I0009719,U00022,P00139,view,2026-07-13 22:06:26
I0009720,U00886,P00220,view,2026-07-22 22:06:26
I0009721,U00449,P00133,click,2026-06-02 22:06:26
I0009722,U00747,P00256,view,2026-06-23 22:06:26
I0009723,U00202,P00441,click,2026-08-14 22:06:26
I0009724,U00452,P00387,view,2026-08-09 22:06:26
I0009725,U00972,P00384,click,2026-07-17 22:06:26
I0009726,U00504,P00058,purchase,2026-07-08 22:06:26
I0009727,U00829,P00411,view,2026-07-16 22:06:26
I0009728,U00853,P00044,wishlist,2026-07-28 22:06:26
I0009729,U00961,P00232,purchase,2026-08-01 22:06:26
I0009730,U00855,P00107,purchase,2026-06-01 22:06:26
I0009731,U00624,P00004,cart,2026-06-02 22:06:26
I0009732,U00654,P00177,click,2026-05-27 22:06:26
I0009733,U00258,P00234,view,2026-06-10 22:06:26
I0009734,U00479,P00291,wishlist,2026-05-28 22:06:26
I0009735,U00793,P00150,click,2026-06-18 22:06:26
I0009736,U00524,P00414,wishlist,2026-05-24 22:06:26
I0009737,U00049,P00441,view,2026-08-16 22:06:26
I0009738,U00854,P00128,view,2026-07-01 22:06:26
I0009739,U00346,P00364,cart,2026-08-12 22:06:26
I0009740,U00403,P00183,view,2026-06-10 22:06:26
I0009741,U00004,P00344,cart,2026-06-12 22:06:26
I0009742,U00744,P00497,purchase,2026-05-22 22:06:26
I0009743,U00980,P00457,view,2026-06-27 22:06:26
I0009744,U00320,P00268,view,2026-05-27 22:06:26
I0009745,U00595,P00215,click,2026-07-08 22:06:26
I0009746,U00682,P00390,view,2026-07-01 22:06:26
I0009747,U00726,P00253,click,2026-06-08 22:06:26
I0009748,U00365,P00476,view,2026-06-17 22:06:26
I0009749,U00792,P00137,view,2026-07-19 22:06:26
I0009750,U00076,P00201,view,2026-06-27 22:06:26
I0009751,U00387,P00265,cart,2026-06-15 22:06:26
I0009752,U00150,P00351,view,2026-06-19 22:06:26
I0009753,U00227,P00331,view,2026-08-04 22:06:26
I0009754,U00977,P00022,click,2026-06-15 22:06:26
I0009755,U00725,P00241,cart,2026-06-16 22:06:26
I0009756,U00468,P00254,click,2026-07-13 22:06:26
I0009757,U00680,P00479,view,2026-07-18 22:06:26
I0009758,U00580,P00081,click,2026-07-30 22:06:26
I0009759,U00207,P00454,click,2026-06-20 22:06:26
I0009760,U00811,P00471,cart,2026-06-08 22:06:26
I0009761,U00594,P00278,view,2026-06-29 22:06:26
I0009762,U00964,P00137,cart,2026-07-30 22:06:26
I0009763,U00582,P00268,view,2026-07-29 22:06:26
I0009764,U00930,P00126,purchase,2026-08-06 22:06:26
I0009765,U00084,P00340,click,2026-08-06 22:06:26
I0009766,U00226,P00150,view,2026-08-13 22:06:26
I0009767,U00188,P00207,view,2026-07-01 22:06:26
I0009768,U00865,P00383,click,2026-07-10 22:06:26
I0009769,U00756,P00434,cart,2026-08-09 22:06:26
I0009770,U00387,P00265,view,2026-08-07 22:06:26
I0009771,U00423,P00378,cart,2026-08-04 22:06:26
I0009772,U00805,P00381,cart,2026-07-28 22:06:26
I0009773,U00222,P00441,click,2026-07-21 22:06:26
I0009774,U00638,P00097,wishlist,2026-06-24 22:06:26
I0009775,U00489,P00479,click,2026-07-24 22:06:26
I0009776,U00593,P00326,click,2026-05-29 22:06:26
I0009777,U00201,P00192,click,2026-07-12 22:06:26
I0009778,U00793,P00474,purchase,2026-05-27 22:06:26
I0009779,U00331,P00291,cart,2026-08-10 22:06:26
I0009780,U00298,P00056,purchase,2026-07-26 22:06:26
I0009781,U00965,P00368,click,2026-08-13 22:06:26
I0009782,U00097,P00494,click,2026-07-13 22:06:26
I0009783,U00477,P00231,wishlist,2026-06-13 22:06:26
I0009784,U00463,P00411,view,2026-08-12 22:06:26
I0009785,U00667,P00144,view,2026-08-05 22:06:26
I0009786,U00229,P00037,view,2026-07-31 22:06:26
I0009787,U00585,P00039,view,2026-06-03 22:06:26
I0009788,U00479,P00156,cart,2026-07-21 22:06:26
I0009789,U00466,P00131,view,2026-06-07 22:06:26
I0009790,U00750,P00001,view,2026-06-24 22:06:26
I0009791,U00548,P00076,cart,2026-07-25 22:06:26
I0009792,U00141,P00302,view,2026-07-10 22:06:26
I0009793,U00641,P00367,view,2026-06-09 22:06:26
I0009794,U00251,P00327,click,2026-05-23 22:06:26
I0009795,U00121,P00192,click,2026-06-13 22:06:26
I0009796,U00671,P00319,view,2026-08-11 22:06:26
I0009797,U00170,P00457,cart,2026-08-08 22:06:26
I0009798,U00301,P00490,click,2026-06-03 22:06:26
I0009799,U00915,P00193,view,2026-07-02 22:06:26
I0009800,U00283,P00489,purchase,2026-07-23 22:06:26
I0009801,U00112,P00212,view,2026-06-12 22:06:26
I0009802,U00922,P00383,view,2026-07-22 22:06:26
I0009803,U00503,P00110,click,2026-06-05 22:06:26
I0009804,U00458,P00419,view,2026-05-27 22:06:26
I0009805,U00710,P00283,click,2026-05-21 22:06:26
I0009806,U00853,P00360,view,2026-06-16 22:06:26
I0009807,U00418,P00197,cart,2026-06-16 22:06:26
I0009808,U00867,P00068,view,2026-08-07 22:06:26
I0009809,U00859,P00317,view,2026-07-06 22:06:26
I0009810,U00819,P00141,view,2026-07-17 22:06:26
I0009811,U00461,P00117,purchase,2026-07-14 22:06:26
I0009812,U00701,P00164,click,2026-05-21 22:06:26
I0009813,U00309,P00046,click,2026-06-04 22:06:26
I0009814,U00955,P00165,click,2026-07-05 22:06:26
I0009815,U00775,P00084,click,2026-08-14 22:06:26
I0009816,U00681,P00450,view,2026-06-19 22:06:26
I0009817,U00145,P00498,view,2026-05-21 22:06:26
I0009818,U00749,P00246,click,2026-05-31 22:06:26
I0009819,U00404,P00059,view,2026-06-21 22:06:26
I0009820,U00136,P00212,view,2026-08-10 22:06:26
I0009821,U00732,P00281,view,2026-05-28 22:06:26
I0009822,U00115,P00002,click,2026-06-02 22:06:26
I0009823,U00013,P00042,view,2026-07-18 22:06:26
I0009824,U00586,P00116,cart,2026-05-28 22:06:26
I0009825,U00223,P00170,view,2026-08-06 22:06:26
I0009826,U00210,P00089,view,2026-07-11 22:06:26
I0009827,U00971,P00464,view,2026-07-06 22:06:26
I0009828,U00405,P00197,wishlist,2026-06-13 22:06:26
I0009829,U00861,P00357,view,2026-07-22 22:06:26
I0009830,U00033,P00226,view,2026-07-05 22:06:26
I0009831,U00962,P00288,wishlist,2026-07-24 22:06:26
I0009832,U00229,P00194,view,2026-07-19 22:06:26
I0009833,U00469,P00495,view,2026-08-03 22:06:26
I0009834,U00589,P00440,cart,2026-08-15 22:06:26
I0009835,U00502,P00319,wishlist,2026-08-01 22:06:26
I0009836,U00391,P00371,view,2026-06-02 22:06:26
I0009837,U00846,P00013,view,2026-06-23 22:06:26
I0009838,U00096,P00346,wishlist,2026-05-22 22:06:26
I0009839,U00623,P00465,wishlist,2026-08-02 22:06:26
I0009840,U00266,P00479,cart,2026-06-11 22:06:26
I0009841,U00913,P00346,cart,2026-06-29 22:06:26
I0009842,U00462,P00238,view,2026-06-18 22:06:26
I0009843,U00726,P00187,click,2026-07-27 22:06:26
I0009844,U00027,P00045,view,2026-08-01 22:06:26
I0009845,U00305,P00434,cart,2026-06-29 22:06:26
I0009846,U00381,P00262,view,2026-07-12 22:06:26
I0009847,U00812,P00166,view,2026-06-29 22:06:26
I0009848,U00765,P00479,purchase,2026-07-31 22:06:26
I0009849,U00723,P00443,cart,2026-06-10 22:06:26
I0009850,U00657,P00250,view,2026-07-20 22:06:26
I0009851,U00786,P00194,view,2026-05-22 22:06:26
I0009852,U00380,P00026,purchase,2026-07-07 22:06:26
I0009853,U00704,P00025,wishlist,2026-08-04 22:06:26
I0009854,U00448,P00480,click,2026-08-12 22:06:26
I0009855,U00040,P00483,click,2026-06-25 22:06:26
I0009856,U00719,P00340,wishlist,2026-08-07 22:06:26
I0009857,U00453,P00114,click,2026-07-07 22:06:26
I0009858,U00069,P00350,view,2026-05-31 22:06:26
I0009859,U00551,P00420,wishlist,2026-07-07 22:06:26
I0009860,U00769,P00238,wishlist,2026-06-10 22:06:26
I0009861,U00846,P00363,click,2026-08-10 22:06:26
I0009862,U00654,P00036,view,2026-06-20 22:06:26
I0009863,U00994,P00002,view,2026-06-05 22:06:26
I0009864,U00311,P00043,view,2026-08-12 22:06:26
I0009865,U00779,P00271,view,2026-05-30 22:06:26
I0009866,U00363,P00214,view,2026-07-25 22:06:26
I0009867,U00113,P00006,view,2026-06-20 22:06:26
I0009868,U00172,P00271,cart,2026-08-09 22:06:26
I0009869,U00994,P00053,click,2026-07-04 22:06:26
I0009870,U00474,P00048,view,2026-06-12 22:06:26
I0009871,U00904,P00167,view,2026-07-22 22:06:26
I0009872,U00409,P00112,click,2026-07-15 22:06:26
I0009873,U00909,P00041,view,2026-07-29 22:06:26
I0009874,U00850,P00106,cart,2026-07-03 22:06:26
I0009875,U00052,P00152,view,2026-06-27 22:06:26
I0009876,U00921,P00454,view,2026-05-28 22:06:26
I0009877,U00173,P00137,click,2026-07-23 22:06:26
I0009878,U00607,P00141,view,2026-06-09 22:06:26
I0009879,U00037,P00291,view,2026-07-28 22:06:26
I0009880,U00890,P00336,click,2026-08-09 22:06:26
I0009881,U00155,P00411,click,2026-06-13 22:06:26
I0009882,U00739,P00070,view,2026-07-14 22:06:26
I0009883,U00844,P00035,wishlist,2026-06-26 22:06:26
I0009884,U00927,P00034,view,2026-05-27 22:06:26
I0009885,U00738,P00181,cart,2026-08-11 22:06:26
I0009886,U00697,P00464,view,2026-06-26 22:06:26
I0009887,U00217,P00121,view,2026-07-28 22:06:26
I0009888,U00169,P00454,click,2026-06-09 22:06:26
I0009889,U00441,P00269,click,2026-05-31 22:06:26
I0009890,U00473,P00489,wishlist,2026-06-12 22:06:26
I0009891,U00546,P00430,view,2026-06-04 22:06:26
I0009892,U00587,P00412,click,2026-06-11 22:06:26
I0009893,U00985,P00333,view,2026-08-04 22:06:26
I0009894,U00532,P00448,view,2026-05-29 22:06:26
I0009895,U00269,P00318,wishlist,2026-08-16 22:06:26
I0009896,U00867,P00421,view,2026-07-04 22:06:26
I0009897,U00911,P00137,view,2026-05-24 22:06:26
I0009898,U00854,P00447,view,2026-06-05 22:06:26
I0009899,U00975,P00287,purchase,2026-05-26 22:06:26
I0009900,U00387,P00037,click,2026-08-07 22:06:26
I0009901,U00092,P00085,view,2026-07-11 22:06:26
I0009902,U00317,P00345,view,2026-07-28 22:06:26
I0009903,U00219,P00443,click,2026-05-26 22:06:26
I0009904,U00828,P00185,view,2026-08-11 22:06:26
I0009905,U00110,P00294,view,2026-06-02 22:06:26
I0009906,U00238,P00498,view,2026-06-30 22:06:26
I0009907,U00207,P00117,click,2026-06-10 22:06:26
I0009908,U00836,P00321,click,2026-08-12 22:06:26
I0009909,U00204,P00445,view,2026-05-24 22:06:26
I0009910,U00744,P00278,wishlist,2026-06-25 22:06:26
I0009911,U00652,P00300,view,2026-06-26 22:06:26
I0009912,U00381,P00380,view,2026-07-01 22:06:26
I0009913,U00758,P00357,click,2026-07-11 22:06:26
I0009914,U00040,P00033,purchase,2026-05-28 22:06:26
I0009915,U00734,P00330,click,2026-06-26 22:06:26
I0009916,U00386,P00129,click,2026-06-09 22:06:26
I0009917,U00420,P00283,cart,2026-05-24 22:06:26
I0009918,U00968,P00351,cart,2026-07-04 22:06:26
I0009919,U00325,P00054,wishlist,2026-07-03 22:06:26
I0009920,U00179,P00197,view,2026-06-09 22:06:26
I0009921,U00134,P00230,cart,2026-08-15 22:06:26
I0009922,U00739,P00083,view,2026-08-12 22:06:26
I0009923,U00457,P00430,click,2026-06-01 22:06:26
I0009924,U00534,P00359,click,2026-05-24 22:06:26
I0009925,U00944,P00175,view,2026-06-18 22:06:26
I0009926,U00107,P00465,wishlist,2026-06-29 22:06:26
I0009927,U00561,P00464,click,2026-06-15 22:06:26
I0009928,U00333,P00262,purchase,2026-08-06 22:06:26
I0009929,U00648,P00357,view,2026-07-31 22:06:26
I0009930,U00690,P00138,view,2026-08-18 22:06:26
I0009931,U00328,P00272,click,2026-06-22 22:06:26
I0009932,U00228,P00129,click,2026-07-13 22:06:26
I0009933,U00569,P00254,cart,2026-07-31 22:06:26
I0009934,U00042,P00240,view,2026-06-11 22:06:26
I0009935,U00302,P00389,view,2026-06-30 22:06:26
I0009936,U00208,P00147,click,2026-06-21 22:06:26
I0009937,U00388,P00391,view,2026-07-13 22:06:26
I0009938,U00267,P00306,cart,2026-08-06 22:06:26
I0009939,U00284,P00187,view,2026-07-27 22:06:26
I0009940,U00856,P00131,wishlist,2026-08-12 22:06:26
I0009941,U00426,P00113,click,2026-07-31 22:06:26
I0009942,U00070,P00247,view,2026-06-12 22:06:26
I0009943,U00203,P00446,view,2026-08-01 22:06:26
I0009944,U00317,P00172,view,2026-07-14 22:06:26
I0009945,U00378,P00366,view,2026-08-06 22:06:26
I0009946,U00052,P00018,view,2026-06-16 22:06:26
I0009947,U00236,P00097,click,2026-05-31 22:06:26
I0009948,U00678,P00152,cart,2026-06-16 22:06:26
I0009949,U00774,P00024,click,2026-07-26 22:06:26
I0009950,U00959,P00281,view,2026-06-25 22:06:26
I0009951,U00955,P00228,wishlist,2026-08-05 22:06:26
I0009952,U00759,P00221,cart,2026-06-06 22:06:26
I0009953,U00627,P00476,wishlist,2026-06-10 22:06:26
I0009954,U00650,P00339,wishlist,2026-07-13 22:06:26
I0009955,U00709,P00422,view,2026-07-27 22:06:26
I0009956,U00087,P00228,cart,2026-08-07 22:06:26
I0009957,U00740,P00399,view,2026-06-28 22:06:26
I0009958,U00938,P00030,click,2026-08-15 22:06:26
I0009959,U00677,P00149,click,2026-08-12 22:06:26
I0009960,U00093,P00309,view,2026-07-01 22:06:26
I0009961,U00158,P00242,click,2026-06-26 22:06:26
I0009962,U00254,P00402,cart,2026-07-23 22:06:26
I0009963,U00730,P00080,cart,2026-07-22 22:06:26
I0009964,U00667,P00455,click,2026-07-22 22:06:26
I0009965,U00792,P00110,click,2026-05-28 22:06:26
I0009966,U00909,P00213,view,2026-07-08 22:06:26
I0009967,U00548,P00115,wishlist,2026-06-30 22:06:26
I0009968,U00097,P00383,click,2026-05-28 22:06:26
I0009969,U00332,P00294,view,2026-07-30 22:06:26
I0009970,U00103,P00275,view,2026-06-25 22:06:26
I0009971,U00799,P00446,cart,2026-07-12 22:06:26
I0009972,U00718,P00073,view,2026-06-26 22:06:26
I0009973,U00144,P00236,click,2026-07-28 22:06:26
I0009974,U00014,P00148,view,2026-08-11 22:06:26
I0009975,U00342,P00293,view,2026-07-20 22:06:26
I0009976,U00610,P00415,wishlist,2026-06-14 22:06:26
I0009977,U00004,P00410,view,2026-08-05 22:06:26
I0009978,U00804,P00291,view,2026-07-18 22:06:26
I0009979,U00128,P00277,click,2026-07-26 22:06:26
I0009980,U00102,P00323,view,2026-06-08 22:06:26
I0009981,U00092,P00224,click,2026-07-06 22:06:26
I0009982,U00156,P00130,wishlist,2026-08-15 22:06:26
I0009983,U00752,P00363,wishlist,2026-06-15 22:06:26
I0009984,U00978,P00032,view,2026-06-07 22:06:26
I0009985,U00407,P00274,cart,2026-08-14 22:06:26
I0009986,U00839,P00234,view,2026-06-22 22:06:26
I0009987,U00611,P00215,view,2026-07-14 22:06:26
I0009988,U00328,P00003,view,2026-07-14 22:06:26
I0009989,U00294,P00173,click,2026-06-29 22:06:26
I0009990,U00241,P00264,view,2026-07-09 22:06:26
I0009991,U00492,P00078,view,2026-06-10 22:06:26
I0009992,U00634,P00150,view,2026-07-22 22:06:26
I0009993,U00086,P00100,view,2026-07-23 22:06:26
I0009994,U00572,P00195,click,2026-06-20 22:06:26
I0009995,U00580,P00164,wishlist,2026-07-16 22:06:26
I0009996,U00411,P00159,view,2026-08-14 22:06:26
I0009997,U00337,P00115,view,2026-05-27 22:06:26
I0009998,U00880,P00244,click,2026-08-08 22:06:26
I0009999,U00531,P00458,view,2026-05-20 22:06:26
I0010000,U00132,P00336,cart,2026-05-30 22:06:26
